id,customer_id,subscription_id,amount_paid,currency,status,invoice_date,period_start,period_end
in_000001_001,cus_000001,sub_000001,1918,usd,paid,2022-01-07,2022-01-01,2022-01-31
in_000002_001,cus_000002,sub_000002,1992,usd,paid,2022-01-25,2022-01-01,2022-01-31
in_000003_001,cus_000003,sub_000003,2000,usd,paid,2022-01-15,2022-01-01,2022-01-31
in_000004_001,cus_000004,sub_000004,2039,usd,paid,2022-01-13,2022-01-01,2022-01-31
in_000005_001,cus_000005,sub_000005,1976,usd,paid,2022-01-11,2022-01-01,2022-01-31
in_000005_002,cus_000005,sub_000005,2032,usd,paid,2022-02-11,2022-02-01,2022-02-28
in_000006_001,cus_000006,sub_000006,1918,usd,paid,2022-01-23,2022-01-01,2022-01-31
in_000006_002,cus_000006,sub_000006,2099,usd,paid,2022-02-23,2022-02-01,2022-02-28
in_000006_003,cus_000006,sub_000006,2052,usd,paid,2022-03-23,2022-03-01,2022-03-31
in_000007_001,cus_000007,sub_000007,2094,usd,paid,2022-01-23,2022-01-01,2022-01-31
in_000007_002,cus_000007,sub_000007,2050,usd,paid,2022-02-23,2022-02-01,2022-02-28
in_000007_003,cus_000007,sub_000007,1966,usd,paid,2022-03-23,2022-03-01,2022-03-31
in_000007_004,cus_000007,sub_000007,2100,usd,paid,2022-04-23,2022-04-01,2022-04-30
in_000007_005,cus_000007,sub_000007,1964,usd,paid,2022-05-23,2022-05-01,2022-05-31
in_000008_001,cus_000008,sub_000008,2016,usd,paid,2022-01-18,2022-01-01,2022-01-31
in_000008_002,cus_000008,sub_000008,2078,usd,paid,2022-02-18,2022-02-01,2022-02-28
in_000008_003,cus_000008,sub_000008,2056,usd,paid,2022-03-18,2022-03-01,2022-03-31
in_000008_004,cus_000008,sub_000008,2044,usd,paid,2022-04-18,2022-04-01,2022-04-30
in_000008_005,cus_000008,sub_000008,2055,usd,paid,2022-05-18,2022-05-01,2022-05-31
in_000008_006,cus_000008,sub_000008,1613,usd,paid,2022-06-18,2022-06-01,2022-06-30
in_000008_007,cus_000008,sub_000008,2002,usd,paid,2022-07-18,2022-07-01,2022-07-31
in_000009_001,cus_000009,sub_000009,1921,usd,paid,2022-01-22,2022-01-01,2022-01-31
in_000009_002,cus_000009,sub_000009,1940,usd,paid,2022-02-22,2022-02-01,2022-02-28
in_000009_003,cus_000009,sub_000009,2029,usd,paid,2022-03-22,2022-03-01,2022-03-31
in_000009_004,cus_000009,sub_000009,1443,usd,paid,2022-04-22,2022-04-01,2022-04-30
in_000009_005,cus_000009,sub_000009,2021,usd,paid,2022-05-22,2022-05-01,2022-05-31
in_000009_006,cus_000009,sub_000009,1946,usd,paid,2022-06-22,2022-06-01,2022-06-30
in_000009_007,cus_000009,sub_000009,2035,usd,paid,2022-07-22,2022-07-01,2022-07-31
in_000009_008,cus_000009,sub_000009,2061,usd,paid,2022-08-22,2022-08-01,2022-08-31
in_000009_009,cus_000009,sub_000009,2007,usd,paid,2022-09-22,2022-09-01,2022-09-30
in_000009_010,cus_000009,sub_000009,2069,usd,paid,2022-10-22,2022-10-01,2022-10-31
in_000009_011,cus_000009,sub_000009,1974,usd,paid,2022-11-22,2022-11-01,2022-11-30
in_000010_001,cus_000010,sub_000010,2079,usd,paid,2022-01-12,2022-01-01,2022-01-31
in_000010_002,cus_000010,sub_000010,2017,usd,paid,2022-02-12,2022-02-01,2022-02-28
in_000010_003,cus_000010,sub_000010,2047,usd,paid,2022-03-12,2022-03-01,2022-03-31
in_000010_004,cus_000010,sub_000010,2051,usd,paid,2022-04-12,2022-04-01,2022-04-30
in_000010_005,cus_000010,sub_000010,2079,usd,paid,2022-05-12,2022-05-01,2022-05-31
in_000010_006,cus_000010,sub_000010,2115,usd,paid,2022-06-12,2022-06-01,2022-06-30
in_000010_007,cus_000010,sub_000010,1943,usd,paid,2022-07-12,2022-07-01,2022-07-31
in_000010_008,cus_000010,sub_000010,2020,usd,paid,2022-08-12,2022-08-01,2022-08-31
in_000010_009,cus_000010,sub_000010,2119,usd,paid,2022-09-12,2022-09-01,2022-09-30
in_000010_010,cus_000010,sub_000010,2158,usd,paid,2022-10-12,2022-10-01,2022-10-31
in_000010_011,cus_000010,sub_000010,2077,usd,paid,2022-11-12,2022-11-01,2022-11-30
in_000010_012,cus_000010,sub_000010,2174,usd,paid,2022-12-12,2022-12-01,2022-12-31
in_000010_013,cus_000010,sub_000010,1997,usd,paid,2023-01-12,2023-01-01,2023-01-31
in_000010_014,cus_000010,sub_000010,2204,usd,paid,2023-02-12,2023-02-01,2023-02-28
in_000010_015,cus_000010,sub_000010,2161,usd,paid,2023-03-12,2023-03-01,2023-03-31
in_000010_016,cus_000010,sub_000010,2200,usd,paid,2023-04-12,2023-04-01,2023-04-30
in_000011_001,cus_000011,sub_000011,1963,usd,paid,2022-01-01,2022-01-01,2022-01-31
in_000011_002,cus_000011,sub_000011,2039,usd,paid,2022-02-01,2022-02-01,2022-02-28
in_000011_003,cus_000011,sub_000011,1931,usd,paid,2022-03-01,2022-03-01,2022-03-31
in_000011_004,cus_000011,sub_000011,1970,usd,paid,2022-04-01,2022-04-01,2022-04-30
in_000011_005,cus_000011,sub_000011,1972,usd,paid,2022-05-01,2022-05-01,2022-05-31
in_000011_006,cus_000011,sub_000011,2098,usd,paid,2022-06-01,2022-06-01,2022-06-30
in_000011_007,cus_000011,sub_000011,1971,usd,paid,2022-07-01,2022-07-01,2022-07-31
in_000011_008,cus_000011,sub_000011,2123,usd,paid,2022-08-01,2022-08-01,2022-08-31
in_000011_009,cus_000011,sub_000011,2016,usd,paid,2022-09-01,2022-09-01,2022-09-30
in_000011_010,cus_000011,sub_000011,2162,usd,paid,2022-10-01,2022-10-01,2022-10-31
in_000011_011,cus_000011,sub_000011,1708,usd,paid,2022-11-01,2022-11-01,2022-11-30
in_000011_012,cus_000011,sub_000011,2006,usd,paid,2022-12-01,2022-12-01,2022-12-31
in_000011_013,cus_000011,sub_000011,2013,usd,paid,2023-01-01,2023-01-01,2023-01-31
in_000011_014,cus_000011,sub_000011,2141,usd,paid,2023-02-01,2023-02-01,2023-02-28
in_000011_015,cus_000011,sub_000011,2045,usd,paid,2023-03-01,2023-03-01,2023-03-31
in_000011_016,cus_000011,sub_000011,2163,usd,paid,2023-04-01,2023-04-01,2023-04-30
in_000011_017,cus_000011,sub_000011,2047,usd,paid,2023-05-01,2023-05-01,2023-05-31
in_000011_018,cus_000011,sub_000011,2225,usd,paid,2023-06-01,2023-06-01,2023-06-30
in_000011_019,cus_000011,sub_000011,2100,usd,paid,2023-07-01,2023-07-01,2023-07-31
in_000011_020,cus_000011,sub_000011,2186,usd,paid,2023-08-01,2023-08-01,2023-08-31
in_000012_001,cus_000012,sub_000012,1957,usd,paid,2022-01-20,2022-01-01,2022-01-31
in_000012_002,cus_000012,sub_000012,1911,usd,paid,2022-02-20,2022-02-01,2022-02-28
in_000012_003,cus_000012,sub_000012,2039,usd,paid,2022-03-20,2022-03-01,2022-03-31
in_000012_004,cus_000012,sub_000012,1946,usd,paid,2022-04-20,2022-04-01,2022-04-30
in_000012_005,cus_000012,sub_000012,2119,usd,paid,2022-05-20,2022-05-01,2022-05-31
in_000012_006,cus_000012,sub_000012,2119,usd,paid,2022-06-20,2022-06-01,2022-06-30
in_000012_007,cus_000012,sub_000012,2030,usd,paid,2022-07-20,2022-07-01,2022-07-31
in_000012_008,cus_000012,sub_000012,1947,usd,paid,2022-08-20,2022-08-01,2022-08-31
in_000012_009,cus_000012,sub_000012,2123,usd,paid,2022-09-20,2022-09-01,2022-09-30
in_000012_010,cus_000012,sub_000012,2009,usd,paid,2022-10-20,2022-10-01,2022-10-31
in_000012_011,cus_000012,sub_000012,2096,usd,paid,2022-11-20,2022-11-01,2022-11-30
in_000012_012,cus_000012,sub_000012,2104,usd,paid,2022-12-20,2022-12-01,2022-12-31
in_000012_013,cus_000012,sub_000012,2066,usd,paid,2023-01-20,2023-01-01,2023-01-31
in_000012_014,cus_000012,sub_000012,2132,usd,paid,2023-02-20,2023-02-01,2023-02-28
in_000012_015,cus_000012,sub_000012,2099,usd,paid,2023-03-20,2023-03-01,2023-03-31
in_000012_016,cus_000012,sub_000012,2061,usd,paid,2023-04-20,2023-04-01,2023-04-30
in_000012_017,cus_000012,sub_000012,2193,usd,paid,2023-05-20,2023-05-01,2023-05-31
in_000012_018,cus_000012,sub_000012,2041,usd,paid,2023-06-20,2023-06-01,2023-06-30
in_000012_019,cus_000012,sub_000012,2066,usd,paid,2023-07-20,2023-07-01,2023-07-31
in_000012_020,cus_000012,sub_000012,2110,usd,paid,2023-08-20,2023-08-01,2023-08-31
in_000012_021,cus_000012,sub_000012,2250,usd,paid,2023-09-20,2023-09-01,2023-09-30
in_000012_022,cus_000012,sub_000012,2121,usd,paid,2023-10-20,2023-10-01,2023-10-31
in_000012_023,cus_000012,sub_000012,1860,usd,paid,2023-11-20,2023-11-01,2023-11-30
in_000012_024,cus_000012,sub_000012,2113,usd,paid,2023-12-20,2023-12-01,2023-12-31
in_000012_025,cus_000012,sub_000012,2208,usd,paid,2024-01-20,2024-01-01,2024-01-31
in_000012_026,cus_000012,sub_000012,2169,usd,paid,2024-02-20,2024-02-01,2024-02-29
in_000012_027,cus_000012,sub_000012,2198,usd,paid,2024-03-20,2024-03-01,2024-03-31
in_000012_028,cus_000012,sub_000012,1968,usd,paid,2024-04-20,2024-04-01,2024-04-30
in_000012_029,cus_000012,sub_000012,2147,usd,paid,2024-05-20,2024-05-01,2024-05-31
in_000012_030,cus_000012,sub_000012,2225,usd,paid,2024-06-20,2024-06-01,2024-06-30
in_000013_001,cus_000013,sub_000013,1910,usd,paid,2022-01-19,2022-01-01,2022-01-31
in_000013_002,cus_000013,sub_000013,2011,usd,paid,2022-02-19,2022-02-01,2022-02-28
in_000013_003,cus_000013,sub_000013,2079,usd,paid,2022-03-19,2022-03-01,2022-03-31
in_000013_004,cus_000013,sub_000013,2104,usd,paid,2022-04-19,2022-04-01,2022-04-30
in_000013_005,cus_000013,sub_000013,2094,usd,paid,2022-05-19,2022-05-01,2022-05-31
in_000013_006,cus_000013,sub_000013,2128,usd,paid,2022-06-19,2022-06-01,2022-06-30
in_000013_007,cus_000013,sub_000013,2094,usd,paid,2022-07-19,2022-07-01,2022-07-31
in_000013_008,cus_000013,sub_000013,2103,usd,paid,2022-08-19,2022-08-01,2022-08-31
in_000013_009,cus_000013,sub_000013,2063,usd,paid,2022-09-19,2022-09-01,2022-09-30
in_000013_010,cus_000013,sub_000013,2138,usd,paid,2022-10-19,2022-10-01,2022-10-31
in_000013_011,cus_000013,sub_000013,2050,usd,paid,2022-11-19,2022-11-01,2022-11-30
in_000013_012,cus_000013,sub_000013,2034,usd,paid,2022-12-19,2022-12-01,2022-12-31
in_000013_013,cus_000013,sub_000013,2087,usd,paid,2023-01-19,2023-01-01,2023-01-31
in_000013_014,cus_000013,sub_000013,2044,usd,paid,2023-02-19,2023-02-01,2023-02-28
in_000013_015,cus_000013,sub_000013,2081,usd,paid,2023-03-19,2023-03-01,2023-03-31
in_000013_016,cus_000013,sub_000013,2092,usd,paid,2023-04-19,2023-04-01,2023-04-30
in_000013_017,cus_000013,sub_000013,2082,usd,paid,2023-05-19,2023-05-01,2023-05-31
in_000013_018,cus_000013,sub_000013,2223,usd,paid,2023-06-19,2023-06-01,2023-06-30
in_000013_019,cus_000013,sub_000013,2105,usd,paid,2023-07-19,2023-07-01,2023-07-31
in_000013_020,cus_000013,sub_000013,2226,usd,paid,2023-08-19,2023-08-01,2023-08-31
in_000013_021,cus_000013,sub_000013,2225,usd,paid,2023-09-19,2023-09-01,2023-09-30
in_000013_022,cus_000013,sub_000013,2196,usd,paid,2023-10-19,2023-10-01,2023-10-31
in_000013_023,cus_000013,sub_000013,2227,usd,paid,2023-11-19,2023-11-01,2023-11-30
in_000013_024,cus_000013,sub_000013,2227,usd,paid,2023-12-19,2023-12-01,2023-12-31
in_000013_025,cus_000013,sub_000013,2108,usd,paid,2024-01-19,2024-01-01,2024-01-31
in_000013_026,cus_000013,sub_000013,2104,usd,paid,2024-02-19,2024-02-01,2024-02-29
in_000013_027,cus_000013,sub_000013,2105,usd,paid,2024-03-19,2024-03-01,2024-03-31
in_000013_028,cus_000013,sub_000013,2121,usd,paid,2024-04-19,2024-04-01,2024-04-30
in_000013_029,cus_000013,sub_000013,2272,usd,paid,2024-05-19,2024-05-01,2024-05-31
in_000013_030,cus_000013,sub_000013,2272,usd,paid,2024-06-19,2024-06-01,2024-06-30
in_000013_031,cus_000013,sub_000013,2312,usd,paid,2024-07-19,2024-07-01,2024-07-31
in_000013_032,cus_000013,sub_000013,2238,usd,paid,2024-08-19,2024-08-01,2024-08-31
in_000013_033,cus_000013,sub_000013,2248,usd,paid,2024-09-19,2024-09-01,2024-09-30
in_000013_034,cus_000013,sub_000013,2241,usd,paid,2024-10-19,2024-10-01,2024-10-31
in_000013_035,cus_000013,sub_000013,2223,usd,paid,2024-11-19,2024-11-01,2024-11-30
in_000013_036,cus_000013,sub_000013,2294,usd,paid,2024-12-19,2024-12-01,2024-12-31
in_000013_037,cus_000013,sub_000013,2237,usd,paid,2025-01-19,2025-01-01,2025-01-31
in_000013_038,cus_000013,sub_000013,2339,usd,paid,2025-02-19,2025-02-01,2025-02-28
in_000013_039,cus_000013,sub_000013,2159,usd,paid,2025-03-19,2025-03-01,2025-03-31
in_000013_040,cus_000013,sub_000013,2284,usd,paid,2025-04-19,2025-04-01,2025-04-30
in_000013_041,cus_000013,sub_000013,2313,usd,paid,2025-05-19,2025-05-01,2025-05-31
in_000013_042,cus_000013,sub_000013,2217,usd,paid,2025-06-19,2025-06-01,2025-06-30
in_000013_043,cus_000013,sub_000013,2317,usd,paid,2025-07-19,2025-07-01,2025-07-31
in_000013_044,cus_000013,sub_000013,2230,usd,paid,2025-08-19,2025-08-01,2025-08-31
in_000013_045,cus_000013,sub_000013,2186,usd,paid,2025-09-19,2025-09-01,2025-09-30
in_000013_046,cus_000013,sub_000013,2366,usd,paid,2025-10-19,2025-10-01,2025-10-31
in_000013_047,cus_000013,sub_000013,2243,usd,paid,2025-11-19,2025-11-01,2025-11-30
in_000013_048,cus_000013,sub_000013,2285,usd,paid,2025-12-19,2025-12-01,2025-12-31
in_000013_049,cus_000013,sub_000013,2340,usd,paid,2026-01-19,2026-01-01,2026-01-31
in_000013_050,cus_000013,sub_000013,2248,usd,paid,2026-02-19,2026-02-01,2026-02-28
in_000013_051,cus_000013,sub_000013,2326,usd,paid,2026-03-19,2026-03-01,2026-03-31
in_000013_052,cus_000013,sub_000013,2189,usd,paid,2026-04-19,2026-04-01,2026-04-30
in_000013_053,cus_000013,sub_000013,2307,usd,paid,2026-05-19,2026-05-01,2026-05-31
in_000013_054,cus_000013,sub_000013,2296,usd,paid,2026-06-19,2026-06-01,2026-06-30
in_000013_055,cus_000013,sub_000013,2165,usd,paid,2026-07-19,2026-07-01,2026-07-31
in_000013_056,cus_000013,sub_000013,2350,usd,paid,2026-08-19,2026-08-01,2026-08-31
in_000013_057,cus_000013,sub_000013,2267,usd,paid,2026-09-19,2026-09-01,2026-09-30
in_000013_058,cus_000013,sub_000013,2231,usd,paid,2026-10-19,2026-10-01,2026-10-31
in_000013_059,cus_000013,sub_000013,2340,usd,paid,2026-11-19,2026-11-01,2026-11-30
in_000013_060,cus_000013,sub_000013,2389,usd,paid,2026-12-19,2026-12-01,2026-12-31
in_000013_061,cus_000013,sub_000013,2227,usd,paid,2027-01-19,2027-01-01,2027-01-31
in_000013_062,cus_000013,sub_000013,2186,usd,paid,2027-02-19,2027-02-01,2027-02-28
in_000013_063,cus_000013,sub_000013,2314,usd,paid,2027-03-19,2027-03-01,2027-03-31
in_000013_064,cus_000013,sub_000013,2183,usd,paid,2027-04-19,2027-04-01,2027-04-30
in_000013_065,cus_000013,sub_000013,2169,usd,paid,2027-05-19,2027-05-01,2027-05-31
in_000013_066,cus_000013,sub_000013,2195,usd,paid,2027-06-19,2027-06-01,2027-06-30
in_000013_067,cus_000013,sub_000013,2207,usd,paid,2027-07-19,2027-07-01,2027-07-31
in_000013_068,cus_000013,sub_000013,2078,usd,paid,2027-08-19,2027-08-01,2027-08-31
in_000013_069,cus_000013,sub_000013,2174,usd,paid,2027-09-19,2027-09-01,2027-09-30
in_000013_070,cus_000013,sub_000013,2345,usd,paid,2027-10-19,2027-10-01,2027-10-31
in_000013_071,cus_000013,sub_000013,2356,usd,paid,2027-11-19,2027-11-01,2027-11-30
in_000013_072,cus_000013,sub_000013,2344,usd,paid,2027-12-19,2027-12-01,2027-12-31
in_000013_073,cus_000013,sub_000013,2338,usd,paid,2028-01-19,2028-01-01,2028-01-31
in_000013_074,cus_000013,sub_000013,2023,usd,paid,2028-02-19,2028-02-01,2028-02-29
in_000013_075,cus_000013,sub_000013,2191,usd,paid,2028-03-19,2028-03-01,2028-03-31
in_000013_076,cus_000013,sub_000013,2332,usd,paid,2028-04-19,2028-04-01,2028-04-30
in_000013_077,cus_000013,sub_000013,2356,usd,paid,2028-05-19,2028-05-01,2028-05-31
in_000013_078,cus_000013,sub_000013,2329,usd,paid,2028-06-19,2028-06-01,2028-06-30
in_000013_079,cus_000013,sub_000013,2224,usd,paid,2028-07-19,2028-07-01,2028-07-31
in_000013_080,cus_000013,sub_000013,2385,usd,paid,2028-08-19,2028-08-01,2028-08-31
in_000013_081,cus_000013,sub_000013,2175,usd,paid,2028-09-19,2028-09-01,2028-09-30
in_000013_082,cus_000013,sub_000013,2172,usd,paid,2028-10-19,2028-10-01,2028-10-31
in_000013_083,cus_000013,sub_000013,2324,usd,paid,2028-11-19,2028-11-01,2028-11-30
in_000013_084,cus_000013,sub_000013,2183,usd,paid,2028-12-19,2028-12-01,2028-12-31
in_000014_001,cus_000014,sub_000014,2096,usd,paid,2022-01-01,2022-01-01,2022-01-31
in_000014_002,cus_000014,sub_000014,2063,usd,paid,2022-02-01,2022-02-01,2022-02-28
in_000014_003,cus_000014,sub_000014,2027,usd,paid,2022-03-01,2022-03-01,2022-03-31
in_000014_004,cus_000014,sub_000014,2108,usd,paid,2022-04-01,2022-04-01,2022-04-30
in_000014_005,cus_000014,sub_000014,2040,usd,paid,2022-05-01,2022-05-01,2022-05-31
in_000014_006,cus_000014,sub_000014,2061,usd,paid,2022-06-01,2022-06-01,2022-06-30
in_000014_007,cus_000014,sub_000014,1965,usd,paid,2022-07-01,2022-07-01,2022-07-31
in_000014_008,cus_000014,sub_000014,2026,usd,paid,2022-08-01,2022-08-01,2022-08-31
in_000014_009,cus_000014,sub_000014,1977,usd,paid,2022-09-01,2022-09-01,2022-09-30
in_000014_010,cus_000014,sub_000014,2019,usd,paid,2022-10-01,2022-10-01,2022-10-31
in_000014_011,cus_000014,sub_000014,2059,usd,paid,2022-11-01,2022-11-01,2022-11-30
in_000014_012,cus_000014,sub_000014,2111,usd,paid,2022-12-01,2022-12-01,2022-12-31
in_000014_013,cus_000014,sub_000014,2073,usd,paid,2023-01-01,2023-01-01,2023-01-31
in_000014_014,cus_000014,sub_000014,2119,usd,paid,2023-02-01,2023-02-01,2023-02-28
in_000014_015,cus_000014,sub_000014,2011,usd,paid,2023-03-01,2023-03-01,2023-03-31
in_000014_016,cus_000014,sub_000014,2112,usd,paid,2023-04-01,2023-04-01,2023-04-30
in_000014_017,cus_000014,sub_000014,2141,usd,paid,2023-05-01,2023-05-01,2023-05-31
in_000014_018,cus_000014,sub_000014,2177,usd,paid,2023-06-01,2023-06-01,2023-06-30
in_000014_019,cus_000014,sub_000014,2175,usd,paid,2023-07-01,2023-07-01,2023-07-31
in_000014_020,cus_000014,sub_000014,2212,usd,paid,2023-08-01,2023-08-01,2023-08-31
in_000014_021,cus_000014,sub_000014,2144,usd,paid,2023-09-01,2023-09-01,2023-09-30
in_000014_022,cus_000014,sub_000014,2137,usd,paid,2023-10-01,2023-10-01,2023-10-31
in_000014_023,cus_000014,sub_000014,2227,usd,paid,2023-11-01,2023-11-01,2023-11-30
in_000014_024,cus_000014,sub_000014,2276,usd,paid,2023-12-01,2023-12-01,2023-12-31
in_000014_025,cus_000014,sub_000014,2193,usd,paid,2024-01-01,2024-01-01,2024-01-31
in_000014_026,cus_000014,sub_000014,2152,usd,paid,2024-02-01,2024-02-01,2024-02-29
in_000014_027,cus_000014,sub_000014,2195,usd,paid,2024-03-01,2024-03-01,2024-03-31
in_000014_028,cus_000014,sub_000014,2107,usd,paid,2024-04-01,2024-04-01,2024-04-30
in_000014_029,cus_000014,sub_000014,2107,usd,paid,2024-05-01,2024-05-01,2024-05-31
in_000014_030,cus_000014,sub_000014,2173,usd,paid,2024-06-01,2024-06-01,2024-06-30
in_000014_031,cus_000014,sub_000014,2173,usd,paid,2024-07-01,2024-07-01,2024-07-31
in_000014_032,cus_000014,sub_000014,2110,usd,paid,2024-08-01,2024-08-01,2024-08-31
in_000014_033,cus_000014,sub_000014,2301,usd,paid,2024-09-01,2024-09-01,2024-09-30
in_000014_034,cus_000014,sub_000014,2149,usd,paid,2024-10-01,2024-10-01,2024-10-31
in_000014_035,cus_000014,sub_000014,2146,usd,paid,2024-11-01,2024-11-01,2024-11-30
in_000014_036,cus_000014,sub_000014,2337,usd,paid,2024-12-01,2024-12-01,2024-12-31
in_000014_037,cus_000014,sub_000014,2300,usd,paid,2025-01-01,2025-01-01,2025-01-31
in_000014_038,cus_000014,sub_000014,2284,usd,paid,2025-02-01,2025-02-01,2025-02-28
in_000014_039,cus_000014,sub_000014,2220,usd,paid,2025-03-01,2025-03-01,2025-03-31
in_000014_040,cus_000014,sub_000014,2138,usd,paid,2025-04-01,2025-04-01,2025-04-30
in_000014_041,cus_000014,sub_000014,2257,usd,paid,2025-05-01,2025-05-01,2025-05-31
in_000014_042,cus_000014,sub_000014,2179,usd,paid,2025-06-01,2025-06-01,2025-06-30
in_000014_043,cus_000014,sub_000014,2368,usd,paid,2025-07-01,2025-07-01,2025-07-31
in_000014_044,cus_000014,sub_000014,2337,usd,paid,2025-08-01,2025-08-01,2025-08-31
in_000014_045,cus_000014,sub_000014,2183,usd,paid,2025-09-01,2025-09-01,2025-09-30
in_000014_046,cus_000014,sub_000014,2242,usd,paid,2025-10-01,2025-10-01,2025-10-31
in_000014_047,cus_000014,sub_000014,2328,usd,paid,2025-11-01,2025-11-01,2025-11-30
in_000014_048,cus_000014,sub_000014,2266,usd,paid,2025-12-01,2025-12-01,2025-12-31
in_000014_049,cus_000014,sub_000014,2203,usd,paid,2026-01-01,2026-01-01,2026-01-31
in_000014_050,cus_000014,sub_000014,2172,usd,paid,2026-02-01,2026-02-01,2026-02-28
in_000014_051,cus_000014,sub_000014,2229,usd,paid,2026-03-01,2026-03-01,2026-03-31
in_000014_052,cus_000014,sub_000014,2296,usd,paid,2026-04-01,2026-04-01,2026-04-30
in_000014_053,cus_000014,sub_000014,2181,usd,paid,2026-05-01,2026-05-01,2026-05-31
in_000014_054,cus_000014,sub_000014,2354,usd,paid,2026-06-01,2026-06-01,2026-06-30
in_000014_055,cus_000014,sub_000014,2310,usd,paid,2026-07-01,2026-07-01,2026-07-31
in_000014_056,cus_000014,sub_000014,2336,usd,paid,2026-08-01,2026-08-01,2026-08-31
in_000014_057,cus_000014,sub_000014,2246,usd,paid,2026-09-01,2026-09-01,2026-09-30
in_000014_058,cus_000014,sub_000014,2239,usd,paid,2026-10-01,2026-10-01,2026-10-31
in_000014_059,cus_000014,sub_000014,2272,usd,paid,2026-11-01,2026-11-01,2026-11-30
in_000014_060,cus_000014,sub_000014,2356,usd,paid,2026-12-01,2026-12-01,2026-12-31
in_000014_061,cus_000014,sub_000014,2369,usd,paid,2027-01-01,2027-01-01,2027-01-31
in_000014_062,cus_000014,sub_000014,2356,usd,paid,2027-02-01,2027-02-01,2027-02-28
in_000014_063,cus_000014,sub_000014,2276,usd,paid,2027-03-01,2027-03-01,2027-03-31
in_000014_064,cus_000014,sub_000014,2186,usd,paid,2027-04-01,2027-04-01,2027-04-30
in_000014_065,cus_000014,sub_000014,2371,usd,paid,2027-05-01,2027-05-01,2027-05-31
in_000014_066,cus_000014,sub_000014,2203,usd,paid,2027-06-01,2027-06-01,2027-06-30
in_000014_067,cus_000014,sub_000014,1576,usd,paid,2027-07-01,2027-07-01,2027-07-31
in_000014_068,cus_000014,sub_000014,2264,usd,paid,2027-08-01,2027-08-01,2027-08-31
in_000014_069,cus_000014,sub_000014,1941,usd,paid,2027-09-01,2027-09-01,2027-09-30
in_000014_070,cus_000014,sub_000014,2322,usd,paid,2027-10-01,2027-10-01,2027-10-31
in_000014_071,cus_000014,sub_000014,2386,usd,paid,2027-11-01,2027-11-01,2027-11-30
in_000014_072,cus_000014,sub_000014,2271,usd,paid,2027-12-01,2027-12-01,2027-12-31
in_000014_073,cus_000014,sub_000014,2368,usd,paid,2028-01-01,2028-01-01,2028-01-31
in_000014_074,cus_000014,sub_000014,2381,usd,paid,2028-02-01,2028-02-01,2028-02-29
in_000014_075,cus_000014,sub_000014,2359,usd,paid,2028-03-01,2028-03-01,2028-03-31
in_000014_076,cus_000014,sub_000014,2329,usd,paid,2028-04-01,2028-04-01,2028-04-30
in_000014_077,cus_000014,sub_000014,2288,usd,paid,2028-05-01,2028-05-01,2028-05-31
in_000014_078,cus_000014,sub_000014,2383,usd,paid,2028-06-01,2028-06-01,2028-06-30
in_000014_079,cus_000014,sub_000014,2228,usd,paid,2028-07-01,2028-07-01,2028-07-31
in_000014_080,cus_000014,sub_000014,2333,usd,paid,2028-08-01,2028-08-01,2028-08-31
in_000014_081,cus_000014,sub_000014,1631,usd,paid,2028-09-01,2028-09-01,2028-09-30
in_000014_082,cus_000014,sub_000014,2274,usd,paid,2028-10-01,2028-10-01,2028-10-31
in_000014_083,cus_000014,sub_000014,2268,usd,paid,2028-11-01,2028-11-01,2028-11-30
in_000014_084,cus_000014,sub_000014,2256,usd,paid,2028-12-01,2028-12-01,2028-12-31
in_000015_001,cus_000015,sub_000015,1917,usd,paid,2022-01-25,2022-01-01,2022-01-31
in_000015_002,cus_000015,sub_000015,2067,usd,paid,2022-02-25,2022-02-01,2022-02-28
in_000015_003,cus_000015,sub_000015,1715,usd,paid,2022-03-25,2022-03-01,2022-03-31
in_000015_004,cus_000015,sub_000015,1927,usd,paid,2022-04-25,2022-04-01,2022-04-30
in_000015_005,cus_000015,sub_000015,2060,usd,paid,2022-05-25,2022-05-01,2022-05-31
in_000015_006,cus_000015,sub_000015,2086,usd,paid,2022-06-25,2022-06-01,2022-06-30
in_000015_007,cus_000015,sub_000015,2086,usd,paid,2022-07-25,2022-07-01,2022-07-31
in_000015_008,cus_000015,sub_000015,1954,usd,paid,2022-08-25,2022-08-01,2022-08-31
in_000015_009,cus_000015,sub_000015,2080,usd,paid,2022-09-25,2022-09-01,2022-09-30
in_000015_010,cus_000015,sub_000015,1962,usd,paid,2022-10-25,2022-10-01,2022-10-31
in_000015_011,cus_000015,sub_000015,1730,usd,paid,2022-11-25,2022-11-01,2022-11-30
in_000015_012,cus_000015,sub_000015,2165,usd,paid,2022-12-25,2022-12-01,2022-12-31
in_000015_013,cus_000015,sub_000015,2037,usd,paid,2023-01-25,2023-01-01,2023-01-31
in_000015_014,cus_000015,sub_000015,2068,usd,paid,2023-02-25,2023-02-01,2023-02-28
in_000015_015,cus_000015,sub_000015,2066,usd,paid,2023-03-25,2023-03-01,2023-03-31
in_000015_016,cus_000015,sub_000015,2095,usd,paid,2023-04-25,2023-04-01,2023-04-30
in_000015_017,cus_000015,sub_000015,2208,usd,paid,2023-05-25,2023-05-01,2023-05-31
in_000015_018,cus_000015,sub_000015,2045,usd,paid,2023-06-25,2023-06-01,2023-06-30
in_000015_019,cus_000015,sub_000015,2189,usd,paid,2023-07-25,2023-07-01,2023-07-31
in_000015_020,cus_000015,sub_000015,2258,usd,paid,2023-08-25,2023-08-01,2023-08-31
in_000015_021,cus_000015,sub_000015,2139,usd,paid,2023-09-25,2023-09-01,2023-09-30
in_000015_022,cus_000015,sub_000015,2183,usd,paid,2023-10-25,2023-10-01,2023-10-31
in_000015_023,cus_000015,sub_000015,2219,usd,paid,2023-11-25,2023-11-01,2023-11-30
in_000015_024,cus_000015,sub_000015,2160,usd,paid,2023-12-25,2023-12-01,2023-12-31
in_000015_025,cus_000015,sub_000015,2188,usd,paid,2024-01-25,2024-01-01,2024-01-31
in_000015_026,cus_000015,sub_000015,2163,usd,paid,2024-02-25,2024-02-01,2024-02-29
in_000015_027,cus_000015,sub_000015,1725,usd,paid,2024-03-25,2024-03-01,2024-03-31
in_000015_028,cus_000015,sub_000015,2231,usd,paid,2024-04-25,2024-04-01,2024-04-30
in_000015_029,cus_000015,sub_000015,2188,usd,paid,2024-05-25,2024-05-01,2024-05-31
in_000015_030,cus_000015,sub_000015,2265,usd,paid,2024-06-25,2024-06-01,2024-06-30
in_000015_031,cus_000015,sub_000015,2166,usd,paid,2024-07-25,2024-07-01,2024-07-31
in_000015_032,cus_000015,sub_000015,2159,usd,paid,2024-08-25,2024-08-01,2024-08-31
in_000015_033,cus_000015,sub_000015,2313,usd,paid,2024-09-25,2024-09-01,2024-09-30
in_000015_034,cus_000015,sub_000015,2280,usd,paid,2024-10-25,2024-10-01,2024-10-31
in_000015_035,cus_000015,sub_000015,2265,usd,paid,2024-11-25,2024-11-01,2024-11-30
in_000015_036,cus_000015,sub_000015,2177,usd,paid,2024-12-25,2024-12-01,2024-12-31
in_000015_037,cus_000015,sub_000015,2162,usd,paid,2025-01-25,2025-01-01,2025-01-31
in_000015_038,cus_000015,sub_000015,2194,usd,paid,2025-02-25,2025-02-01,2025-02-28
in_000015_039,cus_000015,sub_000015,2311,usd,paid,2025-03-25,2025-03-01,2025-03-31
in_000015_040,cus_000015,sub_000015,2235,usd,paid,2025-04-25,2025-04-01,2025-04-30
in_000015_041,cus_000015,sub_000015,2363,usd,paid,2025-05-25,2025-05-01,2025-05-31
in_000015_042,cus_000015,sub_000015,2325,usd,paid,2025-06-25,2025-06-01,2025-06-30
in_000015_043,cus_000015,sub_000015,2323,usd,paid,2025-07-25,2025-07-01,2025-07-31
in_000015_044,cus_000015,sub_000015,2275,usd,paid,2025-08-25,2025-08-01,2025-08-31
in_000015_045,cus_000015,sub_000015,2298,usd,paid,2025-09-25,2025-09-01,2025-09-30
in_000015_046,cus_000015,sub_000015,2270,usd,paid,2025-10-25,2025-10-01,2025-10-31
in_000015_047,cus_000015,sub_000015,2165,usd,paid,2025-11-25,2025-11-01,2025-11-30
in_000015_048,cus_000015,sub_000015,1857,usd,paid,2025-12-25,2025-12-01,2025-12-31
in_000015_049,cus_000015,sub_000015,2177,usd,paid,2026-01-25,2026-01-01,2026-01-31
in_000015_050,cus_000015,sub_000015,2280,usd,paid,2026-02-25,2026-02-01,2026-02-28
in_000015_051,cus_000015,sub_000015,2174,usd,paid,2026-03-25,2026-03-01,2026-03-31
in_000015_052,cus_000015,sub_000015,2250,usd,paid,2026-04-25,2026-04-01,2026-04-30
in_000015_053,cus_000015,sub_000015,2321,usd,paid,2026-05-25,2026-05-01,2026-05-31
in_000015_054,cus_000015,sub_000015,2231,usd,paid,2026-06-25,2026-06-01,2026-06-30
in_000015_055,cus_000015,sub_000015,1981,usd,paid,2026-07-25,2026-07-01,2026-07-31
in_000015_056,cus_000015,sub_000015,1883,usd,paid,2026-08-25,2026-08-01,2026-08-31
in_000015_057,cus_000015,sub_000015,2274,usd,paid,2026-09-25,2026-09-01,2026-09-30
in_000015_058,cus_000015,sub_000015,2260,usd,paid,2026-10-25,2026-10-01,2026-10-31
in_000015_059,cus_000015,sub_000015,2354,usd,paid,2026-11-25,2026-11-01,2026-11-30
in_000015_060,cus_000015,sub_000015,2236,usd,paid,2026-12-25,2026-12-01,2026-12-31
in_000015_061,cus_000015,sub_000015,2271,usd,paid,2027-01-25,2027-01-01,2027-01-31
in_000015_062,cus_000015,sub_000015,2214,usd,paid,2027-02-25,2027-02-01,2027-02-28
in_000015_063,cus_000015,sub_000015,1918,usd,paid,2027-03-25,2027-03-01,2027-03-31
in_000015_064,cus_000015,sub_000015,2324,usd,paid,2027-04-25,2027-04-01,2027-04-30
in_000015_065,cus_000015,sub_000015,2173,usd,paid,2027-05-25,2027-05-01,2027-05-31
in_000015_066,cus_000015,sub_000015,2045,usd,paid,2027-06-25,2027-06-01,2027-06-30
in_000015_067,cus_000015,sub_000015,2169,usd,paid,2027-07-25,2027-07-01,2027-07-31
in_000015_068,cus_000015,sub_000015,2303,usd,paid,2027-08-25,2027-08-01,2027-08-31
in_000015_069,cus_000015,sub_000015,2292,usd,paid,2027-09-25,2027-09-01,2027-09-30
in_000015_070,cus_000015,sub_000015,1718,usd,paid,2027-10-25,2027-10-01,2027-10-31
in_000015_071,cus_000015,sub_000015,2303,usd,paid,2027-11-25,2027-11-01,2027-11-30
in_000015_072,cus_000015,sub_000015,2338,usd,paid,2027-12-25,2027-12-01,2027-12-31
in_000015_073,cus_000015,sub_000015,2220,usd,paid,2028-01-25,2028-01-01,2028-01-31
in_000015_074,cus_000015,sub_000015,2266,usd,paid,2028-02-25,2028-02-01,2028-02-29
in_000015_075,cus_000015,sub_000015,2386,usd,paid,2028-03-25,2028-03-01,2028-03-31
in_000015_076,cus_000015,sub_000015,2347,usd,paid,2028-04-25,2028-04-01,2028-04-30
in_000015_077,cus_000015,sub_000015,2344,usd,paid,2028-05-25,2028-05-01,2028-05-31
in_000015_078,cus_000015,sub_000015,2211,usd,paid,2028-06-25,2028-06-01,2028-06-30
in_000015_079,cus_000015,sub_000015,2234,usd,paid,2028-07-25,2028-07-01,2028-07-31
in_000015_080,cus_000015,sub_000015,2169,usd,paid,2028-08-25,2028-08-01,2028-08-31
in_000015_081,cus_000015,sub_000015,2167,usd,paid,2028-09-25,2028-09-01,2028-09-30
in_000015_082,cus_000015,sub_000015,2327,usd,paid,2028-10-25,2028-10-01,2028-10-31
in_000015_083,cus_000015,sub_000015,2330,usd,paid,2028-11-25,2028-11-01,2028-11-30
in_000015_084,cus_000015,sub_000015,2365,usd,paid,2028-12-25,2028-12-01,2028-12-31
in_000016_001,cus_000016,sub_000016,1925,usd,paid,2022-01-27,2022-01-01,2022-01-31
in_000016_002,cus_000016,sub_000016,2045,usd,paid,2022-02-27,2022-02-01,2022-02-28
in_000016_003,cus_000016,sub_000016,2014,usd,paid,2022-03-27,2022-03-01,2022-03-31
in_000016_004,cus_000016,sub_000016,1345,usd,paid,2022-04-27,2022-04-01,2022-04-30
in_000016_005,cus_000016,sub_000016,2042,usd,paid,2022-05-27,2022-05-01,2022-05-31
in_000016_006,cus_000016,sub_000016,2111,usd,paid,2022-06-27,2022-06-01,2022-06-30
in_000016_007,cus_000016,sub_000016,2044,usd,paid,2022-07-27,2022-07-01,2022-07-31
in_000016_008,cus_000016,sub_000016,2000,usd,paid,2022-08-27,2022-08-01,2022-08-31
in_000016_009,cus_000016,sub_000016,2075,usd,paid,2022-09-27,2022-09-01,2022-09-30
in_000016_010,cus_000016,sub_000016,2098,usd,paid,2022-10-27,2022-10-01,2022-10-31
in_000016_011,cus_000016,sub_000016,1974,usd,paid,2022-11-27,2022-11-01,2022-11-30
in_000016_012,cus_000016,sub_000016,2027,usd,paid,2022-12-27,2022-12-01,2022-12-31
in_000016_013,cus_000016,sub_000016,2040,usd,paid,2023-01-27,2023-01-01,2023-01-31
in_000016_014,cus_000016,sub_000016,2112,usd,paid,2023-02-27,2023-02-01,2023-02-28
in_000016_015,cus_000016,sub_000016,2146,usd,paid,2023-03-27,2023-03-01,2023-03-31
in_000016_016,cus_000016,sub_000016,2131,usd,paid,2023-04-27,2023-04-01,2023-04-30
in_000016_017,cus_000016,sub_000016,2228,usd,paid,2023-05-27,2023-05-01,2023-05-31
in_000016_018,cus_000016,sub_000016,1583,usd,paid,2023-06-27,2023-06-01,2023-06-30
in_000016_019,cus_000016,sub_000016,2147,usd,paid,2023-07-27,2023-07-01,2023-07-31
in_000016_020,cus_000016,sub_000016,2063,usd,paid,2023-08-27,2023-08-01,2023-08-31
in_000016_021,cus_000016,sub_000016,2136,usd,paid,2023-09-27,2023-09-01,2023-09-30
in_000016_022,cus_000016,sub_000016,2091,usd,paid,2023-10-27,2023-10-01,2023-10-31
in_000016_023,cus_000016,sub_000016,2106,usd,paid,2023-11-27,2023-11-01,2023-11-30
in_000016_024,cus_000016,sub_000016,2262,usd,paid,2023-12-27,2023-12-01,2023-12-31
in_000016_025,cus_000016,sub_000016,2125,usd,paid,2024-01-27,2024-01-01,2024-01-31
in_000016_026,cus_000016,sub_000016,2244,usd,paid,2024-02-27,2024-02-01,2024-02-29
in_000016_027,cus_000016,sub_000016,2170,usd,paid,2024-03-27,2024-03-01,2024-03-31
in_000016_028,cus_000016,sub_000016,2254,usd,paid,2024-04-27,2024-04-01,2024-04-30
in_000016_029,cus_000016,sub_000016,2268,usd,paid,2024-05-27,2024-05-01,2024-05-31
in_000016_030,cus_000016,sub_000016,2122,usd,paid,2024-06-27,2024-06-01,2024-06-30
in_000016_031,cus_000016,sub_000016,2295,usd,paid,2024-07-27,2024-07-01,2024-07-31
in_000016_032,cus_000016,sub_000016,2129,usd,paid,2024-08-27,2024-08-01,2024-08-31
in_000016_033,cus_000016,sub_000016,1603,usd,paid,2024-09-27,2024-09-01,2024-09-30
in_000016_034,cus_000016,sub_000016,2199,usd,paid,2024-10-27,2024-10-01,2024-10-31
in_000016_035,cus_000016,sub_000016,2317,usd,paid,2024-11-27,2024-11-01,2024-11-30
in_000016_036,cus_000016,sub_000016,2195,usd,paid,2024-12-27,2024-12-01,2024-12-31
in_000016_037,cus_000016,sub_000016,2257,usd,paid,2025-01-27,2025-01-01,2025-01-31
in_000016_038,cus_000016,sub_000016,2265,usd,paid,2025-02-27,2025-02-01,2025-02-28
in_000016_039,cus_000016,sub_000016,2238,usd,paid,2025-03-27,2025-03-01,2025-03-31
in_000016_040,cus_000016,sub_000016,2221,usd,paid,2025-04-27,2025-04-01,2025-04-30
in_000016_041,cus_000016,sub_000016,2168,usd,paid,2025-05-27,2025-05-01,2025-05-31
in_000016_042,cus_000016,sub_000016,2296,usd,paid,2025-06-27,2025-06-01,2025-06-30
in_000016_043,cus_000016,sub_000016,2360,usd,paid,2025-07-27,2025-07-01,2025-07-31
in_000016_044,cus_000016,sub_000016,2170,usd,paid,2025-08-27,2025-08-01,2025-08-31
in_000016_045,cus_000016,sub_000016,2350,usd,paid,2025-09-27,2025-09-01,2025-09-30
in_000016_046,cus_000016,sub_000016,2199,usd,paid,2025-10-27,2025-10-01,2025-10-31
in_000016_047,cus_000016,sub_000016,2275,usd,paid,2025-11-27,2025-11-01,2025-11-30
in_000016_048,cus_000016,sub_000016,1783,usd,paid,2025-12-27,2025-12-01,2025-12-31
in_000016_049,cus_000016,sub_000016,2381,usd,paid,2026-01-27,2026-01-01,2026-01-31
in_000016_050,cus_000016,sub_000016,2275,usd,paid,2026-02-27,2026-02-01,2026-02-28
in_000016_051,cus_000016,sub_000016,2220,usd,paid,2026-03-27,2026-03-01,2026-03-31
in_000016_052,cus_000016,sub_000016,2336,usd,paid,2026-04-27,2026-04-01,2026-04-30
in_000016_053,cus_000016,sub_000016,2367,usd,paid,2026-05-27,2026-05-01,2026-05-31
in_000016_054,cus_000016,sub_000016,2386,usd,paid,2026-06-27,2026-06-01,2026-06-30
in_000016_055,cus_000016,sub_000016,2179,usd,paid,2026-07-27,2026-07-01,2026-07-31
in_000016_056,cus_000016,sub_000016,2231,usd,paid,2026-08-27,2026-08-01,2026-08-31
in_000016_057,cus_000016,sub_000016,2184,usd,paid,2026-09-27,2026-09-01,2026-09-30
in_000016_058,cus_000016,sub_000016,2303,usd,paid,2026-10-27,2026-10-01,2026-10-31
in_000016_059,cus_000016,sub_000016,2200,usd,paid,2026-11-27,2026-11-01,2026-11-30
in_000016_060,cus_000016,sub_000016,2199,usd,paid,2026-12-27,2026-12-01,2026-12-31
in_000016_061,cus_000016,sub_000016,2295,usd,paid,2027-01-27,2027-01-01,2027-01-31
in_000016_062,cus_000016,sub_000016,2230,usd,paid,2027-02-27,2027-02-01,2027-02-28
in_000016_063,cus_000016,sub_000016,2254,usd,paid,2027-03-27,2027-03-01,2027-03-31
in_000016_064,cus_000016,sub_000016,2338,usd,paid,2027-04-27,2027-04-01,2027-04-30
in_000016_065,cus_000016,sub_000016,2376,usd,paid,2027-05-27,2027-05-01,2027-05-31
in_000016_066,cus_000016,sub_000016,2366,usd,paid,2027-06-27,2027-06-01,2027-06-30
in_000016_067,cus_000016,sub_000016,2222,usd,paid,2027-07-27,2027-07-01,2027-07-31
in_000016_068,cus_000016,sub_000016,2203,usd,paid,2027-08-27,2027-08-01,2027-08-31
in_000016_069,cus_000016,sub_000016,2265,usd,paid,2027-09-27,2027-09-01,2027-09-30
in_000016_070,cus_000016,sub_000016,2324,usd,paid,2027-10-27,2027-10-01,2027-10-31
in_000016_071,cus_000016,sub_000016,2361,usd,paid,2027-11-27,2027-11-01,2027-11-30
in_000016_072,cus_000016,sub_000016,2283,usd,paid,2027-12-27,2027-12-01,2027-12-31
in_000016_073,cus_000016,sub_000016,2218,usd,paid,2028-01-27,2028-01-01,2028-01-31
in_000016_074,cus_000016,sub_000016,2376,usd,paid,2028-02-27,2028-02-01,2028-02-29
in_000016_075,cus_000016,sub_000016,2339,usd,paid,2028-03-27,2028-03-01,2028-03-31
in_000016_076,cus_000016,sub_000016,2274,usd,paid,2028-04-27,2028-04-01,2028-04-30
in_000016_077,cus_000016,sub_000016,2284,usd,paid,2028-05-27,2028-05-01,2028-05-31
in_000016_078,cus_000016,sub_000016,2192,usd,paid,2028-06-27,2028-06-01,2028-06-30
in_000016_079,cus_000016,sub_000016,2379,usd,paid,2028-07-27,2028-07-01,2028-07-31
in_000016_080,cus_000016,sub_000016,2379,usd,paid,2028-08-27,2028-08-01,2028-08-31
in_000016_081,cus_000016,sub_000016,2288,usd,paid,2028-09-27,2028-09-01,2028-09-30
in_000016_082,cus_000016,sub_000016,1945,usd,paid,2028-10-27,2028-10-01,2028-10-31
in_000016_083,cus_000016,sub_000016,2371,usd,paid,2028-11-27,2028-11-01,2028-11-30
in_000016_084,cus_000016,sub_000016,2301,usd,paid,2028-12-27,2028-12-01,2028-12-31
in_000017_001,cus_000017,sub_000017,1980,usd,paid,2022-01-12,2022-01-01,2022-01-31
in_000017_002,cus_000017,sub_000017,1943,usd,paid,2022-02-12,2022-02-01,2022-02-28
in_000017_003,cus_000017,sub_000017,2076,usd,paid,2022-03-12,2022-03-01,2022-03-31
in_000017_004,cus_000017,sub_000017,2012,usd,paid,2022-04-12,2022-04-01,2022-04-30
in_000017_005,cus_000017,sub_000017,2110,usd,paid,2022-05-12,2022-05-01,2022-05-31
in_000017_006,cus_000017,sub_000017,1939,usd,paid,2022-06-12,2022-06-01,2022-06-30
in_000017_007,cus_000017,sub_000017,2097,usd,paid,2022-07-12,2022-07-01,2022-07-31
in_000017_008,cus_000017,sub_000017,2097,usd,paid,2022-08-12,2022-08-01,2022-08-31
in_000017_009,cus_000017,sub_000017,1996,usd,paid,2022-09-12,2022-09-01,2022-09-30
in_000017_010,cus_000017,sub_000017,2052,usd,paid,2022-10-12,2022-10-01,2022-10-31
in_000017_011,cus_000017,sub_000017,1970,usd,paid,2022-11-12,2022-11-01,2022-11-30
in_000017_012,cus_000017,sub_000017,2037,usd,paid,2022-12-12,2022-12-01,2022-12-31
in_000017_013,cus_000017,sub_000017,2083,usd,paid,2023-01-12,2023-01-01,2023-01-31
in_000017_014,cus_000017,sub_000017,2027,usd,paid,2023-02-12,2023-02-01,2023-02-28
in_000017_015,cus_000017,sub_000017,2086,usd,paid,2023-03-12,2023-03-01,2023-03-31
in_000017_016,cus_000017,sub_000017,2079,usd,paid,2023-04-12,2023-04-01,2023-04-30
in_000017_017,cus_000017,sub_000017,2117,usd,paid,2023-05-12,2023-05-01,2023-05-31
in_000017_018,cus_000017,sub_000017,2155,usd,paid,2023-06-12,2023-06-01,2023-06-30
in_000017_019,cus_000017,sub_000017,2239,usd,paid,2023-07-12,2023-07-01,2023-07-31
in_000017_020,cus_000017,sub_000017,2081,usd,paid,2023-08-12,2023-08-01,2023-08-31
in_000017_021,cus_000017,sub_000017,1809,usd,paid,2023-09-12,2023-09-01,2023-09-30
in_000017_022,cus_000017,sub_000017,2252,usd,paid,2023-10-12,2023-10-01,2023-10-31
in_000017_023,cus_000017,sub_000017,2283,usd,paid,2023-11-12,2023-11-01,2023-11-30
in_000017_024,cus_000017,sub_000017,2219,usd,paid,2023-12-12,2023-12-01,2023-12-31
in_000017_025,cus_000017,sub_000017,2286,usd,paid,2024-01-12,2024-01-01,2024-01-31
in_000017_026,cus_000017,sub_000017,2245,usd,paid,2024-02-12,2024-02-01,2024-02-29
in_000017_027,cus_000017,sub_000017,2210,usd,paid,2024-03-12,2024-03-01,2024-03-31
in_000017_028,cus_000017,sub_000017,2203,usd,paid,2024-04-12,2024-04-01,2024-04-30
in_000017_029,cus_000017,sub_000017,2187,usd,paid,2024-05-12,2024-05-01,2024-05-31
in_000017_030,cus_000017,sub_000017,2175,usd,paid,2024-06-12,2024-06-01,2024-06-30
in_000017_031,cus_000017,sub_000017,2200,usd,paid,2024-07-12,2024-07-01,2024-07-31
in_000017_032,cus_000017,sub_000017,2127,usd,paid,2024-08-12,2024-08-01,2024-08-31
in_000017_033,cus_000017,sub_000017,2257,usd,paid,2024-09-12,2024-09-01,2024-09-30
in_000017_034,cus_000017,sub_000017,2120,usd,paid,2024-10-12,2024-10-01,2024-10-31
in_000017_035,cus_000017,sub_000017,2163,usd,paid,2024-11-12,2024-11-01,2024-11-30
in_000017_036,cus_000017,sub_000017,2316,usd,paid,2024-12-12,2024-12-01,2024-12-31
in_000017_037,cus_000017,sub_000017,2277,usd,paid,2025-01-12,2025-01-01,2025-01-31
in_000017_038,cus_000017,sub_000017,2192,usd,paid,2025-02-12,2025-02-01,2025-02-28
in_000017_039,cus_000017,sub_000017,2197,usd,paid,2025-03-12,2025-03-01,2025-03-31
in_000017_040,cus_000017,sub_000017,2341,usd,paid,2025-04-12,2025-04-01,2025-04-30
in_000017_041,cus_000017,sub_000017,2261,usd,paid,2025-05-12,2025-05-01,2025-05-31
in_000017_042,cus_000017,sub_000017,2357,usd,paid,2025-06-12,2025-06-01,2025-06-30
in_000017_043,cus_000017,sub_000017,2202,usd,paid,2025-07-12,2025-07-01,2025-07-31
in_000017_044,cus_000017,sub_000017,2220,usd,paid,2025-08-12,2025-08-01,2025-08-31
in_000017_045,cus_000017,sub_000017,2241,usd,paid,2025-09-12,2025-09-01,2025-09-30
in_000017_046,cus_000017,sub_000017,2159,usd,paid,2025-10-12,2025-10-01,2025-10-31
in_000017_047,cus_000017,sub_000017,2355,usd,paid,2025-11-12,2025-11-01,2025-11-30
in_000017_048,cus_000017,sub_000017,2260,usd,paid,2025-12-12,2025-12-01,2025-12-31
in_000017_049,cus_000017,sub_000017,2357,usd,paid,2026-01-12,2026-01-01,2026-01-31
in_000017_050,cus_000017,sub_000017,2286,usd,paid,2026-02-12,2026-02-01,2026-02-28
in_000017_051,cus_000017,sub_000017,2306,usd,paid,2026-03-12,2026-03-01,2026-03-31
in_000017_052,cus_000017,sub_000017,2218,usd,paid,2026-04-12,2026-04-01,2026-04-30
in_000017_053,cus_000017,sub_000017,2372,usd,paid,2026-05-12,2026-05-01,2026-05-31
in_000017_054,cus_000017,sub_000017,2385,usd,paid,2026-06-12,2026-06-01,2026-06-30
in_000017_055,cus_000017,sub_000017,2336,usd,paid,2026-07-12,2026-07-01,2026-07-31
in_000017_056,cus_000017,sub_000017,2272,usd,paid,2026-08-12,2026-08-01,2026-08-31
in_000017_057,cus_000017,sub_000017,2217,usd,paid,2026-09-12,2026-09-01,2026-09-30
in_000017_058,cus_000017,sub_000017,2228,usd,paid,2026-10-12,2026-10-01,2026-10-31
in_000017_059,cus_000017,sub_000017,2296,usd,paid,2026-11-12,2026-11-01,2026-11-30
in_000017_060,cus_000017,sub_000017,2212,usd,paid,2026-12-12,2026-12-01,2026-12-31
in_000017_061,cus_000017,sub_000017,2358,usd,paid,2027-01-12,2027-01-01,2027-01-31
in_000017_062,cus_000017,sub_000017,2164,usd,paid,2027-02-12,2027-02-01,2027-02-28
in_000017_063,cus_000017,sub_000017,2344,usd,paid,2027-03-12,2027-03-01,2027-03-31
in_000017_064,cus_000017,sub_000017,2194,usd,paid,2027-04-12,2027-04-01,2027-04-30
in_000017_065,cus_000017,sub_000017,2189,usd,paid,2027-05-12,2027-05-01,2027-05-31
in_000017_066,cus_000017,sub_000017,2389,usd,paid,2027-06-12,2027-06-01,2027-06-30
in_000017_067,cus_000017,sub_000017,2197,usd,paid,2027-07-12,2027-07-01,2027-07-31
in_000017_068,cus_000017,sub_000017,2303,usd,paid,2027-08-12,2027-08-01,2027-08-31
in_000017_069,cus_000017,sub_000017,2385,usd,paid,2027-09-12,2027-09-01,2027-09-30
in_000017_070,cus_000017,sub_000017,2194,usd,paid,2027-10-12,2027-10-01,2027-10-31
in_000017_071,cus_000017,sub_000017,2224,usd,paid,2027-11-12,2027-11-01,2027-11-30
in_000017_072,cus_000017,sub_000017,2313,usd,paid,2027-12-12,2027-12-01,2027-12-31
in_000017_073,cus_000017,sub_000017,2352,usd,paid,2028-01-12,2028-01-01,2028-01-31
in_000017_074,cus_000017,sub_000017,2259,usd,paid,2028-02-12,2028-02-01,2028-02-29
in_000017_075,cus_000017,sub_000017,2276,usd,paid,2028-03-12,2028-03-01,2028-03-31
in_000017_076,cus_000017,sub_000017,2311,usd,paid,2028-04-12,2028-04-01,2028-04-30
in_000017_077,cus_000017,sub_000017,2390,usd,paid,2028-05-12,2028-05-01,2028-05-31
in_000017_078,cus_000017,sub_000017,2184,usd,paid,2028-06-12,2028-06-01,2028-06-30
in_000017_079,cus_000017,sub_000017,2384,usd,paid,2028-07-12,2028-07-01,2028-07-31
in_000017_080,cus_000017,sub_000017,2267,usd,paid,2028-08-12,2028-08-01,2028-08-31
in_000017_081,cus_000017,sub_000017,2174,usd,paid,2028-09-12,2028-09-01,2028-09-30
in_000017_082,cus_000017,sub_000017,2243,usd,paid,2028-10-12,2028-10-01,2028-10-31
in_000017_083,cus_000017,sub_000017,2352,usd,paid,2028-11-12,2028-11-01,2028-11-30
in_000017_084,cus_000017,sub_000017,2257,usd,paid,2028-12-12,2028-12-01,2028-12-31
in_000018_001,cus_000018,sub_000018,2050,usd,paid,2022-01-23,2022-01-01,2022-01-31
in_000018_002,cus_000018,sub_000018,2004,usd,paid,2022-02-23,2022-02-01,2022-02-28
in_000018_003,cus_000018,sub_000018,1941,usd,paid,2022-03-23,2022-03-01,2022-03-31
in_000018_004,cus_000018,sub_000018,1937,usd,paid,2022-04-23,2022-04-01,2022-04-30
in_000018_005,cus_000018,sub_000018,2031,usd,paid,2022-05-23,2022-05-01,2022-05-31
in_000018_006,cus_000018,sub_000018,1577,usd,paid,2022-06-23,2022-06-01,2022-06-30
in_000018_007,cus_000018,sub_000018,1610,usd,paid,2022-07-23,2022-07-01,2022-07-31
in_000018_008,cus_000018,sub_000018,2112,usd,paid,2022-08-23,2022-08-01,2022-08-31
in_000018_009,cus_000018,sub_000018,1983,usd,paid,2022-09-23,2022-09-01,2022-09-30
in_000018_010,cus_000018,sub_000018,2131,usd,paid,2022-10-23,2022-10-01,2022-10-31
in_000018_011,cus_000018,sub_000018,2140,usd,paid,2022-11-23,2022-11-01,2022-11-30
in_000018_012,cus_000018,sub_000018,2061,usd,paid,2022-12-23,2022-12-01,2022-12-31
in_000018_013,cus_000018,sub_000018,2041,usd,paid,2023-01-23,2023-01-01,2023-01-31
in_000018_014,cus_000018,sub_000018,2101,usd,paid,2023-02-23,2023-02-01,2023-02-28
in_000018_015,cus_000018,sub_000018,2101,usd,paid,2023-03-23,2023-03-01,2023-03-31
in_000018_016,cus_000018,sub_000018,2058,usd,paid,2023-04-23,2023-04-01,2023-04-30
in_000018_017,cus_000018,sub_000018,2179,usd,paid,2023-05-23,2023-05-01,2023-05-31
in_000018_018,cus_000018,sub_000018,2045,usd,paid,2023-06-23,2023-06-01,2023-06-30
in_000018_019,cus_000018,sub_000018,2073,usd,paid,2023-07-23,2023-07-01,2023-07-31
in_000018_020,cus_000018,sub_000018,2129,usd,paid,2023-08-23,2023-08-01,2023-08-31
in_000018_021,cus_000018,sub_000018,2081,usd,paid,2023-09-23,2023-09-01,2023-09-30
in_000018_022,cus_000018,sub_000018,2156,usd,paid,2023-10-23,2023-10-01,2023-10-31
in_000018_023,cus_000018,sub_000018,2257,usd,paid,2023-11-23,2023-11-01,2023-11-30
in_000018_024,cus_000018,sub_000018,2265,usd,paid,2023-12-23,2023-12-01,2023-12-31
in_000018_025,cus_000018,sub_000018,2127,usd,paid,2024-01-23,2024-01-01,2024-01-31
in_000018_026,cus_000018,sub_000018,2146,usd,paid,2024-02-23,2024-02-01,2024-02-29
in_000018_027,cus_000018,sub_000018,2211,usd,paid,2024-03-23,2024-03-01,2024-03-31
in_000018_028,cus_000018,sub_000018,2273,usd,paid,2024-04-23,2024-04-01,2024-04-30
in_000018_029,cus_000018,sub_000018,1638,usd,paid,2024-05-23,2024-05-01,2024-05-31
in_000018_030,cus_000018,sub_000018,2206,usd,paid,2024-06-23,2024-06-01,2024-06-30
in_000018_031,cus_000018,sub_000018,2196,usd,paid,2024-07-23,2024-07-01,2024-07-31
in_000018_032,cus_000018,sub_000018,2290,usd,paid,2024-08-23,2024-08-01,2024-08-31
in_000018_033,cus_000018,sub_000018,2197,usd,paid,2024-09-23,2024-09-01,2024-09-30
in_000018_034,cus_000018,sub_000018,2231,usd,paid,2024-10-23,2024-10-01,2024-10-31
in_000018_035,cus_000018,sub_000018,2245,usd,paid,2024-11-23,2024-11-01,2024-11-30
in_000018_036,cus_000018,sub_000018,1833,usd,paid,2024-12-23,2024-12-01,2024-12-31
in_000018_037,cus_000018,sub_000018,2328,usd,paid,2025-01-23,2025-01-01,2025-01-31
in_000018_038,cus_000018,sub_000018,2169,usd,paid,2025-02-23,2025-02-01,2025-02-28
in_000018_039,cus_000018,sub_000018,2239,usd,paid,2025-03-23,2025-03-01,2025-03-31
in_000018_040,cus_000018,sub_000018,2346,usd,paid,2025-04-23,2025-04-01,2025-04-30
in_000018_041,cus_000018,sub_000018,2187,usd,paid,2025-05-23,2025-05-01,2025-05-31
in_000018_042,cus_000018,sub_000018,2186,usd,paid,2025-06-23,2025-06-01,2025-06-30
in_000018_043,cus_000018,sub_000018,2193,usd,paid,2025-07-23,2025-07-01,2025-07-31
in_000018_044,cus_000018,sub_000018,2194,usd,paid,2025-08-23,2025-08-01,2025-08-31
in_000018_045,cus_000018,sub_000018,2190,usd,paid,2025-09-23,2025-09-01,2025-09-30
in_000018_046,cus_000018,sub_000018,2348,usd,paid,2025-10-23,2025-10-01,2025-10-31
in_000018_047,cus_000018,sub_000018,2238,usd,paid,2025-11-23,2025-11-01,2025-11-30
in_000018_048,cus_000018,sub_000018,2241,usd,paid,2025-12-23,2025-12-01,2025-12-31
in_000018_049,cus_000018,sub_000018,2301,usd,paid,2026-01-23,2026-01-01,2026-01-31
in_000018_050,cus_000018,sub_000018,2364,usd,paid,2026-02-23,2026-02-01,2026-02-28
in_000018_051,cus_000018,sub_000018,2185,usd,paid,2026-03-23,2026-03-01,2026-03-31
in_000018_052,cus_000018,sub_000018,2188,usd,paid,2026-04-23,2026-04-01,2026-04-30
in_000018_053,cus_000018,sub_000018,2190,usd,paid,2026-05-23,2026-05-01,2026-05-31
in_000018_054,cus_000018,sub_000018,2334,usd,paid,2026-06-23,2026-06-01,2026-06-30
in_000018_055,cus_000018,sub_000018,2282,usd,paid,2026-07-23,2026-07-01,2026-07-31
in_000018_056,cus_000018,sub_000018,2172,usd,paid,2026-08-23,2026-08-01,2026-08-31
in_000018_057,cus_000018,sub_000018,2236,usd,paid,2026-09-23,2026-09-01,2026-09-30
in_000018_058,cus_000018,sub_000018,2293,usd,paid,2026-10-23,2026-10-01,2026-10-31
in_000018_059,cus_000018,sub_000018,2201,usd,paid,2026-11-23,2026-11-01,2026-11-30
in_000018_060,cus_000018,sub_000018,2276,usd,paid,2026-12-23,2026-12-01,2026-12-31
in_000018_061,cus_000018,sub_000018,2383,usd,paid,2027-01-23,2027-01-01,2027-01-31
in_000018_062,cus_000018,sub_000018,2253,usd,paid,2027-02-23,2027-02-01,2027-02-28
in_000018_063,cus_000018,sub_000018,2191,usd,paid,2027-03-23,2027-03-01,2027-03-31
in_000018_064,cus_000018,sub_000018,2206,usd,paid,2027-04-23,2027-04-01,2027-04-30
in_000018_065,cus_000018,sub_000018,2359,usd,paid,2027-05-23,2027-05-01,2027-05-31
in_000018_066,cus_000018,sub_000018,2244,usd,paid,2027-06-23,2027-06-01,2027-06-30
in_000018_067,cus_000018,sub_000018,2260,usd,paid,2027-07-23,2027-07-01,2027-07-31
in_000018_068,cus_000018,sub_000018,2373,usd,paid,2027-08-23,2027-08-01,2027-08-31
in_000018_069,cus_000018,sub_000018,2251,usd,paid,2027-09-23,2027-09-01,2027-09-30
in_000018_070,cus_000018,sub_000018,2265,usd,paid,2027-10-23,2027-10-01,2027-10-31
in_000018_071,cus_000018,sub_000018,2267,usd,paid,2027-11-23,2027-11-01,2027-11-30
in_000018_072,cus_000018,sub_000018,2288,usd,paid,2027-12-23,2027-12-01,2027-12-31
in_000018_073,cus_000018,sub_000018,2241,usd,paid,2028-01-23,2028-01-01,2028-01-31
in_000018_074,cus_000018,sub_000018,2184,usd,paid,2028-02-23,2028-02-01,2028-02-29
in_000018_075,cus_000018,sub_000018,2327,usd,paid,2028-03-23,2028-03-01,2028-03-31
in_000018_076,cus_000018,sub_000018,2211,usd,paid,2028-04-23,2028-04-01,2028-04-30
in_000018_077,cus_000018,sub_000018,2334,usd,paid,2028-05-23,2028-05-01,2028-05-31
in_000018_078,cus_000018,sub_000018,2350,usd,paid,2028-06-23,2028-06-01,2028-06-30
in_000018_079,cus_000018,sub_000018,2298,usd,paid,2028-07-23,2028-07-01,2028-07-31
in_000018_080,cus_000018,sub_000018,2174,usd,paid,2028-08-23,2028-08-01,2028-08-31
in_000018_081,cus_000018,sub_000018,2252,usd,paid,2028-09-23,2028-09-01,2028-09-30
in_000018_082,cus_000018,sub_000018,2047,usd,paid,2028-10-23,2028-10-01,2028-10-31
in_000018_083,cus_000018,sub_000018,2317,usd,paid,2028-11-23,2028-11-01,2028-11-30
in_000018_084,cus_000018,sub_000018,2168,usd,paid,2028-12-23,2028-12-01,2028-12-31
in_000019_001,cus_000019,sub_000019,2070,usd,paid,2022-01-27,2022-01-01,2022-01-31
in_000019_002,cus_000019,sub_000019,1485,usd,paid,2022-02-27,2022-02-01,2022-02-28
in_000019_003,cus_000019,sub_000019,1978,usd,paid,2022-03-27,2022-03-01,2022-03-31
in_000019_004,cus_000019,sub_000019,1993,usd,paid,2022-04-27,2022-04-01,2022-04-30
in_000019_005,cus_000019,sub_000019,1978,usd,paid,2022-05-27,2022-05-01,2022-05-31
in_000019_006,cus_000019,sub_000019,2086,usd,paid,2022-06-27,2022-06-01,2022-06-30
in_000019_007,cus_000019,sub_000019,2044,usd,paid,2022-07-27,2022-07-01,2022-07-31
in_000019_008,cus_000019,sub_000019,2141,usd,paid,2022-08-27,2022-08-01,2022-08-31
in_000019_009,cus_000019,sub_000019,1991,usd,paid,2022-09-27,2022-09-01,2022-09-30
in_000019_010,cus_000019,sub_000019,2142,usd,paid,2022-10-27,2022-10-01,2022-10-31
in_000019_011,cus_000019,sub_000019,1991,usd,paid,2022-11-27,2022-11-01,2022-11-30
in_000019_012,cus_000019,sub_000019,2079,usd,paid,2022-12-27,2022-12-01,2022-12-31
in_000019_013,cus_000019,sub_000019,2193,usd,paid,2023-01-27,2023-01-01,2023-01-31
in_000019_014,cus_000019,sub_000019,2085,usd,paid,2023-02-27,2023-02-01,2023-02-28
in_000019_015,cus_000019,sub_000019,2091,usd,paid,2023-03-27,2023-03-01,2023-03-31
in_000019_016,cus_000019,sub_000019,2179,usd,paid,2023-04-27,2023-04-01,2023-04-30
in_000019_017,cus_000019,sub_000019,2080,usd,paid,2023-05-27,2023-05-01,2023-05-31
in_000019_018,cus_000019,sub_000019,1762,usd,paid,2023-06-27,2023-06-01,2023-06-30
in_000019_019,cus_000019,sub_000019,2134,usd,paid,2023-07-27,2023-07-01,2023-07-31
in_000019_020,cus_000019,sub_000019,2078,usd,paid,2023-08-27,2023-08-01,2023-08-31
in_000019_021,cus_000019,sub_000019,2132,usd,paid,2023-09-27,2023-09-01,2023-09-30
in_000019_022,cus_000019,sub_000019,2068,usd,paid,2023-10-27,2023-10-01,2023-10-31
in_000019_023,cus_000019,sub_000019,2180,usd,paid,2023-11-27,2023-11-01,2023-11-30
in_000019_024,cus_000019,sub_000019,2105,usd,paid,2023-12-27,2023-12-01,2023-12-31
in_000019_025,cus_000019,sub_000019,2154,usd,paid,2024-01-27,2024-01-01,2024-01-31
in_000019_026,cus_000019,sub_000019,2291,usd,paid,2024-02-27,2024-02-01,2024-02-29
in_000019_027,cus_000019,sub_000019,2265,usd,paid,2024-03-27,2024-03-01,2024-03-31
in_000019_028,cus_000019,sub_000019,2109,usd,paid,2024-04-27,2024-04-01,2024-04-30
in_000019_029,cus_000019,sub_000019,2287,usd,paid,2024-05-27,2024-05-01,2024-05-31
in_000019_030,cus_000019,sub_000019,2194,usd,paid,2024-06-27,2024-06-01,2024-06-30
in_000019_031,cus_000019,sub_000019,2111,usd,paid,2024-07-27,2024-07-01,2024-07-31
in_000019_032,cus_000019,sub_000019,2327,usd,paid,2024-08-27,2024-08-01,2024-08-31
in_000019_033,cus_000019,sub_000019,2120,usd,paid,2024-09-27,2024-09-01,2024-09-30
in_000019_034,cus_000019,sub_000019,2182,usd,paid,2024-10-27,2024-10-01,2024-10-31
in_000019_035,cus_000019,sub_000019,2129,usd,paid,2024-11-27,2024-11-01,2024-11-30
in_000019_036,cus_000019,sub_000019,2310,usd,paid,2024-12-27,2024-12-01,2024-12-31
in_000019_037,cus_000019,sub_000019,2141,usd,paid,2025-01-27,2025-01-01,2025-01-31
in_000019_038,cus_000019,sub_000019,2165,usd,paid,2025-02-27,2025-02-01,2025-02-28
in_000019_039,cus_000019,sub_000019,2339,usd,paid,2025-03-27,2025-03-01,2025-03-31
in_000019_040,cus_000019,sub_000019,2225,usd,paid,2025-04-27,2025-04-01,2025-04-30
in_000019_041,cus_000019,sub_000019,2153,usd,paid,2025-05-27,2025-05-01,2025-05-31
in_000019_042,cus_000019,sub_000019,2212,usd,paid,2025-06-27,2025-06-01,2025-06-30
in_000019_043,cus_000019,sub_000019,2209,usd,paid,2025-07-27,2025-07-01,2025-07-31
in_000019_044,cus_000019,sub_000019,2169,usd,paid,2025-08-27,2025-08-01,2025-08-31
in_000019_045,cus_000019,sub_000019,2311,usd,paid,2025-09-27,2025-09-01,2025-09-30
in_000019_046,cus_000019,sub_000019,2375,usd,paid,2025-10-27,2025-10-01,2025-10-31
in_000019_047,cus_000019,sub_000019,2371,usd,paid,2025-11-27,2025-11-01,2025-11-30
in_000019_048,cus_000019,sub_000019,2340,usd,paid,2025-12-27,2025-12-01,2025-12-31
in_000019_049,cus_000019,sub_000019,2286,usd,paid,2026-01-27,2026-01-01,2026-01-31
in_000019_050,cus_000019,sub_000019,2383,usd,paid,2026-02-27,2026-02-01,2026-02-28
in_000019_051,cus_000019,sub_000019,2272,usd,paid,2026-03-27,2026-03-01,2026-03-31
in_000019_052,cus_000019,sub_000019,2250,usd,paid,2026-04-27,2026-04-01,2026-04-30
in_000019_053,cus_000019,sub_000019,2251,usd,paid,2026-05-27,2026-05-01,2026-05-31
in_000019_054,cus_000019,sub_000019,2180,usd,paid,2026-06-27,2026-06-01,2026-06-30
in_000019_055,cus_000019,sub_000019,2264,usd,paid,2026-07-27,2026-07-01,2026-07-31
in_000019_056,cus_000019,sub_000019,1999,usd,paid,2026-08-27,2026-08-01,2026-08-31
in_000019_057,cus_000019,sub_000019,2209,usd,paid,2026-09-27,2026-09-01,2026-09-30
in_000019_058,cus_000019,sub_000019,2212,usd,paid,2026-10-27,2026-10-01,2026-10-31
in_000019_059,cus_000019,sub_000019,2375,usd,paid,2026-11-27,2026-11-01,2026-11-30
in_000019_060,cus_000019,sub_000019,1926,usd,paid,2026-12-27,2026-12-01,2026-12-31
in_000019_061,cus_000019,sub_000019,2177,usd,paid,2027-01-27,2027-01-01,2027-01-31
in_000019_062,cus_000019,sub_000019,2292,usd,paid,2027-02-27,2027-02-01,2027-02-28
in_000019_063,cus_000019,sub_000019,2284,usd,paid,2027-03-27,2027-03-01,2027-03-31
in_000019_064,cus_000019,sub_000019,2208,usd,paid,2027-04-27,2027-04-01,2027-04-30
in_000019_065,cus_000019,sub_000019,2303,usd,paid,2027-05-27,2027-05-01,2027-05-31
in_000019_066,cus_000019,sub_000019,2378,usd,paid,2027-06-27,2027-06-01,2027-06-30
in_000019_067,cus_000019,sub_000019,2183,usd,paid,2027-07-27,2027-07-01,2027-07-31
in_000019_068,cus_000019,sub_000019,2262,usd,paid,2027-08-27,2027-08-01,2027-08-31
in_000019_069,cus_000019,sub_000019,2248,usd,paid,2027-09-27,2027-09-01,2027-09-30
in_000019_070,cus_000019,sub_000019,2285,usd,paid,2027-10-27,2027-10-01,2027-10-31
in_000019_071,cus_000019,sub_000019,2235,usd,paid,2027-11-27,2027-11-01,2027-11-30
in_000019_072,cus_000019,sub_000019,2315,usd,paid,2027-12-27,2027-12-01,2027-12-31
in_000019_073,cus_000019,sub_000019,2214,usd,paid,2028-01-27,2028-01-01,2028-01-31
in_000019_074,cus_000019,sub_000019,2201,usd,paid,2028-02-27,2028-02-01,2028-02-29
in_000019_075,cus_000019,sub_000019,2205,usd,paid,2028-03-27,2028-03-01,2028-03-31
in_000019_076,cus_000019,sub_000019,2275,usd,paid,2028-04-27,2028-04-01,2028-04-30
in_000019_077,cus_000019,sub_000019,2278,usd,paid,2028-05-27,2028-05-01,2028-05-31
in_000019_078,cus_000019,sub_000019,2389,usd,paid,2028-06-27,2028-06-01,2028-06-30
in_000019_079,cus_000019,sub_000019,2271,usd,paid,2028-07-27,2028-07-01,2028-07-31
in_000019_080,cus_000019,sub_000019,2177,usd,paid,2028-08-27,2028-08-01,2028-08-31
in_000019_081,cus_000019,sub_000019,2214,usd,paid,2028-09-27,2028-09-01,2028-09-30
in_000019_082,cus_000019,sub_000019,2174,usd,paid,2028-10-27,2028-10-01,2028-10-31
in_000019_083,cus_000019,sub_000019,2269,usd,paid,2028-11-27,2028-11-01,2028-11-30
in_000019_084,cus_000019,sub_000019,2270,usd,paid,2028-12-27,2028-12-01,2028-12-31
in_000020_001,cus_000020,sub_000020,2064,usd,paid,2022-01-04,2022-01-01,2022-01-31
in_000020_002,cus_000020,sub_000020,2063,usd,paid,2022-02-04,2022-02-01,2022-02-28
in_000020_003,cus_000020,sub_000020,2040,usd,paid,2022-03-04,2022-03-01,2022-03-31
in_000020_004,cus_000020,sub_000020,2045,usd,paid,2022-04-04,2022-04-01,2022-04-30
in_000020_005,cus_000020,sub_000020,2057,usd,paid,2022-05-04,2022-05-01,2022-05-31
in_000020_006,cus_000020,sub_000020,2124,usd,paid,2022-06-04,2022-06-01,2022-06-30
in_000020_007,cus_000020,sub_000020,2022,usd,paid,2022-07-04,2022-07-01,2022-07-31
in_000020_008,cus_000020,sub_000020,2047,usd,paid,2022-08-04,2022-08-01,2022-08-31
in_000020_009,cus_000020,sub_000020,2047,usd,paid,2022-09-04,2022-09-01,2022-09-30
in_000020_010,cus_000020,sub_000020,2115,usd,paid,2022-10-04,2022-10-01,2022-10-31
in_000020_011,cus_000020,sub_000020,2011,usd,paid,2022-11-04,2022-11-01,2022-11-30
in_000020_012,cus_000020,sub_000020,2134,usd,paid,2022-12-04,2022-12-01,2022-12-31
in_000020_013,cus_000020,sub_000020,2044,usd,paid,2023-01-04,2023-01-01,2023-01-31
in_000020_014,cus_000020,sub_000020,2196,usd,paid,2023-02-04,2023-02-01,2023-02-28
in_000020_015,cus_000020,sub_000020,2045,usd,paid,2023-03-04,2023-03-01,2023-03-31
in_000020_016,cus_000020,sub_000020,2123,usd,paid,2023-04-04,2023-04-01,2023-04-30
in_000020_017,cus_000020,sub_000020,2181,usd,paid,2023-05-04,2023-05-01,2023-05-31
in_000020_018,cus_000020,sub_000020,2065,usd,paid,2023-06-04,2023-06-01,2023-06-30
in_000020_019,cus_000020,sub_000020,2138,usd,paid,2023-07-04,2023-07-01,2023-07-31
in_000020_020,cus_000020,sub_000020,2102,usd,paid,2023-08-04,2023-08-01,2023-08-31
in_000020_021,cus_000020,sub_000020,2078,usd,paid,2023-09-04,2023-09-01,2023-09-30
in_000020_022,cus_000020,sub_000020,2212,usd,paid,2023-10-04,2023-10-01,2023-10-31
in_000020_023,cus_000020,sub_000020,2172,usd,paid,2023-11-04,2023-11-01,2023-11-30
in_000020_024,cus_000020,sub_000020,2238,usd,paid,2023-12-04,2023-12-01,2023-12-31
in_000020_025,cus_000020,sub_000020,2177,usd,paid,2024-01-04,2024-01-01,2024-01-31
in_000020_026,cus_000020,sub_000020,2136,usd,paid,2024-02-04,2024-02-01,2024-02-29
in_000020_027,cus_000020,sub_000020,2126,usd,paid,2024-03-04,2024-03-01,2024-03-31
in_000020_028,cus_000020,sub_000020,2177,usd,paid,2024-04-04,2024-04-01,2024-04-30
in_000020_029,cus_000020,sub_000020,2261,usd,paid,2024-05-04,2024-05-01,2024-05-31
in_000020_030,cus_000020,sub_000020,2159,usd,paid,2024-06-04,2024-06-01,2024-06-30
in_000020_031,cus_000020,sub_000020,2200,usd,paid,2024-07-04,2024-07-01,2024-07-31
in_000020_032,cus_000020,sub_000020,2189,usd,paid,2024-08-04,2024-08-01,2024-08-31
in_000020_033,cus_000020,sub_000020,2281,usd,paid,2024-09-04,2024-09-01,2024-09-30
in_000020_034,cus_000020,sub_000020,2226,usd,paid,2024-10-04,2024-10-01,2024-10-31
in_000020_035,cus_000020,sub_000020,2313,usd,paid,2024-11-04,2024-11-01,2024-11-30
in_000020_036,cus_000020,sub_000020,2260,usd,paid,2024-12-04,2024-12-01,2024-12-31
in_000020_037,cus_000020,sub_000020,2331,usd,paid,2025-01-04,2025-01-01,2025-01-31
in_000020_038,cus_000020,sub_000020,2234,usd,paid,2025-02-04,2025-02-01,2025-02-28
in_000020_039,cus_000020,sub_000020,2137,usd,paid,2025-03-04,2025-03-01,2025-03-31
in_000020_040,cus_000020,sub_000020,2247,usd,paid,2025-04-04,2025-04-01,2025-04-30
in_000020_041,cus_000020,sub_000020,2267,usd,paid,2025-05-04,2025-05-01,2025-05-31
in_000020_042,cus_000020,sub_000020,2330,usd,paid,2025-06-04,2025-06-01,2025-06-30
in_000020_043,cus_000020,sub_000020,2196,usd,paid,2025-07-04,2025-07-01,2025-07-31
in_000020_044,cus_000020,sub_000020,2339,usd,paid,2025-08-04,2025-08-01,2025-08-31
in_000020_045,cus_000020,sub_000020,2348,usd,paid,2025-09-04,2025-09-01,2025-09-30
in_000020_046,cus_000020,sub_000020,2225,usd,paid,2025-10-04,2025-10-01,2025-10-31
in_000020_047,cus_000020,sub_000020,2217,usd,paid,2025-11-04,2025-11-01,2025-11-30
in_000020_048,cus_000020,sub_000020,2373,usd,paid,2025-12-04,2025-12-01,2025-12-31
in_000020_049,cus_000020,sub_000020,2289,usd,paid,2026-01-04,2026-01-01,2026-01-31
in_000020_050,cus_000020,sub_000020,2201,usd,paid,2026-02-04,2026-02-01,2026-02-28
in_000020_051,cus_000020,sub_000020,2175,usd,paid,2026-03-04,2026-03-01,2026-03-31
in_000020_052,cus_000020,sub_000020,2254,usd,paid,2026-04-04,2026-04-01,2026-04-30
in_000020_053,cus_000020,sub_000020,2317,usd,paid,2026-05-04,2026-05-01,2026-05-31
in_000020_054,cus_000020,sub_000020,2202,usd,paid,2026-06-04,2026-06-01,2026-06-30
in_000020_055,cus_000020,sub_000020,2222,usd,paid,2026-07-04,2026-07-01,2026-07-31
in_000020_056,cus_000020,sub_000020,2194,usd,paid,2026-08-04,2026-08-01,2026-08-31
in_000020_057,cus_000020,sub_000020,2348,usd,paid,2026-09-04,2026-09-01,2026-09-30
in_000020_058,cus_000020,sub_000020,2225,usd,paid,2026-10-04,2026-10-01,2026-10-31
in_000020_059,cus_000020,sub_000020,2222,usd,paid,2026-11-04,2026-11-01,2026-11-30
in_000020_060,cus_000020,sub_000020,2261,usd,paid,2026-12-04,2026-12-01,2026-12-31
in_000020_061,cus_000020,sub_000020,2339,usd,paid,2027-01-04,2027-01-01,2027-01-31
in_000020_062,cus_000020,sub_000020,2248,usd,paid,2027-02-04,2027-02-01,2027-02-28
in_000020_063,cus_000020,sub_000020,1737,usd,paid,2027-03-04,2027-03-01,2027-03-31
in_000020_064,cus_000020,sub_000020,2050,usd,paid,2027-04-04,2027-04-01,2027-04-30
in_000020_065,cus_000020,sub_000020,2280,usd,paid,2027-05-04,2027-05-01,2027-05-31
in_000020_066,cus_000020,sub_000020,2182,usd,paid,2027-06-04,2027-06-01,2027-06-30
in_000020_067,cus_000020,sub_000020,2332,usd,paid,2027-07-04,2027-07-01,2027-07-31
in_000020_068,cus_000020,sub_000020,2205,usd,paid,2027-08-04,2027-08-01,2027-08-31
in_000020_069,cus_000020,sub_000020,2256,usd,paid,2027-09-04,2027-09-01,2027-09-30
in_000020_070,cus_000020,sub_000020,2358,usd,paid,2027-10-04,2027-10-01,2027-10-31
in_000020_071,cus_000020,sub_000020,2319,usd,paid,2027-11-04,2027-11-01,2027-11-30
in_000020_072,cus_000020,sub_000020,2256,usd,paid,2027-12-04,2027-12-01,2027-12-31
in_000020_073,cus_000020,sub_000020,2372,usd,paid,2028-01-04,2028-01-01,2028-01-31
in_000020_074,cus_000020,sub_000020,2328,usd,paid,2028-02-04,2028-02-01,2028-02-29
in_000020_075,cus_000020,sub_000020,2184,usd,paid,2028-03-04,2028-03-01,2028-03-31
in_000020_076,cus_000020,sub_000020,2208,usd,paid,2028-04-04,2028-04-01,2028-04-30
in_000020_077,cus_000020,sub_000020,2268,usd,paid,2028-05-04,2028-05-01,2028-05-31
in_000020_078,cus_000020,sub_000020,2343,usd,paid,2028-06-04,2028-06-01,2028-06-30
in_000020_079,cus_000020,sub_000020,2345,usd,paid,2028-07-04,2028-07-01,2028-07-31
in_000020_080,cus_000020,sub_000020,2225,usd,paid,2028-08-04,2028-08-01,2028-08-31
in_000020_081,cus_000020,sub_000020,2193,usd,paid,2028-09-04,2028-09-01,2028-09-30
in_000020_082,cus_000020,sub_000020,2254,usd,paid,2028-10-04,2028-10-01,2028-10-31
in_000020_083,cus_000020,sub_000020,2355,usd,paid,2028-11-04,2028-11-01,2028-11-30
in_000020_084,cus_000020,sub_000020,2170,usd,paid,2028-12-04,2028-12-01,2028-12-31
in_000021_001,cus_000021,sub_000021,2028,usd,paid,2022-01-19,2022-01-01,2022-01-31
in_000021_002,cus_000021,sub_000021,1948,usd,paid,2022-02-19,2022-02-01,2022-02-28
in_000021_003,cus_000021,sub_000021,2083,usd,paid,2022-03-19,2022-03-01,2022-03-31
in_000021_004,cus_000021,sub_000021,1963,usd,paid,2022-04-19,2022-04-01,2022-04-30
in_000021_005,cus_000021,sub_000021,2099,usd,paid,2022-05-19,2022-05-01,2022-05-31
in_000021_006,cus_000021,sub_000021,2055,usd,paid,2022-06-19,2022-06-01,2022-06-30
in_000021_007,cus_000021,sub_000021,1961,usd,paid,2022-07-19,2022-07-01,2022-07-31
in_000021_008,cus_000021,sub_000021,2136,usd,paid,2022-08-19,2022-08-01,2022-08-31
in_000021_009,cus_000021,sub_000021,2043,usd,paid,2022-09-19,2022-09-01,2022-09-30
in_000021_010,cus_000021,sub_000021,2070,usd,paid,2022-10-19,2022-10-01,2022-10-31
in_000021_011,cus_000021,sub_000021,2140,usd,paid,2022-11-19,2022-11-01,2022-11-30
in_000021_012,cus_000021,sub_000021,2039,usd,paid,2022-12-19,2022-12-01,2022-12-31
in_000021_013,cus_000021,sub_000021,2037,usd,paid,2023-01-19,2023-01-01,2023-01-31
in_000021_014,cus_000021,sub_000021,2101,usd,paid,2023-02-19,2023-02-01,2023-02-28
in_000021_015,cus_000021,sub_000021,2087,usd,paid,2023-03-19,2023-03-01,2023-03-31
in_000021_016,cus_000021,sub_000021,2205,usd,paid,2023-04-19,2023-04-01,2023-04-30
in_000021_017,cus_000021,sub_000021,2176,usd,paid,2023-05-19,2023-05-01,2023-05-31
in_000021_018,cus_000021,sub_000021,2139,usd,paid,2023-06-19,2023-06-01,2023-06-30
in_000021_019,cus_000021,sub_000021,2205,usd,paid,2023-07-19,2023-07-01,2023-07-31
in_000021_020,cus_000021,sub_000021,2198,usd,paid,2023-08-19,2023-08-01,2023-08-31
in_000021_021,cus_000021,sub_000021,2263,usd,paid,2023-09-19,2023-09-01,2023-09-30
in_000021_022,cus_000021,sub_000021,2197,usd,paid,2023-10-19,2023-10-01,2023-10-31
in_000021_023,cus_000021,sub_000021,2282,usd,paid,2023-11-19,2023-11-01,2023-11-30
in_000021_024,cus_000021,sub_000021,2165,usd,paid,2023-12-19,2023-12-01,2023-12-31
in_000021_025,cus_000021,sub_000021,2141,usd,paid,2024-01-19,2024-01-01,2024-01-31
in_000021_026,cus_000021,sub_000021,2167,usd,paid,2024-02-19,2024-02-01,2024-02-29
in_000021_027,cus_000021,sub_000021,2281,usd,paid,2024-03-19,2024-03-01,2024-03-31
in_000021_028,cus_000021,sub_000021,2260,usd,paid,2024-04-19,2024-04-01,2024-04-30
in_000021_029,cus_000021,sub_000021,2229,usd,paid,2024-05-19,2024-05-01,2024-05-31
in_000021_030,cus_000021,sub_000021,1954,usd,paid,2024-06-19,2024-06-01,2024-06-30
in_000021_031,cus_000021,sub_000021,2261,usd,paid,2024-07-19,2024-07-01,2024-07-31
in_000021_032,cus_000021,sub_000021,2217,usd,paid,2024-08-19,2024-08-01,2024-08-31
in_000021_033,cus_000021,sub_000021,2188,usd,paid,2024-09-19,2024-09-01,2024-09-30
in_000021_034,cus_000021,sub_000021,2122,usd,paid,2024-10-19,2024-10-01,2024-10-31
in_000021_035,cus_000021,sub_000021,2330,usd,paid,2024-11-19,2024-11-01,2024-11-30
in_000021_036,cus_000021,sub_000021,2291,usd,paid,2024-12-19,2024-12-01,2024-12-31
in_000021_037,cus_000021,sub_000021,2321,usd,paid,2025-01-19,2025-01-01,2025-01-31
in_000021_038,cus_000021,sub_000021,2329,usd,paid,2025-02-19,2025-02-01,2025-02-28
in_000021_039,cus_000021,sub_000021,2252,usd,paid,2025-03-19,2025-03-01,2025-03-31
in_000021_040,cus_000021,sub_000021,2191,usd,paid,2025-04-19,2025-04-01,2025-04-30
in_000021_041,cus_000021,sub_000021,2145,usd,paid,2025-05-19,2025-05-01,2025-05-31
in_000021_042,cus_000021,sub_000021,2302,usd,paid,2025-06-19,2025-06-01,2025-06-30
in_000021_043,cus_000021,sub_000021,2313,usd,paid,2025-07-19,2025-07-01,2025-07-31
in_000021_044,cus_000021,sub_000021,2255,usd,paid,2025-08-19,2025-08-01,2025-08-31
in_000021_045,cus_000021,sub_000021,2296,usd,paid,2025-09-19,2025-09-01,2025-09-30
in_000021_046,cus_000021,sub_000021,2355,usd,paid,2025-10-19,2025-10-01,2025-10-31
in_000021_047,cus_000021,sub_000021,2236,usd,paid,2025-11-19,2025-11-01,2025-11-30
in_000021_048,cus_000021,sub_000021,2191,usd,paid,2025-12-19,2025-12-01,2025-12-31
in_000021_049,cus_000021,sub_000021,2368,usd,paid,2026-01-19,2026-01-01,2026-01-31
in_000021_050,cus_000021,sub_000021,2238,usd,paid,2026-02-19,2026-02-01,2026-02-28
in_000021_051,cus_000021,sub_000021,2210,usd,paid,2026-03-19,2026-03-01,2026-03-31
in_000021_052,cus_000021,sub_000021,2190,usd,paid,2026-04-19,2026-04-01,2026-04-30
in_000021_053,cus_000021,sub_000021,2387,usd,paid,2026-05-19,2026-05-01,2026-05-31
in_000021_054,cus_000021,sub_000021,2192,usd,paid,2026-06-19,2026-06-01,2026-06-30
in_000021_055,cus_000021,sub_000021,2294,usd,paid,2026-07-19,2026-07-01,2026-07-31
in_000021_056,cus_000021,sub_000021,2306,usd,paid,2026-08-19,2026-08-01,2026-08-31
in_000021_057,cus_000021,sub_000021,2308,usd,paid,2026-09-19,2026-09-01,2026-09-30
in_000021_058,cus_000021,sub_000021,2324,usd,paid,2026-10-19,2026-10-01,2026-10-31
in_000021_059,cus_000021,sub_000021,2241,usd,paid,2026-11-19,2026-11-01,2026-11-30
in_000021_060,cus_000021,sub_000021,2201,usd,paid,2026-12-19,2026-12-01,2026-12-31
in_000021_061,cus_000021,sub_000021,2222,usd,paid,2027-01-19,2027-01-01,2027-01-31
in_000021_062,cus_000021,sub_000021,2218,usd,paid,2027-02-19,2027-02-01,2027-02-28
in_000021_063,cus_000021,sub_000021,2237,usd,paid,2027-03-19,2027-03-01,2027-03-31
in_000021_064,cus_000021,sub_000021,2357,usd,paid,2027-04-19,2027-04-01,2027-04-30
in_000021_065,cus_000021,sub_000021,2336,usd,paid,2027-05-19,2027-05-01,2027-05-31
in_000021_066,cus_000021,sub_000021,2212,usd,paid,2027-06-19,2027-06-01,2027-06-30
in_000021_067,cus_000021,sub_000021,2369,usd,paid,2027-07-19,2027-07-01,2027-07-31
in_000021_068,cus_000021,sub_000021,2292,usd,paid,2027-08-19,2027-08-01,2027-08-31
in_000021_069,cus_000021,sub_000021,2288,usd,paid,2027-09-19,2027-09-01,2027-09-30
in_000021_070,cus_000021,sub_000021,2301,usd,paid,2027-10-19,2027-10-01,2027-10-31
in_000021_071,cus_000021,sub_000021,2193,usd,paid,2027-11-19,2027-11-01,2027-11-30
in_000021_072,cus_000021,sub_000021,2316,usd,paid,2027-12-19,2027-12-01,2027-12-31
in_000021_073,cus_000021,sub_000021,2179,usd,paid,2028-01-19,2028-01-01,2028-01-31
in_000021_074,cus_000021,sub_000021,2255,usd,paid,2028-02-19,2028-02-01,2028-02-29
in_000021_075,cus_000021,sub_000021,2213,usd,paid,2028-03-19,2028-03-01,2028-03-31
in_000021_076,cus_000021,sub_000021,2331,usd,paid,2028-04-19,2028-04-01,2028-04-30
in_000021_077,cus_000021,sub_000021,2351,usd,paid,2028-05-19,2028-05-01,2028-05-31
in_000021_078,cus_000021,sub_000021,2335,usd,paid,2028-06-19,2028-06-01,2028-06-30
in_000021_079,cus_000021,sub_000021,2276,usd,paid,2028-07-19,2028-07-01,2028-07-31
in_000021_080,cus_000021,sub_000021,2373,usd,paid,2028-08-19,2028-08-01,2028-08-31
in_000021_081,cus_000021,sub_000021,2283,usd,paid,2028-09-19,2028-09-01,2028-09-30
in_000021_082,cus_000021,sub_000021,2330,usd,paid,2028-10-19,2028-10-01,2028-10-31
in_000021_083,cus_000021,sub_000021,2280,usd,paid,2028-11-19,2028-11-01,2028-11-30
in_000021_084,cus_000021,sub_000021,2372,usd,paid,2028-12-19,2028-12-01,2028-12-31
in_000022_001,cus_000022,sub_000022,1994,usd,paid,2022-01-05,2022-01-01,2022-01-31
in_000022_002,cus_000022,sub_000022,1996,usd,paid,2022-02-05,2022-02-01,2022-02-28
in_000022_003,cus_000022,sub_000022,1955,usd,paid,2022-03-05,2022-03-01,2022-03-31
in_000022_004,cus_000022,sub_000022,1918,usd,paid,2022-04-05,2022-04-01,2022-04-30
in_000022_005,cus_000022,sub_000022,2079,usd,paid,2022-05-05,2022-05-01,2022-05-31
in_000022_006,cus_000022,sub_000022,1936,usd,paid,2022-06-05,2022-06-01,2022-06-30
in_000022_007,cus_000022,sub_000022,1966,usd,paid,2022-07-05,2022-07-01,2022-07-31
in_000022_008,cus_000022,sub_000022,1978,usd,paid,2022-08-05,2022-08-01,2022-08-31
in_000022_009,cus_000022,sub_000022,2019,usd,paid,2022-09-05,2022-09-01,2022-09-30
in_000022_010,cus_000022,sub_000022,2046,usd,paid,2022-10-05,2022-10-01,2022-10-31
in_000022_011,cus_000022,sub_000022,2018,usd,paid,2022-11-05,2022-11-01,2022-11-30
in_000022_012,cus_000022,sub_000022,2083,usd,paid,2022-12-05,2022-12-01,2022-12-31
in_000022_013,cus_000022,sub_000022,2165,usd,paid,2023-01-05,2023-01-01,2023-01-31
in_000022_014,cus_000022,sub_000022,2042,usd,paid,2023-02-05,2023-02-01,2023-02-28
in_000022_015,cus_000022,sub_000022,2056,usd,paid,2023-03-05,2023-03-01,2023-03-31
in_000022_016,cus_000022,sub_000022,2135,usd,paid,2023-04-05,2023-04-01,2023-04-30
in_000022_017,cus_000022,sub_000022,2230,usd,paid,2023-05-05,2023-05-01,2023-05-31
in_000022_018,cus_000022,sub_000022,2163,usd,paid,2023-06-05,2023-06-01,2023-06-30
in_000022_019,cus_000022,sub_000022,2235,usd,paid,2023-07-05,2023-07-01,2023-07-31
in_000022_020,cus_000022,sub_000022,2157,usd,paid,2023-08-05,2023-08-01,2023-08-31
in_000022_021,cus_000022,sub_000022,2116,usd,paid,2023-09-05,2023-09-01,2023-09-30
in_000022_022,cus_000022,sub_000022,2273,usd,paid,2023-10-05,2023-10-01,2023-10-31
in_000022_023,cus_000022,sub_000022,2264,usd,paid,2023-11-05,2023-11-01,2023-11-30
in_000022_024,cus_000022,sub_000022,2134,usd,paid,2023-12-05,2023-12-01,2023-12-31
in_000022_025,cus_000022,sub_000022,2199,usd,paid,2024-01-05,2024-01-01,2024-01-31
in_000022_026,cus_000022,sub_000022,2194,usd,paid,2024-02-05,2024-02-01,2024-02-29
in_000022_027,cus_000022,sub_000022,2177,usd,paid,2024-03-05,2024-03-01,2024-03-31
in_000022_028,cus_000022,sub_000022,2164,usd,paid,2024-04-05,2024-04-01,2024-04-30
in_000022_029,cus_000022,sub_000022,2123,usd,paid,2024-05-05,2024-05-01,2024-05-31
in_000022_030,cus_000022,sub_000022,2287,usd,paid,2024-06-05,2024-06-01,2024-06-30
in_000022_031,cus_000022,sub_000022,2153,usd,paid,2024-07-05,2024-07-01,2024-07-31
in_000022_032,cus_000022,sub_000022,1866,usd,paid,2024-08-05,2024-08-01,2024-08-31
in_000022_033,cus_000022,sub_000022,2150,usd,paid,2024-09-05,2024-09-01,2024-09-30
in_000022_034,cus_000022,sub_000022,2176,usd,paid,2024-10-05,2024-10-01,2024-10-31
in_000022_035,cus_000022,sub_000022,2131,usd,paid,2024-11-05,2024-11-01,2024-11-30
in_000022_036,cus_000022,sub_000022,2128,usd,paid,2024-12-05,2024-12-01,2024-12-31
in_000022_037,cus_000022,sub_000022,2162,usd,paid,2025-01-05,2025-01-01,2025-01-31
in_000022_038,cus_000022,sub_000022,2230,usd,paid,2025-02-05,2025-02-01,2025-02-28
in_000022_039,cus_000022,sub_000022,2149,usd,paid,2025-03-05,2025-03-01,2025-03-31
in_000022_040,cus_000022,sub_000022,2020,usd,paid,2025-04-05,2025-04-01,2025-04-30
in_000022_041,cus_000022,sub_000022,2342,usd,paid,2025-05-05,2025-05-01,2025-05-31
in_000022_042,cus_000022,sub_000022,2176,usd,paid,2025-06-05,2025-06-01,2025-06-30
in_000022_043,cus_000022,sub_000022,2294,usd,paid,2025-07-05,2025-07-01,2025-07-31
in_000022_044,cus_000022,sub_000022,2283,usd,paid,2025-08-05,2025-08-01,2025-08-31
in_000022_045,cus_000022,sub_000022,2262,usd,paid,2025-09-05,2025-09-01,2025-09-30
in_000022_046,cus_000022,sub_000022,2262,usd,paid,2025-10-05,2025-10-01,2025-10-31
in_000022_047,cus_000022,sub_000022,1831,usd,paid,2025-11-05,2025-11-01,2025-11-30
in_000022_048,cus_000022,sub_000022,1885,usd,paid,2025-12-05,2025-12-01,2025-12-31
in_000022_049,cus_000022,sub_000022,2309,usd,paid,2026-01-05,2026-01-01,2026-01-31
in_000022_050,cus_000022,sub_000022,2339,usd,paid,2026-02-05,2026-02-01,2026-02-28
in_000022_051,cus_000022,sub_000022,2324,usd,paid,2026-03-05,2026-03-01,2026-03-31
in_000022_052,cus_000022,sub_000022,2270,usd,paid,2026-04-05,2026-04-01,2026-04-30
in_000022_053,cus_000022,sub_000022,1897,usd,paid,2026-05-05,2026-05-01,2026-05-31
in_000022_054,cus_000022,sub_000022,2266,usd,paid,2026-06-05,2026-06-01,2026-06-30
in_000022_055,cus_000022,sub_000022,2202,usd,paid,2026-07-05,2026-07-01,2026-07-31
in_000022_056,cus_000022,sub_000022,2373,usd,paid,2026-08-05,2026-08-01,2026-08-31
in_000022_057,cus_000022,sub_000022,1697,usd,paid,2026-09-05,2026-09-01,2026-09-30
in_000022_058,cus_000022,sub_000022,1778,usd,paid,2026-10-05,2026-10-01,2026-10-31
in_000022_059,cus_000022,sub_000022,2383,usd,paid,2026-11-05,2026-11-01,2026-11-30
in_000022_060,cus_000022,sub_000022,2383,usd,paid,2026-12-05,2026-12-01,2026-12-31
in_000022_061,cus_000022,sub_000022,2180,usd,paid,2027-01-05,2027-01-01,2027-01-31
in_000022_062,cus_000022,sub_000022,2302,usd,paid,2027-02-05,2027-02-01,2027-02-28
in_000022_063,cus_000022,sub_000022,2257,usd,paid,2027-03-05,2027-03-01,2027-03-31
in_000022_064,cus_000022,sub_000022,2197,usd,paid,2027-04-05,2027-04-01,2027-04-30
in_000022_065,cus_000022,sub_000022,2179,usd,paid,2027-05-05,2027-05-01,2027-05-31
in_000022_066,cus_000022,sub_000022,2355,usd,paid,2027-06-05,2027-06-01,2027-06-30
in_000022_067,cus_000022,sub_000022,2278,usd,paid,2027-07-05,2027-07-01,2027-07-31
in_000022_068,cus_000022,sub_000022,2383,usd,paid,2027-08-05,2027-08-01,2027-08-31
in_000022_069,cus_000022,sub_000022,2246,usd,paid,2027-09-05,2027-09-01,2027-09-30
in_000022_070,cus_000022,sub_000022,2212,usd,paid,2027-10-05,2027-10-01,2027-10-31
in_000022_071,cus_000022,sub_000022,2377,usd,paid,2027-11-05,2027-11-01,2027-11-30
in_000022_072,cus_000022,sub_000022,2211,usd,paid,2027-12-05,2027-12-01,2027-12-31
in_000022_073,cus_000022,sub_000022,2248,usd,paid,2028-01-05,2028-01-01,2028-01-31
in_000022_074,cus_000022,sub_000022,2217,usd,paid,2028-02-05,2028-02-01,2028-02-29
in_000022_075,cus_000022,sub_000022,2373,usd,paid,2028-03-05,2028-03-01,2028-03-31
in_000022_076,cus_000022,sub_000022,2320,usd,paid,2028-04-05,2028-04-01,2028-04-30
in_000022_077,cus_000022,sub_000022,2196,usd,paid,2028-05-05,2028-05-01,2028-05-31
in_000022_078,cus_000022,sub_000022,2316,usd,paid,2028-06-05,2028-06-01,2028-06-30
in_000022_079,cus_000022,sub_000022,2178,usd,paid,2028-07-05,2028-07-01,2028-07-31
in_000022_080,cus_000022,sub_000022,2334,usd,paid,2028-08-05,2028-08-01,2028-08-31
in_000022_081,cus_000022,sub_000022,2238,usd,paid,2028-09-05,2028-09-01,2028-09-30
in_000022_082,cus_000022,sub_000022,2281,usd,paid,2028-10-05,2028-10-01,2028-10-31
in_000022_083,cus_000022,sub_000022,2264,usd,paid,2028-11-05,2028-11-01,2028-11-30
in_000022_084,cus_000022,sub_000022,2310,usd,paid,2028-12-05,2028-12-01,2028-12-31
in_000023_001,cus_000023,sub_000023,2077,usd,paid,2022-01-15,2022-01-01,2022-01-31
in_000023_002,cus_000023,sub_000023,1934,usd,paid,2022-02-15,2022-02-01,2022-02-28
in_000023_003,cus_000023,sub_000023,1727,usd,paid,2022-03-15,2022-03-01,2022-03-31
in_000023_004,cus_000023,sub_000023,1946,usd,paid,2022-04-15,2022-04-01,2022-04-30
in_000023_005,cus_000023,sub_000023,2007,usd,paid,2022-05-15,2022-05-01,2022-05-31
in_000023_006,cus_000023,sub_000023,1543,usd,paid,2022-06-15,2022-06-01,2022-06-30
in_000023_007,cus_000023,sub_000023,2011,usd,paid,2022-07-15,2022-07-01,2022-07-31
in_000023_008,cus_000023,sub_000023,1672,usd,paid,2022-08-15,2022-08-01,2022-08-31
in_000023_009,cus_000023,sub_000023,2046,usd,paid,2022-09-15,2022-09-01,2022-09-30
in_000023_010,cus_000023,sub_000023,2128,usd,paid,2022-10-15,2022-10-01,2022-10-31
in_000023_011,cus_000023,sub_000023,2080,usd,paid,2022-11-15,2022-11-01,2022-11-30
in_000023_012,cus_000023,sub_000023,1983,usd,paid,2022-12-15,2022-12-01,2022-12-31
in_000023_013,cus_000023,sub_000023,2060,usd,paid,2023-01-15,2023-01-01,2023-01-31
in_000023_014,cus_000023,sub_000023,2016,usd,paid,2023-02-15,2023-02-01,2023-02-28
in_000023_015,cus_000023,sub_000023,1717,usd,paid,2023-03-15,2023-03-01,2023-03-31
in_000023_016,cus_000023,sub_000023,2173,usd,paid,2023-04-15,2023-04-01,2023-04-30
in_000023_017,cus_000023,sub_000023,2187,usd,paid,2023-05-15,2023-05-01,2023-05-31
in_000023_018,cus_000023,sub_000023,2225,usd,paid,2023-06-15,2023-06-01,2023-06-30
in_000023_019,cus_000023,sub_000023,2044,usd,paid,2023-07-15,2023-07-01,2023-07-31
in_000023_020,cus_000023,sub_000023,2161,usd,paid,2023-08-15,2023-08-01,2023-08-31
in_000023_021,cus_000023,sub_000023,2124,usd,paid,2023-09-15,2023-09-01,2023-09-30
in_000023_022,cus_000023,sub_000023,2062,usd,paid,2023-10-15,2023-10-01,2023-10-31
in_000023_023,cus_000023,sub_000023,2250,usd,paid,2023-11-15,2023-11-01,2023-11-30
in_000023_024,cus_000023,sub_000023,2180,usd,paid,2023-12-15,2023-12-01,2023-12-31
in_000023_025,cus_000023,sub_000023,2183,usd,paid,2024-01-15,2024-01-01,2024-01-31
in_000023_026,cus_000023,sub_000023,2094,usd,paid,2024-02-15,2024-02-01,2024-02-29
in_000023_027,cus_000023,sub_000023,2145,usd,paid,2024-03-15,2024-03-01,2024-03-31
in_000023_028,cus_000023,sub_000023,2111,usd,paid,2024-04-15,2024-04-01,2024-04-30
in_000023_029,cus_000023,sub_000023,2300,usd,paid,2024-05-15,2024-05-01,2024-05-31
in_000023_030,cus_000023,sub_000023,2314,usd,paid,2024-06-15,2024-06-01,2024-06-30
in_000023_031,cus_000023,sub_000023,2215,usd,paid,2024-07-15,2024-07-01,2024-07-31
in_000023_032,cus_000023,sub_000023,2206,usd,paid,2024-08-15,2024-08-01,2024-08-31
in_000023_033,cus_000023,sub_000023,2301,usd,paid,2024-09-15,2024-09-01,2024-09-30
in_000023_034,cus_000023,sub_000023,2233,usd,paid,2024-10-15,2024-10-01,2024-10-31
in_000023_035,cus_000023,sub_000023,2161,usd,paid,2024-11-15,2024-11-01,2024-11-30
in_000023_036,cus_000023,sub_000023,2130,usd,paid,2024-12-15,2024-12-01,2024-12-31
in_000023_037,cus_000023,sub_000023,2172,usd,paid,2025-01-15,2025-01-01,2025-01-31
in_000023_038,cus_000023,sub_000023,2171,usd,paid,2025-02-15,2025-02-01,2025-02-28
in_000023_039,cus_000023,sub_000023,2192,usd,paid,2025-03-15,2025-03-01,2025-03-31
in_000023_040,cus_000023,sub_000023,2214,usd,paid,2025-04-15,2025-04-01,2025-04-30
in_000023_041,cus_000023,sub_000023,2244,usd,paid,2025-05-15,2025-05-01,2025-05-31
in_000023_042,cus_000023,sub_000023,2334,usd,paid,2025-06-15,2025-06-01,2025-06-30
in_000023_043,cus_000023,sub_000023,2193,usd,paid,2025-07-15,2025-07-01,2025-07-31
in_000023_044,cus_000023,sub_000023,1782,usd,paid,2025-08-15,2025-08-01,2025-08-31
in_000023_045,cus_000023,sub_000023,2179,usd,paid,2025-09-15,2025-09-01,2025-09-30
in_000023_046,cus_000023,sub_000023,2323,usd,paid,2025-10-15,2025-10-01,2025-10-31
in_000023_047,cus_000023,sub_000023,2340,usd,paid,2025-11-15,2025-11-01,2025-11-30
in_000023_048,cus_000023,sub_000023,2297,usd,paid,2025-12-15,2025-12-01,2025-12-31
in_000023_049,cus_000023,sub_000023,2325,usd,paid,2026-01-15,2026-01-01,2026-01-31
in_000023_050,cus_000023,sub_000023,2240,usd,paid,2026-02-15,2026-02-01,2026-02-28
in_000023_051,cus_000023,sub_000023,2280,usd,paid,2026-03-15,2026-03-01,2026-03-31
in_000023_052,cus_000023,sub_000023,2203,usd,paid,2026-04-15,2026-04-01,2026-04-30
in_000023_053,cus_000023,sub_000023,2165,usd,paid,2026-05-15,2026-05-01,2026-05-31
in_000023_054,cus_000023,sub_000023,1952,usd,paid,2026-06-15,2026-06-01,2026-06-30
in_000023_055,cus_000023,sub_000023,2217,usd,paid,2026-07-15,2026-07-01,2026-07-31
in_000023_056,cus_000023,sub_000023,2170,usd,paid,2026-08-15,2026-08-01,2026-08-31
in_000023_057,cus_000023,sub_000023,2206,usd,paid,2026-09-15,2026-09-01,2026-09-30
in_000023_058,cus_000023,sub_000023,2250,usd,paid,2026-10-15,2026-10-01,2026-10-31
in_000023_059,cus_000023,sub_000023,2237,usd,paid,2026-11-15,2026-11-01,2026-11-30
in_000023_060,cus_000023,sub_000023,2168,usd,paid,2026-12-15,2026-12-01,2026-12-31
in_000023_061,cus_000023,sub_000023,2334,usd,paid,2027-01-15,2027-01-01,2027-01-31
in_000023_062,cus_000023,sub_000023,2374,usd,paid,2027-02-15,2027-02-01,2027-02-28
in_000023_063,cus_000023,sub_000023,2283,usd,paid,2027-03-15,2027-03-01,2027-03-31
in_000023_064,cus_000023,sub_000023,2338,usd,paid,2027-04-15,2027-04-01,2027-04-30
in_000023_065,cus_000023,sub_000023,2354,usd,paid,2027-05-15,2027-05-01,2027-05-31
in_000023_066,cus_000023,sub_000023,2261,usd,paid,2027-06-15,2027-06-01,2027-06-30
in_000023_067,cus_000023,sub_000023,2346,usd,paid,2027-07-15,2027-07-01,2027-07-31
in_000023_068,cus_000023,sub_000023,2374,usd,paid,2027-08-15,2027-08-01,2027-08-31
in_000023_069,cus_000023,sub_000023,2388,usd,paid,2027-09-15,2027-09-01,2027-09-30
in_000023_070,cus_000023,sub_000023,2183,usd,paid,2027-10-15,2027-10-01,2027-10-31
in_000023_071,cus_000023,sub_000023,2170,usd,paid,2027-11-15,2027-11-01,2027-11-30
in_000023_072,cus_000023,sub_000023,2344,usd,paid,2027-12-15,2027-12-01,2027-12-31
in_000023_073,cus_000023,sub_000023,2357,usd,paid,2028-01-15,2028-01-01,2028-01-31
in_000023_074,cus_000023,sub_000023,2225,usd,paid,2028-02-15,2028-02-01,2028-02-29
in_000023_075,cus_000023,sub_000023,2172,usd,paid,2028-03-15,2028-03-01,2028-03-31
in_000023_076,cus_000023,sub_000023,2223,usd,paid,2028-04-15,2028-04-01,2028-04-30
in_000023_077,cus_000023,sub_000023,2259,usd,paid,2028-05-15,2028-05-01,2028-05-31
in_000023_078,cus_000023,sub_000023,2224,usd,paid,2028-06-15,2028-06-01,2028-06-30
in_000023_079,cus_000023,sub_000023,2259,usd,paid,2028-07-15,2028-07-01,2028-07-31
in_000023_080,cus_000023,sub_000023,2277,usd,paid,2028-08-15,2028-08-01,2028-08-31
in_000023_081,cus_000023,sub_000023,2221,usd,paid,2028-09-15,2028-09-01,2028-09-30
in_000023_082,cus_000023,sub_000023,2197,usd,paid,2028-10-15,2028-10-01,2028-10-31
in_000023_083,cus_000023,sub_000023,2291,usd,paid,2028-11-15,2028-11-01,2028-11-30
in_000023_084,cus_000023,sub_000023,2350,usd,paid,2028-12-15,2028-12-01,2028-12-31
in_000024_001,cus_000024,sub_000024,58267,usd,paid,2022-01-06,2022-01-01,2022-01-31
in_000024_002,cus_000024,sub_000024,60643,usd,paid,2022-02-06,2022-02-01,2022-02-28
in_000024_003,cus_000024,sub_000024,61881,usd,paid,2022-03-06,2022-03-01,2022-03-31
in_000024_004,cus_000024,sub_000024,62833,usd,paid,2022-04-06,2022-04-01,2022-04-30
in_000025_001,cus_000025,sub_000025,61744,usd,paid,2022-01-24,2022-01-01,2022-01-31
in_000025_002,cus_000025,sub_000025,60288,usd,paid,2022-02-24,2022-02-01,2022-02-28
in_000025_003,cus_000025,sub_000025,61368,usd,paid,2022-03-24,2022-03-01,2022-03-31
in_000025_004,cus_000025,sub_000025,65666,usd,paid,2022-04-24,2022-04-01,2022-04-30
in_000025_005,cus_000025,sub_000025,65033,usd,paid,2022-05-24,2022-05-01,2022-05-31
in_000025_006,cus_000025,sub_000025,64789,usd,paid,2022-06-24,2022-06-01,2022-06-30
in_000025_007,cus_000025,sub_000025,67242,usd,paid,2022-07-24,2022-07-01,2022-07-31
in_000025_008,cus_000025,sub_000025,70927,usd,paid,2022-08-24,2022-08-01,2022-08-31
in_000025_009,cus_000025,sub_000025,68642,usd,paid,2022-09-24,2022-09-01,2022-09-30
in_000025_010,cus_000025,sub_000025,70791,usd,paid,2022-10-24,2022-10-01,2022-10-31
in_000025_011,cus_000025,sub_000025,77546,usd,paid,2022-11-24,2022-11-01,2022-11-30
in_000025_012,cus_000025,sub_000025,67957,usd,paid,2022-12-24,2022-12-01,2022-12-31
in_000025_013,cus_000025,sub_000025,78765,usd,paid,2023-01-24,2023-01-01,2023-01-31
in_000025_014,cus_000025,sub_000025,79246,usd,paid,2023-02-24,2023-02-01,2023-02-28
in_000025_015,cus_000025,sub_000025,84870,usd,paid,2023-03-24,2023-03-01,2023-03-31
in_000025_016,cus_000025,sub_000025,82381,usd,paid,2023-04-24,2023-04-01,2023-04-30
in_000025_017,cus_000025,sub_000025,88835,usd,paid,2023-05-24,2023-05-01,2023-05-31
in_000025_018,cus_000025,sub_000025,91449,usd,paid,2023-06-24,2023-06-01,2023-06-30
in_000025_019,cus_000025,sub_000025,93724,usd,paid,2023-07-24,2023-07-01,2023-07-31
in_000025_020,cus_000025,sub_000025,95746,usd,paid,2023-08-24,2023-08-01,2023-08-31
in_000025_021,cus_000025,sub_000025,98548,usd,paid,2023-09-24,2023-09-01,2023-09-30
in_000025_022,cus_000025,sub_000025,100325,usd,paid,2023-10-24,2023-10-01,2023-10-31
in_000025_023,cus_000025,sub_000025,99146,usd,paid,2023-11-24,2023-11-01,2023-11-30
in_000025_024,cus_000025,sub_000025,101551,usd,paid,2023-12-24,2023-12-01,2023-12-31
in_000025_025,cus_000025,sub_000025,101758,usd,paid,2024-01-24,2024-01-01,2024-01-31
in_000025_026,cus_000025,sub_000025,106622,usd,paid,2024-02-24,2024-02-01,2024-02-29
in_000025_027,cus_000025,sub_000025,101959,usd,paid,2024-03-24,2024-03-01,2024-03-31
in_000025_028,cus_000025,sub_000025,108360,usd,paid,2024-04-24,2024-04-01,2024-04-30
in_000025_029,cus_000025,sub_000025,111050,usd,paid,2024-05-24,2024-05-01,2024-05-31
in_000025_030,cus_000025,sub_000025,108622,usd,paid,2024-06-24,2024-06-01,2024-06-30
in_000025_031,cus_000025,sub_000025,114000,usd,paid,2024-07-24,2024-07-01,2024-07-31
in_000025_032,cus_000025,sub_000025,112362,usd,paid,2024-08-24,2024-08-01,2024-08-31
in_000025_033,cus_000025,sub_000025,110302,usd,paid,2024-09-24,2024-09-01,2024-09-30
in_000025_034,cus_000025,sub_000025,108531,usd,paid,2024-10-24,2024-10-01,2024-10-31
in_000025_035,cus_000025,sub_000025,113199,usd,paid,2024-11-24,2024-11-01,2024-11-30
in_000025_036,cus_000025,sub_000025,116615,usd,paid,2024-12-24,2024-12-01,2024-12-31
in_000025_037,cus_000025,sub_000025,119536,usd,paid,2025-01-24,2025-01-01,2025-01-31
in_000025_038,cus_000025,sub_000025,112416,usd,paid,2025-02-24,2025-02-01,2025-02-28
in_000026_001,cus_000026,sub_000026,60069,usd,paid,2022-01-13,2022-01-01,2022-01-31
in_000026_002,cus_000026,sub_000026,62923,usd,paid,2022-02-13,2022-02-01,2022-02-28
in_000026_003,cus_000026,sub_000026,61780,usd,paid,2022-03-13,2022-03-01,2022-03-31
in_000026_004,cus_000026,sub_000026,62717,usd,paid,2022-04-13,2022-04-01,2022-04-30
in_000026_005,cus_000026,sub_000026,63326,usd,paid,2022-05-13,2022-05-01,2022-05-31
in_000026_006,cus_000026,sub_000026,65742,usd,paid,2022-06-13,2022-06-01,2022-06-30
in_000026_007,cus_000026,sub_000026,66564,usd,paid,2022-07-13,2022-07-01,2022-07-31
in_000026_008,cus_000026,sub_000026,72154,usd,paid,2022-08-13,2022-08-01,2022-08-31
in_000026_009,cus_000026,sub_000026,70787,usd,paid,2022-09-13,2022-09-01,2022-09-30
in_000026_010,cus_000026,sub_000026,74764,usd,paid,2022-10-13,2022-10-01,2022-10-31
in_000026_011,cus_000026,sub_000026,79129,usd,paid,2022-11-13,2022-11-01,2022-11-30
in_000026_012,cus_000026,sub_000026,79942,usd,paid,2022-12-13,2022-12-01,2022-12-31
in_000026_013,cus_000026,sub_000026,79251,usd,paid,2023-01-13,2023-01-01,2023-01-31
in_000026_014,cus_000026,sub_000026,77897,usd,paid,2023-02-13,2023-02-01,2023-02-28
in_000026_015,cus_000026,sub_000026,87183,usd,paid,2023-03-13,2023-03-01,2023-03-31
in_000026_016,cus_000026,sub_000026,88210,usd,paid,2023-04-13,2023-04-01,2023-04-30
in_000026_017,cus_000026,sub_000026,84957,usd,paid,2023-05-13,2023-05-01,2023-05-31
in_000026_018,cus_000026,sub_000026,93180,usd,paid,2023-06-13,2023-06-01,2023-06-30
in_000026_019,cus_000026,sub_000026,87964,usd,paid,2023-07-13,2023-07-01,2023-07-31
in_000026_020,cus_000026,sub_000026,95221,usd,paid,2023-08-13,2023-08-01,2023-08-31
in_000026_021,cus_000026,sub_000026,81459,usd,paid,2023-09-13,2023-09-01,2023-09-30
in_000026_022,cus_000026,sub_000026,97992,usd,paid,2023-10-13,2023-10-01,2023-10-31
in_000026_023,cus_000026,sub_000026,100873,usd,paid,2023-11-13,2023-11-01,2023-11-30
in_000026_024,cus_000026,sub_000026,100541,usd,paid,2023-12-13,2023-12-01,2023-12-31
in_000026_025,cus_000026,sub_000026,97498,usd,paid,2024-01-13,2024-01-01,2024-01-31
in_000026_026,cus_000026,sub_000026,101581,usd,paid,2024-02-13,2024-02-01,2024-02-29
in_000026_027,cus_000026,sub_000026,99566,usd,paid,2024-03-13,2024-03-01,2024-03-31
in_000026_028,cus_000026,sub_000026,107401,usd,paid,2024-04-13,2024-04-01,2024-04-30
in_000026_029,cus_000026,sub_000026,111357,usd,paid,2024-05-13,2024-05-01,2024-05-31
in_000026_030,cus_000026,sub_000026,108499,usd,paid,2024-06-13,2024-06-01,2024-06-30
in_000026_031,cus_000026,sub_000026,109528,usd,paid,2024-07-13,2024-07-01,2024-07-31
in_000026_032,cus_000026,sub_000026,109133,usd,paid,2024-08-13,2024-08-01,2024-08-31
in_000026_033,cus_000026,sub_000026,110153,usd,paid,2024-09-13,2024-09-01,2024-09-30
in_000026_034,cus_000026,sub_000026,114097,usd,paid,2024-10-13,2024-10-01,2024-10-31
in_000026_035,cus_000026,sub_000026,116113,usd,paid,2024-11-13,2024-11-01,2024-11-30
in_000026_036,cus_000026,sub_000026,86552,usd,paid,2024-12-13,2024-12-01,2024-12-31
in_000026_037,cus_000026,sub_000026,115718,usd,paid,2025-01-13,2025-01-01,2025-01-31
in_000026_038,cus_000026,sub_000026,113895,usd,paid,2025-02-13,2025-02-01,2025-02-28
in_000026_039,cus_000026,sub_000026,118030,usd,paid,2025-03-13,2025-03-01,2025-03-31
in_000026_040,cus_000026,sub_000026,118688,usd,paid,2025-04-13,2025-04-01,2025-04-30
in_000026_041,cus_000026,sub_000026,117608,usd,paid,2025-05-13,2025-05-01,2025-05-31
in_000026_042,cus_000026,sub_000026,117936,usd,paid,2025-06-13,2025-06-01,2025-06-30
in_000026_043,cus_000026,sub_000026,113850,usd,paid,2025-07-13,2025-07-01,2025-07-31
in_000026_044,cus_000026,sub_000026,117425,usd,paid,2025-08-13,2025-08-01,2025-08-31
in_000026_045,cus_000026,sub_000026,122443,usd,paid,2025-09-13,2025-09-01,2025-09-30
in_000026_046,cus_000026,sub_000026,122723,usd,paid,2025-10-13,2025-10-01,2025-10-31
in_000026_047,cus_000026,sub_000026,122202,usd,paid,2025-11-13,2025-11-01,2025-11-30
in_000026_048,cus_000026,sub_000026,125313,usd,paid,2025-12-13,2025-12-01,2025-12-31
in_000026_049,cus_000026,sub_000026,120804,usd,paid,2026-01-13,2026-01-01,2026-01-31
in_000026_050,cus_000026,sub_000026,120960,usd,paid,2026-02-13,2026-02-01,2026-02-28
in_000026_051,cus_000026,sub_000026,122589,usd,paid,2026-03-13,2026-03-01,2026-03-31
in_000026_052,cus_000026,sub_000026,120692,usd,paid,2026-04-13,2026-04-01,2026-04-30
in_000026_053,cus_000026,sub_000026,123623,usd,paid,2026-05-13,2026-05-01,2026-05-31
in_000026_054,cus_000026,sub_000026,119414,usd,paid,2026-06-13,2026-06-01,2026-06-30
in_000026_055,cus_000026,sub_000026,118969,usd,paid,2026-07-13,2026-07-01,2026-07-31
in_000026_056,cus_000026,sub_000026,123135,usd,paid,2026-08-13,2026-08-01,2026-08-31
in_000026_057,cus_000026,sub_000026,123116,usd,paid,2026-09-13,2026-09-01,2026-09-30
in_000026_058,cus_000026,sub_000026,122504,usd,paid,2026-10-13,2026-10-01,2026-10-31
in_000026_059,cus_000026,sub_000026,125365,usd,paid,2026-11-13,2026-11-01,2026-11-30
in_000026_060,cus_000026,sub_000026,122276,usd,paid,2026-12-13,2026-12-01,2026-12-31
in_000026_061,cus_000026,sub_000026,121441,usd,paid,2027-01-13,2027-01-01,2027-01-31
in_000026_062,cus_000026,sub_000026,88771,usd,paid,2027-02-13,2027-02-01,2027-02-28
in_000026_063,cus_000026,sub_000026,120180,usd,paid,2027-03-13,2027-03-01,2027-03-31
in_000026_064,cus_000026,sub_000026,128985,usd,paid,2027-04-13,2027-04-01,2027-04-30
in_000026_065,cus_000026,sub_000026,128927,usd,paid,2027-05-13,2027-05-01,2027-05-31
in_000026_066,cus_000026,sub_000026,92907,usd,paid,2027-06-13,2027-06-01,2027-06-30
in_000026_067,cus_000026,sub_000026,130651,usd,paid,2027-07-13,2027-07-01,2027-07-31
in_000026_068,cus_000026,sub_000026,123144,usd,paid,2027-08-13,2027-08-01,2027-08-31
in_000026_069,cus_000026,sub_000026,128302,usd,paid,2027-09-13,2027-09-01,2027-09-30
in_000026_070,cus_000026,sub_000026,126532,usd,paid,2027-10-13,2027-10-01,2027-10-31
in_000026_071,cus_000026,sub_000026,127756,usd,paid,2027-11-13,2027-11-01,2027-11-30
in_000026_072,cus_000026,sub_000026,124978,usd,paid,2027-12-13,2027-12-01,2027-12-31
in_000026_073,cus_000026,sub_000026,122356,usd,paid,2028-01-13,2028-01-01,2028-01-31
in_000026_074,cus_000026,sub_000026,130157,usd,paid,2028-02-13,2028-02-01,2028-02-29
in_000026_075,cus_000026,sub_000026,126623,usd,paid,2028-03-13,2028-03-01,2028-03-31
in_000026_076,cus_000026,sub_000026,128367,usd,paid,2028-04-13,2028-04-01,2028-04-30
in_000026_077,cus_000026,sub_000026,131053,usd,paid,2028-05-13,2028-05-01,2028-05-31
in_000026_078,cus_000026,sub_000026,130278,usd,paid,2028-06-13,2028-06-01,2028-06-30
in_000026_079,cus_000026,sub_000026,125918,usd,paid,2028-07-13,2028-07-01,2028-07-31
in_000026_080,cus_000026,sub_000026,124806,usd,paid,2028-08-13,2028-08-01,2028-08-31
in_000026_081,cus_000026,sub_000026,123777,usd,paid,2028-09-13,2028-09-01,2028-09-30
in_000026_082,cus_000026,sub_000026,126806,usd,paid,2028-10-13,2028-10-01,2028-10-31
in_000026_083,cus_000026,sub_000026,125363,usd,paid,2028-11-13,2028-11-01,2028-11-30
in_000026_084,cus_000026,sub_000026,130871,usd,paid,2028-12-13,2028-12-01,2028-12-31
in_000027_001,cus_000027,sub_000027,62538,usd,paid,2022-01-05,2022-01-01,2022-01-31
in_000027_002,cus_000027,sub_000027,61749,usd,paid,2022-02-05,2022-02-01,2022-02-28
in_000027_003,cus_000027,sub_000027,64823,usd,paid,2022-03-05,2022-03-01,2022-03-31
in_000027_004,cus_000027,sub_000027,66769,usd,paid,2022-04-05,2022-04-01,2022-04-30
in_000027_005,cus_000027,sub_000027,66084,usd,paid,2022-05-05,2022-05-01,2022-05-31
in_000027_006,cus_000027,sub_000027,63796,usd,paid,2022-06-05,2022-06-01,2022-06-30
in_000027_007,cus_000027,sub_000027,66666,usd,paid,2022-07-05,2022-07-01,2022-07-31
in_000027_008,cus_000027,sub_000027,71166,usd,paid,2022-08-05,2022-08-01,2022-08-31
in_000027_009,cus_000027,sub_000027,69033,usd,paid,2022-09-05,2022-09-01,2022-09-30
in_000027_010,cus_000027,sub_000027,71480,usd,paid,2022-10-05,2022-10-01,2022-10-31
in_000027_011,cus_000027,sub_000027,76459,usd,paid,2022-11-05,2022-11-01,2022-11-30
in_000027_012,cus_000027,sub_000027,80438,usd,paid,2022-12-05,2022-12-01,2022-12-31
in_000027_013,cus_000027,sub_000027,76077,usd,paid,2023-01-05,2023-01-01,2023-01-31
in_000027_014,cus_000027,sub_000027,79663,usd,paid,2023-02-05,2023-02-01,2023-02-28
in_000027_015,cus_000027,sub_000027,87160,usd,paid,2023-03-05,2023-03-01,2023-03-31
in_000027_016,cus_000027,sub_000027,87176,usd,paid,2023-04-05,2023-04-01,2023-04-30
in_000027_017,cus_000027,sub_000027,88164,usd,paid,2023-05-05,2023-05-01,2023-05-31
in_000027_018,cus_000027,sub_000027,93350,usd,paid,2023-06-05,2023-06-01,2023-06-30
in_000027_019,cus_000027,sub_000027,90413,usd,paid,2023-07-05,2023-07-01,2023-07-31
in_000027_020,cus_000027,sub_000027,89914,usd,paid,2023-08-05,2023-08-01,2023-08-31
in_000027_021,cus_000027,sub_000027,93221,usd,paid,2023-09-05,2023-09-01,2023-09-30
in_000027_022,cus_000027,sub_000027,93396,usd,paid,2023-10-05,2023-10-01,2023-10-31
in_000027_023,cus_000027,sub_000027,95995,usd,paid,2023-11-05,2023-11-01,2023-11-30
in_000027_024,cus_000027,sub_000027,97783,usd,paid,2023-12-05,2023-12-01,2023-12-31
in_000027_025,cus_000027,sub_000027,98824,usd,paid,2024-01-05,2024-01-01,2024-01-31
in_000027_026,cus_000027,sub_000027,100386,usd,paid,2024-02-05,2024-02-01,2024-02-29
in_000027_027,cus_000027,sub_000027,101471,usd,paid,2024-03-05,2024-03-01,2024-03-31
in_000027_028,cus_000027,sub_000027,101837,usd,paid,2024-04-05,2024-04-01,2024-04-30
in_000027_029,cus_000027,sub_000027,108328,usd,paid,2024-05-05,2024-05-01,2024-05-31
in_000027_030,cus_000027,sub_000027,107134,usd,paid,2024-06-05,2024-06-01,2024-06-30
in_000027_031,cus_000027,sub_000027,105938,usd,paid,2024-07-05,2024-07-01,2024-07-31
in_000027_032,cus_000027,sub_000027,105187,usd,paid,2024-08-05,2024-08-01,2024-08-31
in_000027_033,cus_000027,sub_000027,110585,usd,paid,2024-09-05,2024-09-01,2024-09-30
in_000027_034,cus_000027,sub_000027,117574,usd,paid,2024-10-05,2024-10-01,2024-10-31
in_000027_035,cus_000027,sub_000027,112207,usd,paid,2024-11-05,2024-11-01,2024-11-30
in_000027_036,cus_000027,sub_000027,112125,usd,paid,2024-12-05,2024-12-01,2024-12-31
in_000027_037,cus_000027,sub_000027,109603,usd,paid,2025-01-05,2025-01-01,2025-01-31
in_000027_038,cus_000027,sub_000027,115348,usd,paid,2025-02-05,2025-02-01,2025-02-28
in_000027_039,cus_000027,sub_000027,112854,usd,paid,2025-03-05,2025-03-01,2025-03-31
in_000027_040,cus_000027,sub_000027,115594,usd,paid,2025-04-05,2025-04-01,2025-04-30
in_000027_041,cus_000027,sub_000027,114905,usd,paid,2025-05-05,2025-05-01,2025-05-31
in_000027_042,cus_000027,sub_000027,114902,usd,paid,2025-06-05,2025-06-01,2025-06-30
in_000027_043,cus_000027,sub_000027,115193,usd,paid,2025-07-05,2025-07-01,2025-07-31
in_000027_044,cus_000027,sub_000027,121377,usd,paid,2025-08-05,2025-08-01,2025-08-31
in_000027_045,cus_000027,sub_000027,116765,usd,paid,2025-09-05,2025-09-01,2025-09-30
in_000027_046,cus_000027,sub_000027,115862,usd,paid,2025-10-05,2025-10-01,2025-10-31
in_000027_047,cus_000027,sub_000027,122689,usd,paid,2025-11-05,2025-11-01,2025-11-30
in_000027_048,cus_000027,sub_000027,122210,usd,paid,2025-12-05,2025-12-01,2025-12-31
in_000027_049,cus_000027,sub_000027,126212,usd,paid,2026-01-05,2026-01-01,2026-01-31
in_000027_050,cus_000027,sub_000027,119917,usd,paid,2026-02-05,2026-02-01,2026-02-28
in_000027_051,cus_000027,sub_000027,128927,usd,paid,2026-03-05,2026-03-01,2026-03-31
in_000027_052,cus_000027,sub_000027,129719,usd,paid,2026-04-05,2026-04-01,2026-04-30
in_000027_053,cus_000027,sub_000027,126427,usd,paid,2026-05-05,2026-05-01,2026-05-31
in_000027_054,cus_000027,sub_000027,129680,usd,paid,2026-06-05,2026-06-01,2026-06-30
in_000027_055,cus_000027,sub_000027,123050,usd,paid,2026-07-05,2026-07-01,2026-07-31
in_000027_056,cus_000027,sub_000027,125667,usd,paid,2026-08-05,2026-08-01,2026-08-31
in_000027_057,cus_000027,sub_000027,123976,usd,paid,2026-09-05,2026-09-01,2026-09-30
in_000027_058,cus_000027,sub_000027,129904,usd,paid,2026-10-05,2026-10-01,2026-10-31
in_000027_059,cus_000027,sub_000027,129825,usd,paid,2026-11-05,2026-11-01,2026-11-30
in_000027_060,cus_000027,sub_000027,129204,usd,paid,2026-12-05,2026-12-01,2026-12-31
in_000027_061,cus_000027,sub_000027,131601,usd,paid,2027-01-05,2027-01-01,2027-01-31
in_000027_062,cus_000027,sub_000027,123208,usd,paid,2027-02-05,2027-02-01,2027-02-28
in_000027_063,cus_000027,sub_000027,123274,usd,paid,2027-03-05,2027-03-01,2027-03-31
in_000027_064,cus_000027,sub_000027,128986,usd,paid,2027-04-05,2027-04-01,2027-04-30
in_000027_065,cus_000027,sub_000027,128374,usd,paid,2027-05-05,2027-05-01,2027-05-31
in_000027_066,cus_000027,sub_000027,125591,usd,paid,2027-06-05,2027-06-01,2027-06-30
in_000027_067,cus_000027,sub_000027,130654,usd,paid,2027-07-05,2027-07-01,2027-07-31
in_000027_068,cus_000027,sub_000027,131964,usd,paid,2027-08-05,2027-08-01,2027-08-31
in_000027_069,cus_000027,sub_000027,130028,usd,paid,2027-09-05,2027-09-01,2027-09-30
in_000027_070,cus_000027,sub_000027,128811,usd,paid,2027-10-05,2027-10-01,2027-10-31
in_000027_071,cus_000027,sub_000027,127327,usd,paid,2027-11-05,2027-11-01,2027-11-30
in_000027_072,cus_000027,sub_000027,129890,usd,paid,2027-12-05,2027-12-01,2027-12-31
in_000027_073,cus_000027,sub_000027,128704,usd,paid,2028-01-05,2028-01-01,2028-01-31
in_000027_074,cus_000027,sub_000027,122213,usd,paid,2028-02-05,2028-02-01,2028-02-29
in_000027_075,cus_000027,sub_000027,128097,usd,paid,2028-03-05,2028-03-01,2028-03-31
in_000027_076,cus_000027,sub_000027,99989,usd,paid,2028-04-05,2028-04-01,2028-04-30
in_000027_077,cus_000027,sub_000027,128124,usd,paid,2028-05-05,2028-05-01,2028-05-31
in_000027_078,cus_000027,sub_000027,121900,usd,paid,2028-06-05,2028-06-01,2028-06-30
in_000027_079,cus_000027,sub_000027,124592,usd,paid,2028-07-05,2028-07-01,2028-07-31
in_000027_080,cus_000027,sub_000027,129134,usd,paid,2028-08-05,2028-08-01,2028-08-31
in_000027_081,cus_000027,sub_000027,126747,usd,paid,2028-09-05,2028-09-01,2028-09-30
in_000027_082,cus_000027,sub_000027,126736,usd,paid,2028-10-05,2028-10-01,2028-10-31
in_000027_083,cus_000027,sub_000027,120853,usd,paid,2028-11-05,2028-11-01,2028-11-30
in_000027_084,cus_000027,sub_000027,121202,usd,paid,2028-12-05,2028-12-01,2028-12-31
in_000028_001,cus_000028,sub_000028,6171,usd,paid,2022-01-04,2022-01-01,2022-01-31
in_000029_001,cus_000029,sub_000029,6203,usd,paid,2022-01-28,2022-01-01,2022-01-31
in_000029_002,cus_000029,sub_000029,6090,usd,paid,2022-02-28,2022-02-01,2022-02-28
in_000030_001,cus_000030,sub_000030,6191,usd,paid,2022-01-13,2022-01-01,2022-01-31
in_000030_002,cus_000030,sub_000030,5930,usd,paid,2022-02-13,2022-02-01,2022-02-28
in_000030_003,cus_000030,sub_000030,5911,usd,paid,2022-03-13,2022-03-01,2022-03-31
in_000030_004,cus_000030,sub_000030,6358,usd,paid,2022-04-13,2022-04-01,2022-04-30
in_000031_001,cus_000031,sub_000031,6059,usd,paid,2022-01-18,2022-01-01,2022-01-31
in_000031_002,cus_000031,sub_000031,5811,usd,paid,2022-02-18,2022-02-01,2022-02-28
in_000031_003,cus_000031,sub_000031,5999,usd,paid,2022-03-18,2022-03-01,2022-03-31
in_000031_004,cus_000031,sub_000031,5984,usd,paid,2022-04-18,2022-04-01,2022-04-30
in_000031_005,cus_000031,sub_000031,6543,usd,paid,2022-05-18,2022-05-01,2022-05-31
in_000031_006,cus_000031,sub_000031,6255,usd,paid,2022-06-18,2022-06-01,2022-06-30
in_000031_007,cus_000031,sub_000031,6582,usd,paid,2022-07-18,2022-07-01,2022-07-31
in_000032_001,cus_000032,sub_000032,5794,usd,paid,2022-01-27,2022-01-01,2022-01-31
in_000032_002,cus_000032,sub_000032,6377,usd,paid,2022-02-27,2022-02-01,2022-02-28
in_000032_003,cus_000032,sub_000032,6376,usd,paid,2022-03-27,2022-03-01,2022-03-31
in_000032_004,cus_000032,sub_000032,6484,usd,paid,2022-04-27,2022-04-01,2022-04-30
in_000032_005,cus_000032,sub_000032,6051,usd,paid,2022-05-27,2022-05-01,2022-05-31
in_000032_006,cus_000032,sub_000032,6653,usd,paid,2022-06-27,2022-06-01,2022-06-30
in_000032_007,cus_000032,sub_000032,6348,usd,paid,2022-07-27,2022-07-01,2022-07-31
in_000032_008,cus_000032,sub_000032,6479,usd,paid,2022-08-27,2022-08-01,2022-08-31
in_000032_009,cus_000032,sub_000032,6890,usd,paid,2022-09-27,2022-09-01,2022-09-30
in_000032_010,cus_000032,sub_000032,6855,usd,paid,2022-10-27,2022-10-01,2022-10-31
in_000032_011,cus_000032,sub_000032,6496,usd,paid,2022-11-27,2022-11-01,2022-11-30
in_000032_012,cus_000032,sub_000032,6790,usd,paid,2022-12-27,2022-12-01,2022-12-31
in_000032_013,cus_000032,sub_000032,6710,usd,paid,2023-01-27,2023-01-01,2023-01-31
in_000032_014,cus_000032,sub_000032,7255,usd,paid,2023-02-27,2023-02-01,2023-02-28
in_000033_001,cus_000033,sub_000033,5782,usd,paid,2022-01-12,2022-01-01,2022-01-31
in_000033_002,cus_000033,sub_000033,5994,usd,paid,2022-02-12,2022-02-01,2022-02-28
in_000033_003,cus_000033,sub_000033,6022,usd,paid,2022-03-12,2022-03-01,2022-03-31
in_000033_004,cus_000033,sub_000033,6139,usd,paid,2022-04-12,2022-04-01,2022-04-30
in_000033_005,cus_000033,sub_000033,6223,usd,paid,2022-05-12,2022-05-01,2022-05-31
in_000033_006,cus_000033,sub_000033,6216,usd,paid,2022-06-12,2022-06-01,2022-06-30
in_000033_007,cus_000033,sub_000033,6370,usd,paid,2022-07-12,2022-07-01,2022-07-31
in_000033_008,cus_000033,sub_000033,6556,usd,paid,2022-08-12,2022-08-01,2022-08-31
in_000033_009,cus_000033,sub_000033,6545,usd,paid,2022-09-12,2022-09-01,2022-09-30
in_000033_010,cus_000033,sub_000033,7031,usd,paid,2022-10-12,2022-10-01,2022-10-31
in_000033_011,cus_000033,sub_000033,7089,usd,paid,2022-11-12,2022-11-01,2022-11-30
in_000033_012,cus_000033,sub_000033,6597,usd,paid,2022-12-12,2022-12-01,2022-12-31
in_000033_013,cus_000033,sub_000033,7132,usd,paid,2023-01-12,2023-01-01,2023-01-31
in_000033_014,cus_000033,sub_000033,7049,usd,paid,2023-02-12,2023-02-01,2023-02-28
in_000033_015,cus_000033,sub_000033,7209,usd,paid,2023-03-12,2023-03-01,2023-03-31
in_000033_016,cus_000033,sub_000033,7432,usd,paid,2023-04-12,2023-04-01,2023-04-30
in_000033_017,cus_000033,sub_000033,7499,usd,paid,2023-05-12,2023-05-01,2023-05-31
in_000033_018,cus_000033,sub_000033,7516,usd,paid,2023-06-12,2023-06-01,2023-06-30
in_000033_019,cus_000033,sub_000033,7697,usd,paid,2023-07-12,2023-07-01,2023-07-31
in_000033_020,cus_000033,sub_000033,6208,usd,paid,2023-08-12,2023-08-01,2023-08-31
in_000033_021,cus_000033,sub_000033,7458,usd,paid,2023-09-12,2023-09-01,2023-09-30
in_000033_022,cus_000033,sub_000033,7877,usd,paid,2023-10-12,2023-10-01,2023-10-31
in_000034_001,cus_000034,sub_000034,5813,usd,paid,2022-01-23,2022-01-01,2022-01-31
in_000034_002,cus_000034,sub_000034,6197,usd,paid,2022-02-23,2022-02-01,2022-02-28
in_000034_003,cus_000034,sub_000034,5897,usd,paid,2022-03-23,2022-03-01,2022-03-31
in_000034_004,cus_000034,sub_000034,6385,usd,paid,2022-04-23,2022-04-01,2022-04-30
in_000034_005,cus_000034,sub_000034,6164,usd,paid,2022-05-23,2022-05-01,2022-05-31
in_000034_006,cus_000034,sub_000034,6501,usd,paid,2022-06-23,2022-06-01,2022-06-30
in_000034_007,cus_000034,sub_000034,6318,usd,paid,2022-07-23,2022-07-01,2022-07-31
in_000034_008,cus_000034,sub_000034,6233,usd,paid,2022-08-23,2022-08-01,2022-08-31
in_000034_009,cus_000034,sub_000034,4768,usd,paid,2022-09-23,2022-09-01,2022-09-30
in_000034_010,cus_000034,sub_000034,7019,usd,paid,2022-10-23,2022-10-01,2022-10-31
in_000034_011,cus_000034,sub_000034,6790,usd,paid,2022-11-23,2022-11-01,2022-11-30
in_000034_012,cus_000034,sub_000034,6858,usd,paid,2022-12-23,2022-12-01,2022-12-31
in_000034_013,cus_000034,sub_000034,7009,usd,paid,2023-01-23,2023-01-01,2023-01-31
in_000034_014,cus_000034,sub_000034,7148,usd,paid,2023-02-23,2023-02-01,2023-02-28
in_000034_015,cus_000034,sub_000034,7519,usd,paid,2023-03-23,2023-03-01,2023-03-31
in_000034_016,cus_000034,sub_000034,7166,usd,paid,2023-04-23,2023-04-01,2023-04-30
in_000034_017,cus_000034,sub_000034,7226,usd,paid,2023-05-23,2023-05-01,2023-05-31
in_000034_018,cus_000034,sub_000034,7179,usd,paid,2023-06-23,2023-06-01,2023-06-30
in_000034_019,cus_000034,sub_000034,7503,usd,paid,2023-07-23,2023-07-01,2023-07-31
in_000034_020,cus_000034,sub_000034,7236,usd,paid,2023-08-23,2023-08-01,2023-08-31
in_000034_021,cus_000034,sub_000034,7602,usd,paid,2023-09-23,2023-09-01,2023-09-30
in_000034_022,cus_000034,sub_000034,7577,usd,paid,2023-10-23,2023-10-01,2023-10-31
in_000034_023,cus_000034,sub_000034,7618,usd,paid,2023-11-23,2023-11-01,2023-11-30
in_000034_024,cus_000034,sub_000034,7990,usd,paid,2023-12-23,2023-12-01,2023-12-31
in_000034_025,cus_000034,sub_000034,8039,usd,paid,2024-01-23,2024-01-01,2024-01-31
in_000034_026,cus_000034,sub_000034,8279,usd,paid,2024-02-23,2024-02-01,2024-02-29
in_000034_027,cus_000034,sub_000034,8002,usd,paid,2024-03-23,2024-03-01,2024-03-31
in_000034_028,cus_000034,sub_000034,8400,usd,paid,2024-04-23,2024-04-01,2024-04-30
in_000034_029,cus_000034,sub_000034,8199,usd,paid,2024-05-23,2024-05-01,2024-05-31
in_000034_030,cus_000034,sub_000034,7917,usd,paid,2024-06-23,2024-06-01,2024-06-30
in_000034_031,cus_000034,sub_000034,8417,usd,paid,2024-07-23,2024-07-01,2024-07-31
in_000034_032,cus_000034,sub_000034,8457,usd,paid,2024-08-23,2024-08-01,2024-08-31
in_000034_033,cus_000034,sub_000034,8616,usd,paid,2024-09-23,2024-09-01,2024-09-30
in_000034_034,cus_000034,sub_000034,7122,usd,paid,2024-10-23,2024-10-01,2024-10-31
in_000034_035,cus_000034,sub_000034,8696,usd,paid,2024-11-23,2024-11-01,2024-11-30
in_000034_036,cus_000034,sub_000034,8482,usd,paid,2024-12-23,2024-12-01,2024-12-31
in_000034_037,cus_000034,sub_000034,8735,usd,paid,2025-01-23,2025-01-01,2025-01-31
in_000034_038,cus_000034,sub_000034,8508,usd,paid,2025-02-23,2025-02-01,2025-02-28
in_000034_039,cus_000034,sub_000034,8232,usd,paid,2025-03-23,2025-03-01,2025-03-31
in_000034_040,cus_000034,sub_000034,8170,usd,paid,2025-04-23,2025-04-01,2025-04-30
in_000034_041,cus_000034,sub_000034,8907,usd,paid,2025-05-23,2025-05-01,2025-05-31
in_000034_042,cus_000034,sub_000034,8758,usd,paid,2025-06-23,2025-06-01,2025-06-30
in_000034_043,cus_000034,sub_000034,8552,usd,paid,2025-07-23,2025-07-01,2025-07-31
in_000034_044,cus_000034,sub_000034,8664,usd,paid,2025-08-23,2025-08-01,2025-08-31
in_000034_045,cus_000034,sub_000034,8518,usd,paid,2025-09-23,2025-09-01,2025-09-30
in_000034_046,cus_000034,sub_000034,8474,usd,paid,2025-10-23,2025-10-01,2025-10-31
in_000034_047,cus_000034,sub_000034,8409,usd,paid,2025-11-23,2025-11-01,2025-11-30
in_000034_048,cus_000034,sub_000034,8826,usd,paid,2025-12-23,2025-12-01,2025-12-31
in_000034_049,cus_000034,sub_000034,8930,usd,paid,2026-01-23,2026-01-01,2026-01-31
in_000034_050,cus_000034,sub_000034,8539,usd,paid,2026-02-23,2026-02-01,2026-02-28
in_000034_051,cus_000034,sub_000034,6240,usd,paid,2026-03-23,2026-03-01,2026-03-31
in_000034_052,cus_000034,sub_000034,6915,usd,paid,2026-04-23,2026-04-01,2026-04-30
in_000034_053,cus_000034,sub_000034,8420,usd,paid,2026-05-23,2026-05-01,2026-05-31
in_000034_054,cus_000034,sub_000034,9031,usd,paid,2026-06-23,2026-06-01,2026-06-30
in_000034_055,cus_000034,sub_000034,8384,usd,paid,2026-07-23,2026-07-01,2026-07-31
in_000034_056,cus_000034,sub_000034,9258,usd,paid,2026-08-23,2026-08-01,2026-08-31
in_000034_057,cus_000034,sub_000034,8559,usd,paid,2026-09-23,2026-09-01,2026-09-30
in_000034_058,cus_000034,sub_000034,8892,usd,paid,2026-10-23,2026-10-01,2026-10-31
in_000034_059,cus_000034,sub_000034,9111,usd,paid,2026-11-23,2026-11-01,2026-11-30
in_000034_060,cus_000034,sub_000034,9209,usd,paid,2026-12-23,2026-12-01,2026-12-31
in_000034_061,cus_000034,sub_000034,8646,usd,paid,2027-01-23,2027-01-01,2027-01-31
in_000034_062,cus_000034,sub_000034,8691,usd,paid,2027-02-23,2027-02-01,2027-02-28
in_000034_063,cus_000034,sub_000034,9254,usd,paid,2027-03-23,2027-03-01,2027-03-31
in_000034_064,cus_000034,sub_000034,9291,usd,paid,2027-04-23,2027-04-01,2027-04-30
in_000034_065,cus_000034,sub_000034,8904,usd,paid,2027-05-23,2027-05-01,2027-05-31
in_000034_066,cus_000034,sub_000034,8522,usd,paid,2027-06-23,2027-06-01,2027-06-30
in_000034_067,cus_000034,sub_000034,8895,usd,paid,2027-07-23,2027-07-01,2027-07-31
in_000034_068,cus_000034,sub_000034,9253,usd,paid,2027-08-23,2027-08-01,2027-08-31
in_000034_069,cus_000034,sub_000034,8602,usd,paid,2027-09-23,2027-09-01,2027-09-30
in_000034_070,cus_000034,sub_000034,8513,usd,paid,2027-10-23,2027-10-01,2027-10-31
in_000034_071,cus_000034,sub_000034,9071,usd,paid,2027-11-23,2027-11-01,2027-11-30
in_000034_072,cus_000034,sub_000034,9041,usd,paid,2027-12-23,2027-12-01,2027-12-31
in_000034_073,cus_000034,sub_000034,9099,usd,paid,2028-01-23,2028-01-01,2028-01-31
in_000034_074,cus_000034,sub_000034,9064,usd,paid,2028-02-23,2028-02-01,2028-02-29
in_000034_075,cus_000034,sub_000034,8713,usd,paid,2028-03-23,2028-03-01,2028-03-31
in_000034_076,cus_000034,sub_000034,9276,usd,paid,2028-04-23,2028-04-01,2028-04-30
in_000034_077,cus_000034,sub_000034,9016,usd,paid,2028-05-23,2028-05-01,2028-05-31
in_000034_078,cus_000034,sub_000034,9098,usd,paid,2028-06-23,2028-06-01,2028-06-30
in_000034_079,cus_000034,sub_000034,8569,usd,paid,2028-07-23,2028-07-01,2028-07-31
in_000034_080,cus_000034,sub_000034,8905,usd,paid,2028-08-23,2028-08-01,2028-08-31
in_000034_081,cus_000034,sub_000034,7318,usd,paid,2028-09-23,2028-09-01,2028-09-30
in_000034_082,cus_000034,sub_000034,8944,usd,paid,2028-10-23,2028-10-01,2028-10-31
in_000034_083,cus_000034,sub_000034,9010,usd,paid,2028-11-23,2028-11-01,2028-11-30
in_000034_084,cus_000034,sub_000034,8996,usd,paid,2028-12-23,2028-12-01,2028-12-31
in_000035_001,cus_000035,sub_000035,6075,usd,paid,2022-01-13,2022-01-01,2022-01-31
in_000035_002,cus_000035,sub_000035,6138,usd,paid,2022-02-13,2022-02-01,2022-02-28
in_000035_003,cus_000035,sub_000035,6008,usd,paid,2022-03-13,2022-03-01,2022-03-31
in_000035_004,cus_000035,sub_000035,6453,usd,paid,2022-04-13,2022-04-01,2022-04-30
in_000035_005,cus_000035,sub_000035,6037,usd,paid,2022-05-13,2022-05-01,2022-05-31
in_000035_006,cus_000035,sub_000035,6191,usd,paid,2022-06-13,2022-06-01,2022-06-30
in_000035_007,cus_000035,sub_000035,6653,usd,paid,2022-07-13,2022-07-01,2022-07-31
in_000035_008,cus_000035,sub_000035,6593,usd,paid,2022-08-13,2022-08-01,2022-08-31
in_000035_009,cus_000035,sub_000035,6590,usd,paid,2022-09-13,2022-09-01,2022-09-30
in_000035_010,cus_000035,sub_000035,6868,usd,paid,2022-10-13,2022-10-01,2022-10-31
in_000035_011,cus_000035,sub_000035,6720,usd,paid,2022-11-13,2022-11-01,2022-11-30
in_000035_012,cus_000035,sub_000035,6655,usd,paid,2022-12-13,2022-12-01,2022-12-31
in_000035_013,cus_000035,sub_000035,6905,usd,paid,2023-01-13,2023-01-01,2023-01-31
in_000035_014,cus_000035,sub_000035,7083,usd,paid,2023-02-13,2023-02-01,2023-02-28
in_000035_015,cus_000035,sub_000035,6882,usd,paid,2023-03-13,2023-03-01,2023-03-31
in_000035_016,cus_000035,sub_000035,7478,usd,paid,2023-04-13,2023-04-01,2023-04-30
in_000035_017,cus_000035,sub_000035,7535,usd,paid,2023-05-13,2023-05-01,2023-05-31
in_000035_018,cus_000035,sub_000035,7131,usd,paid,2023-06-13,2023-06-01,2023-06-30
in_000035_019,cus_000035,sub_000035,7850,usd,paid,2023-07-13,2023-07-01,2023-07-31
in_000035_020,cus_000035,sub_000035,7250,usd,paid,2023-08-13,2023-08-01,2023-08-31
in_000035_021,cus_000035,sub_000035,7971,usd,paid,2023-09-13,2023-09-01,2023-09-30
in_000035_022,cus_000035,sub_000035,7802,usd,paid,2023-10-13,2023-10-01,2023-10-31
in_000035_023,cus_000035,sub_000035,8097,usd,paid,2023-11-13,2023-11-01,2023-11-30
in_000035_024,cus_000035,sub_000035,7562,usd,paid,2023-12-13,2023-12-01,2023-12-31
in_000035_025,cus_000035,sub_000035,8334,usd,paid,2024-01-13,2024-01-01,2024-01-31
in_000035_026,cus_000035,sub_000035,7838,usd,paid,2024-02-13,2024-02-01,2024-02-29
in_000035_027,cus_000035,sub_000035,8414,usd,paid,2024-03-13,2024-03-01,2024-03-31
in_000035_028,cus_000035,sub_000035,8128,usd,paid,2024-04-13,2024-04-01,2024-04-30
in_000035_029,cus_000035,sub_000035,8114,usd,paid,2024-05-13,2024-05-01,2024-05-31
in_000035_030,cus_000035,sub_000035,7875,usd,paid,2024-06-13,2024-06-01,2024-06-30
in_000035_031,cus_000035,sub_000035,8009,usd,paid,2024-07-13,2024-07-01,2024-07-31
in_000035_032,cus_000035,sub_000035,7979,usd,paid,2024-08-13,2024-08-01,2024-08-31
in_000035_033,cus_000035,sub_000035,8355,usd,paid,2024-09-13,2024-09-01,2024-09-30
in_000035_034,cus_000035,sub_000035,8075,usd,paid,2024-10-13,2024-10-01,2024-10-31
in_000035_035,cus_000035,sub_000035,8288,usd,paid,2024-11-13,2024-11-01,2024-11-30
in_000035_036,cus_000035,sub_000035,8790,usd,paid,2024-12-13,2024-12-01,2024-12-31
in_000035_037,cus_000035,sub_000035,8835,usd,paid,2025-01-13,2025-01-01,2025-01-31
in_000035_038,cus_000035,sub_000035,8787,usd,paid,2025-02-13,2025-02-01,2025-02-28
in_000035_039,cus_000035,sub_000035,8632,usd,paid,2025-03-13,2025-03-01,2025-03-31
in_000035_040,cus_000035,sub_000035,6174,usd,paid,2025-04-13,2025-04-01,2025-04-30
in_000035_041,cus_000035,sub_000035,8649,usd,paid,2025-05-13,2025-05-01,2025-05-31
in_000035_042,cus_000035,sub_000035,6778,usd,paid,2025-06-13,2025-06-01,2025-06-30
in_000035_043,cus_000035,sub_000035,8628,usd,paid,2025-07-13,2025-07-01,2025-07-31
in_000035_044,cus_000035,sub_000035,8506,usd,paid,2025-08-13,2025-08-01,2025-08-31
in_000035_045,cus_000035,sub_000035,8692,usd,paid,2025-09-13,2025-09-01,2025-09-30
in_000035_046,cus_000035,sub_000035,9099,usd,paid,2025-10-13,2025-10-01,2025-10-31
in_000035_047,cus_000035,sub_000035,8557,usd,paid,2025-11-13,2025-11-01,2025-11-30
in_000035_048,cus_000035,sub_000035,8775,usd,paid,2025-12-13,2025-12-01,2025-12-31
in_000035_049,cus_000035,sub_000035,8886,usd,paid,2026-01-13,2026-01-01,2026-01-31
in_000035_050,cus_000035,sub_000035,8581,usd,paid,2026-02-13,2026-02-01,2026-02-28
in_000035_051,cus_000035,sub_000035,8361,usd,paid,2026-03-13,2026-03-01,2026-03-31
in_000035_052,cus_000035,sub_000035,6799,usd,paid,2026-04-13,2026-04-01,2026-04-30
in_000035_053,cus_000035,sub_000035,8954,usd,paid,2026-05-13,2026-05-01,2026-05-31
in_000035_054,cus_000035,sub_000035,8821,usd,paid,2026-06-13,2026-06-01,2026-06-30
in_000035_055,cus_000035,sub_000035,7677,usd,paid,2026-07-13,2026-07-01,2026-07-31
in_000035_056,cus_000035,sub_000035,8961,usd,paid,2026-08-13,2026-08-01,2026-08-31
in_000035_057,cus_000035,sub_000035,8406,usd,paid,2026-09-13,2026-09-01,2026-09-30
in_000035_058,cus_000035,sub_000035,9065,usd,paid,2026-10-13,2026-10-01,2026-10-31
in_000035_059,cus_000035,sub_000035,8892,usd,paid,2026-11-13,2026-11-01,2026-11-30
in_000035_060,cus_000035,sub_000035,9036,usd,paid,2026-12-13,2026-12-01,2026-12-31
in_000035_061,cus_000035,sub_000035,8535,usd,paid,2027-01-13,2027-01-01,2027-01-31
in_000035_062,cus_000035,sub_000035,8450,usd,paid,2027-02-13,2027-02-01,2027-02-28
in_000035_063,cus_000035,sub_000035,8495,usd,paid,2027-03-13,2027-03-01,2027-03-31
in_000035_064,cus_000035,sub_000035,8430,usd,paid,2027-04-13,2027-04-01,2027-04-30
in_000035_065,cus_000035,sub_000035,8723,usd,paid,2027-05-13,2027-05-01,2027-05-31
in_000035_066,cus_000035,sub_000035,8827,usd,paid,2027-06-13,2027-06-01,2027-06-30
in_000035_067,cus_000035,sub_000035,9108,usd,paid,2027-07-13,2027-07-01,2027-07-31
in_000035_068,cus_000035,sub_000035,9006,usd,paid,2027-08-13,2027-08-01,2027-08-31
in_000035_069,cus_000035,sub_000035,8689,usd,paid,2027-09-13,2027-09-01,2027-09-30
in_000035_070,cus_000035,sub_000035,8506,usd,paid,2027-10-13,2027-10-01,2027-10-31
in_000035_071,cus_000035,sub_000035,9263,usd,paid,2027-11-13,2027-11-01,2027-11-30
in_000035_072,cus_000035,sub_000035,8792,usd,paid,2027-12-13,2027-12-01,2027-12-31
in_000035_073,cus_000035,sub_000035,8832,usd,paid,2028-01-13,2028-01-01,2028-01-31
in_000035_074,cus_000035,sub_000035,8455,usd,paid,2028-02-13,2028-02-01,2028-02-29
in_000035_075,cus_000035,sub_000035,8972,usd,paid,2028-03-13,2028-03-01,2028-03-31
in_000035_076,cus_000035,sub_000035,9018,usd,paid,2028-04-13,2028-04-01,2028-04-30
in_000035_077,cus_000035,sub_000035,9213,usd,paid,2028-05-13,2028-05-01,2028-05-31
in_000035_078,cus_000035,sub_000035,8864,usd,paid,2028-06-13,2028-06-01,2028-06-30
in_000035_079,cus_000035,sub_000035,8667,usd,paid,2028-07-13,2028-07-01,2028-07-31
in_000035_080,cus_000035,sub_000035,8602,usd,paid,2028-08-13,2028-08-01,2028-08-31
in_000035_081,cus_000035,sub_000035,9157,usd,paid,2028-09-13,2028-09-01,2028-09-30
in_000035_082,cus_000035,sub_000035,9205,usd,paid,2028-10-13,2028-10-01,2028-10-31
in_000035_083,cus_000035,sub_000035,8629,usd,paid,2028-11-13,2028-11-01,2028-11-30
in_000035_084,cus_000035,sub_000035,8934,usd,paid,2028-12-13,2028-12-01,2028-12-31
in_000036_001,cus_000036,sub_000036,6036,usd,paid,2022-01-05,2022-01-01,2022-01-31
in_000036_002,cus_000036,sub_000036,5945,usd,paid,2022-02-05,2022-02-01,2022-02-28
in_000036_003,cus_000036,sub_000036,5891,usd,paid,2022-03-05,2022-03-01,2022-03-31
in_000036_004,cus_000036,sub_000036,6462,usd,paid,2022-04-05,2022-04-01,2022-04-30
in_000036_005,cus_000036,sub_000036,6308,usd,paid,2022-05-05,2022-05-01,2022-05-31
in_000036_006,cus_000036,sub_000036,6345,usd,paid,2022-06-05,2022-06-01,2022-06-30
in_000036_007,cus_000036,sub_000036,6650,usd,paid,2022-07-05,2022-07-01,2022-07-31
in_000036_008,cus_000036,sub_000036,6675,usd,paid,2022-08-05,2022-08-01,2022-08-31
in_000036_009,cus_000036,sub_000036,6675,usd,paid,2022-09-05,2022-09-01,2022-09-30
in_000036_010,cus_000036,sub_000036,6577,usd,paid,2022-10-05,2022-10-01,2022-10-31
in_000036_011,cus_000036,sub_000036,6966,usd,paid,2022-11-05,2022-11-01,2022-11-30
in_000036_012,cus_000036,sub_000036,7015,usd,paid,2022-12-05,2022-12-01,2022-12-31
in_000036_013,cus_000036,sub_000036,7338,usd,paid,2023-01-05,2023-01-01,2023-01-31
in_000036_014,cus_000036,sub_000036,7301,usd,paid,2023-02-05,2023-02-01,2023-02-28
in_000036_015,cus_000036,sub_000036,7130,usd,paid,2023-03-05,2023-03-01,2023-03-31
in_000036_016,cus_000036,sub_000036,7173,usd,paid,2023-04-05,2023-04-01,2023-04-30
in_000036_017,cus_000036,sub_000036,7046,usd,paid,2023-05-05,2023-05-01,2023-05-31
in_000036_018,cus_000036,sub_000036,7673,usd,paid,2023-06-05,2023-06-01,2023-06-30
in_000036_019,cus_000036,sub_000036,7426,usd,paid,2023-07-05,2023-07-01,2023-07-31
in_000036_020,cus_000036,sub_000036,7584,usd,paid,2023-08-05,2023-08-01,2023-08-31
in_000036_021,cus_000036,sub_000036,7979,usd,paid,2023-09-05,2023-09-01,2023-09-30
in_000036_022,cus_000036,sub_000036,7819,usd,paid,2023-10-05,2023-10-01,2023-10-31
in_000036_023,cus_000036,sub_000036,7936,usd,paid,2023-11-05,2023-11-01,2023-11-30
in_000036_024,cus_000036,sub_000036,7852,usd,paid,2023-12-05,2023-12-01,2023-12-31
in_000036_025,cus_000036,sub_000036,8040,usd,paid,2024-01-05,2024-01-01,2024-01-31
in_000036_026,cus_000036,sub_000036,7995,usd,paid,2024-02-05,2024-02-01,2024-02-29
in_000036_027,cus_000036,sub_000036,8257,usd,paid,2024-03-05,2024-03-01,2024-03-31
in_000036_028,cus_000036,sub_000036,8345,usd,paid,2024-04-05,2024-04-01,2024-04-30
in_000036_029,cus_000036,sub_000036,7862,usd,paid,2024-05-05,2024-05-01,2024-05-31
in_000036_030,cus_000036,sub_000036,8011,usd,paid,2024-06-05,2024-06-01,2024-06-30
in_000036_031,cus_000036,sub_000036,8014,usd,paid,2024-07-05,2024-07-01,2024-07-31
in_000036_032,cus_000036,sub_000036,8069,usd,paid,2024-08-05,2024-08-01,2024-08-31
in_000036_033,cus_000036,sub_000036,8687,usd,paid,2024-09-05,2024-09-01,2024-09-30
in_000036_034,cus_000036,sub_000036,8671,usd,paid,2024-10-05,2024-10-01,2024-10-31
in_000036_035,cus_000036,sub_000036,8714,usd,paid,2024-11-05,2024-11-01,2024-11-30
in_000036_036,cus_000036,sub_000036,7155,usd,paid,2024-12-05,2024-12-01,2024-12-31
in_000036_037,cus_000036,sub_000036,8799,usd,paid,2025-01-05,2025-01-01,2025-01-31
in_000036_038,cus_000036,sub_000036,8535,usd,paid,2025-02-05,2025-02-01,2025-02-28
in_000036_039,cus_000036,sub_000036,8796,usd,paid,2025-03-05,2025-03-01,2025-03-31
in_000036_040,cus_000036,sub_000036,8526,usd,paid,2025-04-05,2025-04-01,2025-04-30
in_000036_041,cus_000036,sub_000036,8344,usd,paid,2025-05-05,2025-05-01,2025-05-31
in_000036_042,cus_000036,sub_000036,8722,usd,paid,2025-06-05,2025-06-01,2025-06-30
in_000036_043,cus_000036,sub_000036,8404,usd,paid,2025-07-05,2025-07-01,2025-07-31
in_000036_044,cus_000036,sub_000036,8333,usd,paid,2025-08-05,2025-08-01,2025-08-31
in_000036_045,cus_000036,sub_000036,8431,usd,paid,2025-09-05,2025-09-01,2025-09-30
in_000036_046,cus_000036,sub_000036,7191,usd,paid,2025-10-05,2025-10-01,2025-10-31
in_000036_047,cus_000036,sub_000036,8725,usd,paid,2025-11-05,2025-11-01,2025-11-30
in_000036_048,cus_000036,sub_000036,8611,usd,paid,2025-12-05,2025-12-01,2025-12-31
in_000036_049,cus_000036,sub_000036,8469,usd,paid,2026-01-05,2026-01-01,2026-01-31
in_000036_050,cus_000036,sub_000036,9019,usd,paid,2026-02-05,2026-02-01,2026-02-28
in_000036_051,cus_000036,sub_000036,8685,usd,paid,2026-03-05,2026-03-01,2026-03-31
in_000036_052,cus_000036,sub_000036,8351,usd,paid,2026-04-05,2026-04-01,2026-04-30
in_000036_053,cus_000036,sub_000036,8845,usd,paid,2026-05-05,2026-05-01,2026-05-31
in_000036_054,cus_000036,sub_000036,8605,usd,paid,2026-06-05,2026-06-01,2026-06-30
in_000036_055,cus_000036,sub_000036,8534,usd,paid,2026-07-05,2026-07-01,2026-07-31
in_000036_056,cus_000036,sub_000036,9007,usd,paid,2026-08-05,2026-08-01,2026-08-31
in_000036_057,cus_000036,sub_000036,8474,usd,paid,2026-09-05,2026-09-01,2026-09-30
in_000036_058,cus_000036,sub_000036,8555,usd,paid,2026-10-05,2026-10-01,2026-10-31
in_000036_059,cus_000036,sub_000036,8729,usd,paid,2026-11-05,2026-11-01,2026-11-30
in_000036_060,cus_000036,sub_000036,8601,usd,paid,2026-12-05,2026-12-01,2026-12-31
in_000036_061,cus_000036,sub_000036,7581,usd,paid,2027-01-05,2027-01-01,2027-01-31
in_000036_062,cus_000036,sub_000036,9069,usd,paid,2027-02-05,2027-02-01,2027-02-28
in_000036_063,cus_000036,sub_000036,8499,usd,paid,2027-03-05,2027-03-01,2027-03-31
in_000036_064,cus_000036,sub_000036,9134,usd,paid,2027-04-05,2027-04-01,2027-04-30
in_000036_065,cus_000036,sub_000036,9046,usd,paid,2027-05-05,2027-05-01,2027-05-31
in_000036_066,cus_000036,sub_000036,8893,usd,paid,2027-06-05,2027-06-01,2027-06-30
in_000036_067,cus_000036,sub_000036,9242,usd,paid,2027-07-05,2027-07-01,2027-07-31
in_000036_068,cus_000036,sub_000036,8707,usd,paid,2027-08-05,2027-08-01,2027-08-31
in_000036_069,cus_000036,sub_000036,9265,usd,paid,2027-09-05,2027-09-01,2027-09-30
in_000036_070,cus_000036,sub_000036,9026,usd,paid,2027-10-05,2027-10-01,2027-10-31
in_000036_071,cus_000036,sub_000036,9306,usd,paid,2027-11-05,2027-11-01,2027-11-30
in_000036_072,cus_000036,sub_000036,9136,usd,paid,2027-12-05,2027-12-01,2027-12-31
in_000036_073,cus_000036,sub_000036,8470,usd,paid,2028-01-05,2028-01-01,2028-01-31
in_000036_074,cus_000036,sub_000036,8742,usd,paid,2028-02-05,2028-02-01,2028-02-29
in_000036_075,cus_000036,sub_000036,8883,usd,paid,2028-03-05,2028-03-01,2028-03-31
in_000036_076,cus_000036,sub_000036,8547,usd,paid,2028-04-05,2028-04-01,2028-04-30
in_000036_077,cus_000036,sub_000036,8519,usd,paid,2028-05-05,2028-05-01,2028-05-31
in_000036_078,cus_000036,sub_000036,8739,usd,paid,2028-06-05,2028-06-01,2028-06-30
in_000036_079,cus_000036,sub_000036,9041,usd,paid,2028-07-05,2028-07-01,2028-07-31
in_000036_080,cus_000036,sub_000036,8905,usd,paid,2028-08-05,2028-08-01,2028-08-31
in_000036_081,cus_000036,sub_000036,8769,usd,paid,2028-09-05,2028-09-01,2028-09-30
in_000036_082,cus_000036,sub_000036,8494,usd,paid,2028-10-05,2028-10-01,2028-10-31
in_000036_083,cus_000036,sub_000036,9304,usd,paid,2028-11-05,2028-11-01,2028-11-30
in_000036_084,cus_000036,sub_000036,8941,usd,paid,2028-12-05,2028-12-01,2028-12-31
in_000037_001,cus_000037,sub_000037,5912,usd,paid,2022-01-17,2022-01-01,2022-01-31
in_000037_002,cus_000037,sub_000037,6238,usd,paid,2022-02-17,2022-02-01,2022-02-28
in_000037_003,cus_000037,sub_000037,6143,usd,paid,2022-03-17,2022-03-01,2022-03-31
in_000037_004,cus_000037,sub_000037,6280,usd,paid,2022-04-17,2022-04-01,2022-04-30
in_000037_005,cus_000037,sub_000037,6134,usd,paid,2022-05-17,2022-05-01,2022-05-31
in_000037_006,cus_000037,sub_000037,6515,usd,paid,2022-06-17,2022-06-01,2022-06-30
in_000037_007,cus_000037,sub_000037,4516,usd,paid,2022-07-17,2022-07-01,2022-07-31
in_000037_008,cus_000037,sub_000037,5956,usd,paid,2022-08-17,2022-08-01,2022-08-31
in_000037_009,cus_000037,sub_000037,6664,usd,paid,2022-09-17,2022-09-01,2022-09-30
in_000037_010,cus_000037,sub_000037,6783,usd,paid,2022-10-17,2022-10-01,2022-10-31
in_000037_011,cus_000037,sub_000037,7098,usd,paid,2022-11-17,2022-11-01,2022-11-30
in_000037_012,cus_000037,sub_000037,7025,usd,paid,2022-12-17,2022-12-01,2022-12-31
in_000037_013,cus_000037,sub_000037,7312,usd,paid,2023-01-17,2023-01-01,2023-01-31
in_000037_014,cus_000037,sub_000037,7248,usd,paid,2023-02-17,2023-02-01,2023-02-28
in_000037_015,cus_000037,sub_000037,6964,usd,paid,2023-03-17,2023-03-01,2023-03-31
in_000037_016,cus_000037,sub_000037,7421,usd,paid,2023-04-17,2023-04-01,2023-04-30
in_000037_017,cus_000037,sub_000037,7299,usd,paid,2023-05-17,2023-05-01,2023-05-31
in_000037_018,cus_000037,sub_000037,7662,usd,paid,2023-06-17,2023-06-01,2023-06-30
in_000037_019,cus_000037,sub_000037,7613,usd,paid,2023-07-17,2023-07-01,2023-07-31
in_000037_020,cus_000037,sub_000037,7417,usd,paid,2023-08-17,2023-08-01,2023-08-31
in_000037_021,cus_000037,sub_000037,7327,usd,paid,2023-09-17,2023-09-01,2023-09-30
in_000037_022,cus_000037,sub_000037,7709,usd,paid,2023-10-17,2023-10-01,2023-10-31
in_000037_023,cus_000037,sub_000037,7647,usd,paid,2023-11-17,2023-11-01,2023-11-30
in_000037_024,cus_000037,sub_000037,8002,usd,paid,2023-12-17,2023-12-01,2023-12-31
in_000037_025,cus_000037,sub_000037,7627,usd,paid,2024-01-17,2024-01-01,2024-01-31
in_000037_026,cus_000037,sub_000037,7918,usd,paid,2024-02-17,2024-02-01,2024-02-29
in_000037_027,cus_000037,sub_000037,8004,usd,paid,2024-03-17,2024-03-01,2024-03-31
in_000037_028,cus_000037,sub_000037,7957,usd,paid,2024-04-17,2024-04-01,2024-04-30
in_000037_029,cus_000037,sub_000037,8502,usd,paid,2024-05-17,2024-05-01,2024-05-31
in_000037_030,cus_000037,sub_000037,8131,usd,paid,2024-06-17,2024-06-01,2024-06-30
in_000037_031,cus_000037,sub_000037,8195,usd,paid,2024-07-17,2024-07-01,2024-07-31
in_000037_032,cus_000037,sub_000037,8293,usd,paid,2024-08-17,2024-08-01,2024-08-31
in_000037_033,cus_000037,sub_000037,7985,usd,paid,2024-09-17,2024-09-01,2024-09-30
in_000037_034,cus_000037,sub_000037,8042,usd,paid,2024-10-17,2024-10-01,2024-10-31
in_000037_035,cus_000037,sub_000037,8447,usd,paid,2024-11-17,2024-11-01,2024-11-30
in_000037_036,cus_000037,sub_000037,8050,usd,paid,2024-12-17,2024-12-01,2024-12-31
in_000037_037,cus_000037,sub_000037,7182,usd,paid,2025-01-17,2025-01-01,2025-01-31
in_000037_038,cus_000037,sub_000037,8182,usd,paid,2025-02-17,2025-02-01,2025-02-28
in_000037_039,cus_000037,sub_000037,8338,usd,paid,2025-03-17,2025-03-01,2025-03-31
in_000037_040,cus_000037,sub_000037,7442,usd,paid,2025-04-17,2025-04-01,2025-04-30
in_000037_041,cus_000037,sub_000037,8227,usd,paid,2025-05-17,2025-05-01,2025-05-31
in_000037_042,cus_000037,sub_000037,8452,usd,paid,2025-06-17,2025-06-01,2025-06-30
in_000037_043,cus_000037,sub_000037,5966,usd,paid,2025-07-17,2025-07-01,2025-07-31
in_000037_044,cus_000037,sub_000037,8306,usd,paid,2025-08-17,2025-08-01,2025-08-31
in_000037_045,cus_000037,sub_000037,8362,usd,paid,2025-09-17,2025-09-01,2025-09-30
in_000037_046,cus_000037,sub_000037,8793,usd,paid,2025-10-17,2025-10-01,2025-10-31
in_000037_047,cus_000037,sub_000037,9138,usd,paid,2025-11-17,2025-11-01,2025-11-30
in_000037_048,cus_000037,sub_000037,9152,usd,paid,2025-12-17,2025-12-01,2025-12-31
in_000037_049,cus_000037,sub_000037,8868,usd,paid,2026-01-17,2026-01-01,2026-01-31
in_000037_050,cus_000037,sub_000037,8667,usd,paid,2026-02-17,2026-02-01,2026-02-28
in_000037_051,cus_000037,sub_000037,8470,usd,paid,2026-03-17,2026-03-01,2026-03-31
in_000037_052,cus_000037,sub_000037,8681,usd,paid,2026-04-17,2026-04-01,2026-04-30
in_000037_053,cus_000037,sub_000037,9208,usd,paid,2026-05-17,2026-05-01,2026-05-31
in_000037_054,cus_000037,sub_000037,9178,usd,paid,2026-06-17,2026-06-01,2026-06-30
in_000037_055,cus_000037,sub_000037,8995,usd,paid,2026-07-17,2026-07-01,2026-07-31
in_000037_056,cus_000037,sub_000037,8854,usd,paid,2026-08-17,2026-08-01,2026-08-31
in_000037_057,cus_000037,sub_000037,8795,usd,paid,2026-09-17,2026-09-01,2026-09-30
in_000037_058,cus_000037,sub_000037,8617,usd,paid,2026-10-17,2026-10-01,2026-10-31
in_000037_059,cus_000037,sub_000037,8440,usd,paid,2026-11-17,2026-11-01,2026-11-30
in_000037_060,cus_000037,sub_000037,8074,usd,paid,2026-12-17,2026-12-01,2026-12-31
in_000037_061,cus_000037,sub_000037,9025,usd,paid,2027-01-17,2027-01-01,2027-01-31
in_000037_062,cus_000037,sub_000037,8950,usd,paid,2027-02-17,2027-02-01,2027-02-28
in_000037_063,cus_000037,sub_000037,8949,usd,paid,2027-03-17,2027-03-01,2027-03-31
in_000037_064,cus_000037,sub_000037,9045,usd,paid,2027-04-17,2027-04-01,2027-04-30
in_000037_065,cus_000037,sub_000037,8611,usd,paid,2027-05-17,2027-05-01,2027-05-31
in_000037_066,cus_000037,sub_000037,9209,usd,paid,2027-06-17,2027-06-01,2027-06-30
in_000037_067,cus_000037,sub_000037,8845,usd,paid,2027-07-17,2027-07-01,2027-07-31
in_000037_068,cus_000037,sub_000037,8503,usd,paid,2027-08-17,2027-08-01,2027-08-31
in_000037_069,cus_000037,sub_000037,8437,usd,paid,2027-09-17,2027-09-01,2027-09-30
in_000037_070,cus_000037,sub_000037,8624,usd,paid,2027-10-17,2027-10-01,2027-10-31
in_000037_071,cus_000037,sub_000037,8576,usd,paid,2027-11-17,2027-11-01,2027-11-30
in_000037_072,cus_000037,sub_000037,8798,usd,paid,2027-12-17,2027-12-01,2027-12-31
in_000037_073,cus_000037,sub_000037,9135,usd,paid,2028-01-17,2028-01-01,2028-01-31
in_000037_074,cus_000037,sub_000037,9203,usd,paid,2028-02-17,2028-02-01,2028-02-29
in_000037_075,cus_000037,sub_000037,9116,usd,paid,2028-03-17,2028-03-01,2028-03-31
in_000037_076,cus_000037,sub_000037,9237,usd,paid,2028-04-17,2028-04-01,2028-04-30
in_000037_077,cus_000037,sub_000037,8725,usd,paid,2028-05-17,2028-05-01,2028-05-31
in_000037_078,cus_000037,sub_000037,8437,usd,paid,2028-06-17,2028-06-01,2028-06-30
in_000037_079,cus_000037,sub_000037,9238,usd,paid,2028-07-17,2028-07-01,2028-07-31
in_000037_080,cus_000037,sub_000037,9287,usd,paid,2028-08-17,2028-08-01,2028-08-31
in_000037_081,cus_000037,sub_000037,8952,usd,paid,2028-09-17,2028-09-01,2028-09-30
in_000037_082,cus_000037,sub_000037,8908,usd,paid,2028-10-17,2028-10-01,2028-10-31
in_000037_083,cus_000037,sub_000037,8678,usd,paid,2028-11-17,2028-11-01,2028-11-30
in_000037_084,cus_000037,sub_000037,8589,usd,paid,2028-12-17,2028-12-01,2028-12-31
in_000038_001,cus_000038,sub_000038,6090,usd,paid,2022-01-01,2022-01-01,2022-01-31
in_000038_002,cus_000038,sub_000038,6335,usd,paid,2022-02-01,2022-02-01,2022-02-28
in_000038_003,cus_000038,sub_000038,6344,usd,paid,2022-03-01,2022-03-01,2022-03-31
in_000038_004,cus_000038,sub_000038,6351,usd,paid,2022-04-01,2022-04-01,2022-04-30
in_000038_005,cus_000038,sub_000038,6531,usd,paid,2022-05-01,2022-05-01,2022-05-31
in_000038_006,cus_000038,sub_000038,6227,usd,paid,2022-06-01,2022-06-01,2022-06-30
in_000038_007,cus_000038,sub_000038,6510,usd,paid,2022-07-01,2022-07-01,2022-07-31
in_000038_008,cus_000038,sub_000038,6365,usd,paid,2022-08-01,2022-08-01,2022-08-31
in_000038_009,cus_000038,sub_000038,6658,usd,paid,2022-09-01,2022-09-01,2022-09-30
in_000038_010,cus_000038,sub_000038,6792,usd,paid,2022-10-01,2022-10-01,2022-10-31
in_000038_011,cus_000038,sub_000038,7029,usd,paid,2022-11-01,2022-11-01,2022-11-30
in_000038_012,cus_000038,sub_000038,6935,usd,paid,2022-12-01,2022-12-01,2022-12-31
in_000038_013,cus_000038,sub_000038,6975,usd,paid,2023-01-01,2023-01-01,2023-01-31
in_000038_014,cus_000038,sub_000038,6874,usd,paid,2023-02-01,2023-02-01,2023-02-28
in_000038_015,cus_000038,sub_000038,6876,usd,paid,2023-03-01,2023-03-01,2023-03-31
in_000038_016,cus_000038,sub_000038,7318,usd,paid,2023-04-01,2023-04-01,2023-04-30
in_000038_017,cus_000038,sub_000038,7515,usd,paid,2023-05-01,2023-05-01,2023-05-31
in_000038_018,cus_000038,sub_000038,7624,usd,paid,2023-06-01,2023-06-01,2023-06-30
in_000038_019,cus_000038,sub_000038,7213,usd,paid,2023-07-01,2023-07-01,2023-07-31
in_000038_020,cus_000038,sub_000038,7781,usd,paid,2023-08-01,2023-08-01,2023-08-31
in_000038_021,cus_000038,sub_000038,7975,usd,paid,2023-09-01,2023-09-01,2023-09-30
in_000038_022,cus_000038,sub_000038,7915,usd,paid,2023-10-01,2023-10-01,2023-10-31
in_000038_023,cus_000038,sub_000038,8011,usd,paid,2023-11-01,2023-11-01,2023-11-30
in_000038_024,cus_000038,sub_000038,7608,usd,paid,2023-12-01,2023-12-01,2023-12-31
in_000038_025,cus_000038,sub_000038,7763,usd,paid,2024-01-01,2024-01-01,2024-01-31
in_000038_026,cus_000038,sub_000038,8211,usd,paid,2024-02-01,2024-02-01,2024-02-29
in_000038_027,cus_000038,sub_000038,8116,usd,paid,2024-03-01,2024-03-01,2024-03-31
in_000038_028,cus_000038,sub_000038,7811,usd,paid,2024-04-01,2024-04-01,2024-04-30
in_000038_029,cus_000038,sub_000038,8437,usd,paid,2024-05-01,2024-05-01,2024-05-31
in_000038_030,cus_000038,sub_000038,8087,usd,paid,2024-06-01,2024-06-01,2024-06-30
in_000038_031,cus_000038,sub_000038,7871,usd,paid,2024-07-01,2024-07-01,2024-07-31
in_000038_032,cus_000038,sub_000038,8048,usd,paid,2024-08-01,2024-08-01,2024-08-31
in_000038_033,cus_000038,sub_000038,8486,usd,paid,2024-09-01,2024-09-01,2024-09-30
in_000038_034,cus_000038,sub_000038,7943,usd,paid,2024-10-01,2024-10-01,2024-10-31
in_000038_035,cus_000038,sub_000038,8513,usd,paid,2024-11-01,2024-11-01,2024-11-30
in_000038_036,cus_000038,sub_000038,8800,usd,paid,2024-12-01,2024-12-01,2024-12-31
in_000038_037,cus_000038,sub_000038,8439,usd,paid,2025-01-01,2025-01-01,2025-01-31
in_000038_038,cus_000038,sub_000038,8911,usd,paid,2025-02-01,2025-02-01,2025-02-28
in_000038_039,cus_000038,sub_000038,8652,usd,paid,2025-03-01,2025-03-01,2025-03-31
in_000038_040,cus_000038,sub_000038,8338,usd,paid,2025-04-01,2025-04-01,2025-04-30
in_000038_041,cus_000038,sub_000038,8231,usd,paid,2025-05-01,2025-05-01,2025-05-31
in_000038_042,cus_000038,sub_000038,8842,usd,paid,2025-06-01,2025-06-01,2025-06-30
in_000038_043,cus_000038,sub_000038,8618,usd,paid,2025-07-01,2025-07-01,2025-07-31
in_000038_044,cus_000038,sub_000038,8344,usd,paid,2025-08-01,2025-08-01,2025-08-31
in_000038_045,cus_000038,sub_000038,8469,usd,paid,2025-09-01,2025-09-01,2025-09-30
in_000038_046,cus_000038,sub_000038,8641,usd,paid,2025-10-01,2025-10-01,2025-10-31
in_000038_047,cus_000038,sub_000038,9048,usd,paid,2025-11-01,2025-11-01,2025-11-30
in_000038_048,cus_000038,sub_000038,8690,usd,paid,2025-12-01,2025-12-01,2025-12-31
in_000038_049,cus_000038,sub_000038,8481,usd,paid,2026-01-01,2026-01-01,2026-01-31
in_000038_050,cus_000038,sub_000038,6170,usd,paid,2026-02-01,2026-02-01,2026-02-28
in_000038_051,cus_000038,sub_000038,9056,usd,paid,2026-03-01,2026-03-01,2026-03-31
in_000038_052,cus_000038,sub_000038,9112,usd,paid,2026-04-01,2026-04-01,2026-04-30
in_000038_053,cus_000038,sub_000038,8654,usd,paid,2026-05-01,2026-05-01,2026-05-31
in_000038_054,cus_000038,sub_000038,8902,usd,paid,2026-06-01,2026-06-01,2026-06-30
in_000038_055,cus_000038,sub_000038,8570,usd,paid,2026-07-01,2026-07-01,2026-07-31
in_000038_056,cus_000038,sub_000038,8965,usd,paid,2026-08-01,2026-08-01,2026-08-31
in_000038_057,cus_000038,sub_000038,9064,usd,paid,2026-09-01,2026-09-01,2026-09-30
in_000038_058,cus_000038,sub_000038,8582,usd,paid,2026-10-01,2026-10-01,2026-10-31
in_000038_059,cus_000038,sub_000038,8893,usd,paid,2026-11-01,2026-11-01,2026-11-30
in_000038_060,cus_000038,sub_000038,9193,usd,paid,2026-12-01,2026-12-01,2026-12-31
in_000038_061,cus_000038,sub_000038,9181,usd,paid,2027-01-01,2027-01-01,2027-01-31
in_000038_062,cus_000038,sub_000038,7808,usd,paid,2027-02-01,2027-02-01,2027-02-28
in_000038_063,cus_000038,sub_000038,8773,usd,paid,2027-03-01,2027-03-01,2027-03-31
in_000038_064,cus_000038,sub_000038,8578,usd,paid,2027-04-01,2027-04-01,2027-04-30
in_000038_065,cus_000038,sub_000038,8600,usd,paid,2027-05-01,2027-05-01,2027-05-31
in_000038_066,cus_000038,sub_000038,9102,usd,paid,2027-06-01,2027-06-01,2027-06-30
in_000038_067,cus_000038,sub_000038,9027,usd,paid,2027-07-01,2027-07-01,2027-07-31
in_000038_068,cus_000038,sub_000038,9000,usd,paid,2027-08-01,2027-08-01,2027-08-31
in_000038_069,cus_000038,sub_000038,9259,usd,paid,2027-09-01,2027-09-01,2027-09-30
in_000038_070,cus_000038,sub_000038,8653,usd,paid,2027-10-01,2027-10-01,2027-10-31
in_000038_071,cus_000038,sub_000038,9009,usd,paid,2027-11-01,2027-11-01,2027-11-30
in_000038_072,cus_000038,sub_000038,8988,usd,paid,2027-12-01,2027-12-01,2027-12-31
in_000038_073,cus_000038,sub_000038,9024,usd,paid,2028-01-01,2028-01-01,2028-01-31
in_000038_074,cus_000038,sub_000038,8669,usd,paid,2028-02-01,2028-02-01,2028-02-29
in_000038_075,cus_000038,sub_000038,8722,usd,paid,2028-03-01,2028-03-01,2028-03-31
in_000038_076,cus_000038,sub_000038,8830,usd,paid,2028-04-01,2028-04-01,2028-04-30
in_000038_077,cus_000038,sub_000038,8598,usd,paid,2028-05-01,2028-05-01,2028-05-31
in_000038_078,cus_000038,sub_000038,8541,usd,paid,2028-06-01,2028-06-01,2028-06-30
in_000038_079,cus_000038,sub_000038,9264,usd,paid,2028-07-01,2028-07-01,2028-07-31
in_000038_080,cus_000038,sub_000038,9226,usd,paid,2028-08-01,2028-08-01,2028-08-31
in_000038_081,cus_000038,sub_000038,8465,usd,paid,2028-09-01,2028-09-01,2028-09-30
in_000038_082,cus_000038,sub_000038,9102,usd,paid,2028-10-01,2028-10-01,2028-10-31
in_000038_083,cus_000038,sub_000038,8477,usd,paid,2028-11-01,2028-11-01,2028-11-30
in_000038_084,cus_000038,sub_000038,8761,usd,paid,2028-12-01,2028-12-01,2028-12-31
in_000039_001,cus_000039,sub_000039,5804,usd,paid,2022-01-01,2022-01-01,2022-01-31
in_000039_002,cus_000039,sub_000039,5809,usd,paid,2022-02-01,2022-02-01,2022-02-28
in_000039_003,cus_000039,sub_000039,6233,usd,paid,2022-03-01,2022-03-01,2022-03-31
in_000039_004,cus_000039,sub_000039,6353,usd,paid,2022-04-01,2022-04-01,2022-04-30
in_000039_005,cus_000039,sub_000039,4756,usd,paid,2022-05-01,2022-05-01,2022-05-31
in_000039_006,cus_000039,sub_000039,6275,usd,paid,2022-06-01,2022-06-01,2022-06-30
in_000039_007,cus_000039,sub_000039,6239,usd,paid,2022-07-01,2022-07-01,2022-07-31
in_000039_008,cus_000039,sub_000039,6253,usd,paid,2022-08-01,2022-08-01,2022-08-31
in_000039_009,cus_000039,sub_000039,6901,usd,paid,2022-09-01,2022-09-01,2022-09-30
in_000039_010,cus_000039,sub_000039,7042,usd,paid,2022-10-01,2022-10-01,2022-10-31
in_000039_011,cus_000039,sub_000039,6566,usd,paid,2022-11-01,2022-11-01,2022-11-30
in_000039_012,cus_000039,sub_000039,6971,usd,paid,2022-12-01,2022-12-01,2022-12-31
in_000039_013,cus_000039,sub_000039,6711,usd,paid,2023-01-01,2023-01-01,2023-01-31
in_000039_014,cus_000039,sub_000039,6779,usd,paid,2023-02-01,2023-02-01,2023-02-28
in_000039_015,cus_000039,sub_000039,7513,usd,paid,2023-03-01,2023-03-01,2023-03-31
in_000039_016,cus_000039,sub_000039,7402,usd,paid,2023-04-01,2023-04-01,2023-04-30
in_000039_017,cus_000039,sub_000039,5424,usd,paid,2023-05-01,2023-05-01,2023-05-31
in_000039_018,cus_000039,sub_000039,5845,usd,paid,2023-06-01,2023-06-01,2023-06-30
in_000039_019,cus_000039,sub_000039,7833,usd,paid,2023-07-01,2023-07-01,2023-07-31
in_000039_020,cus_000039,sub_000039,7584,usd,paid,2023-08-01,2023-08-01,2023-08-31
in_000039_021,cus_000039,sub_000039,7337,usd,paid,2023-09-01,2023-09-01,2023-09-30
in_000039_022,cus_000039,sub_000039,7938,usd,paid,2023-10-01,2023-10-01,2023-10-31
in_000039_023,cus_000039,sub_000039,7567,usd,paid,2023-11-01,2023-11-01,2023-11-30
in_000039_024,cus_000039,sub_000039,6070,usd,paid,2023-12-01,2023-12-01,2023-12-31
in_000039_025,cus_000039,sub_000039,8134,usd,paid,2024-01-01,2024-01-01,2024-01-31
in_000039_026,cus_000039,sub_000039,7927,usd,paid,2024-02-01,2024-02-01,2024-02-29
in_000039_027,cus_000039,sub_000039,7732,usd,paid,2024-03-01,2024-03-01,2024-03-31
in_000039_028,cus_000039,sub_000039,8452,usd,paid,2024-04-01,2024-04-01,2024-04-30
in_000039_029,cus_000039,sub_000039,8489,usd,paid,2024-05-01,2024-05-01,2024-05-31
in_000039_030,cus_000039,sub_000039,8309,usd,paid,2024-06-01,2024-06-01,2024-06-30
in_000039_031,cus_000039,sub_000039,7242,usd,paid,2024-07-01,2024-07-01,2024-07-31
in_000039_032,cus_000039,sub_000039,7949,usd,paid,2024-08-01,2024-08-01,2024-08-31
in_000039_033,cus_000039,sub_000039,8191,usd,paid,2024-09-01,2024-09-01,2024-09-30
in_000039_034,cus_000039,sub_000039,8599,usd,paid,2024-10-01,2024-10-01,2024-10-31
in_000039_035,cus_000039,sub_000039,8102,usd,paid,2024-11-01,2024-11-01,2024-11-30
in_000039_036,cus_000039,sub_000039,7020,usd,paid,2024-12-01,2024-12-01,2024-12-31
in_000039_037,cus_000039,sub_000039,8340,usd,paid,2025-01-01,2025-01-01,2025-01-31
in_000039_038,cus_000039,sub_000039,8772,usd,paid,2025-02-01,2025-02-01,2025-02-28
in_000039_039,cus_000039,sub_000039,8697,usd,paid,2025-03-01,2025-03-01,2025-03-31
in_000039_040,cus_000039,sub_000039,8816,usd,paid,2025-04-01,2025-04-01,2025-04-30
in_000039_041,cus_000039,sub_000039,8314,usd,paid,2025-05-01,2025-05-01,2025-05-31
in_000039_042,cus_000039,sub_000039,8585,usd,paid,2025-06-01,2025-06-01,2025-06-30
in_000039_043,cus_000039,sub_000039,8288,usd,paid,2025-07-01,2025-07-01,2025-07-31
in_000039_044,cus_000039,sub_000039,8299,usd,paid,2025-08-01,2025-08-01,2025-08-31
in_000039_045,cus_000039,sub_000039,8349,usd,paid,2025-09-01,2025-09-01,2025-09-30
in_000039_046,cus_000039,sub_000039,8504,usd,paid,2025-10-01,2025-10-01,2025-10-31
in_000039_047,cus_000039,sub_000039,8559,usd,paid,2025-11-01,2025-11-01,2025-11-30
in_000039_048,cus_000039,sub_000039,8792,usd,paid,2025-12-01,2025-12-01,2025-12-31
in_000039_049,cus_000039,sub_000039,8585,usd,paid,2026-01-01,2026-01-01,2026-01-31
in_000039_050,cus_000039,sub_000039,8818,usd,paid,2026-02-01,2026-02-01,2026-02-28
in_000039_051,cus_000039,sub_000039,9043,usd,paid,2026-03-01,2026-03-01,2026-03-31
in_000039_052,cus_000039,sub_000039,8763,usd,paid,2026-04-01,2026-04-01,2026-04-30
in_000039_053,cus_000039,sub_000039,8843,usd,paid,2026-05-01,2026-05-01,2026-05-31
in_000039_054,cus_000039,sub_000039,6502,usd,paid,2026-06-01,2026-06-01,2026-06-30
in_000039_055,cus_000039,sub_000039,8464,usd,paid,2026-07-01,2026-07-01,2026-07-31
in_000039_056,cus_000039,sub_000039,7853,usd,paid,2026-08-01,2026-08-01,2026-08-31
in_000039_057,cus_000039,sub_000039,9007,usd,paid,2026-09-01,2026-09-01,2026-09-30
in_000039_058,cus_000039,sub_000039,8823,usd,paid,2026-10-01,2026-10-01,2026-10-31
in_000039_059,cus_000039,sub_000039,8611,usd,paid,2026-11-01,2026-11-01,2026-11-30
in_000039_060,cus_000039,sub_000039,9095,usd,paid,2026-12-01,2026-12-01,2026-12-31
in_000039_061,cus_000039,sub_000039,8551,usd,paid,2027-01-01,2027-01-01,2027-01-31
in_000039_062,cus_000039,sub_000039,8954,usd,paid,2027-02-01,2027-02-01,2027-02-28
in_000039_063,cus_000039,sub_000039,9057,usd,paid,2027-03-01,2027-03-01,2027-03-31
in_000039_064,cus_000039,sub_000039,9154,usd,paid,2027-04-01,2027-04-01,2027-04-30
in_000039_065,cus_000039,sub_000039,8900,usd,paid,2027-05-01,2027-05-01,2027-05-31
in_000039_066,cus_000039,sub_000039,8520,usd,paid,2027-06-01,2027-06-01,2027-06-30
in_000039_067,cus_000039,sub_000039,8457,usd,paid,2027-07-01,2027-07-01,2027-07-31
in_000039_068,cus_000039,sub_000039,8510,usd,paid,2027-08-01,2027-08-01,2027-08-31
in_000039_069,cus_000039,sub_000039,8993,usd,paid,2027-09-01,2027-09-01,2027-09-30
in_000039_070,cus_000039,sub_000039,8800,usd,paid,2027-10-01,2027-10-01,2027-10-31
in_000039_071,cus_000039,sub_000039,8811,usd,paid,2027-11-01,2027-11-01,2027-11-30
in_000039_072,cus_000039,sub_000039,9066,usd,paid,2027-12-01,2027-12-01,2027-12-31
in_000039_073,cus_000039,sub_000039,8863,usd,paid,2028-01-01,2028-01-01,2028-01-31
in_000039_074,cus_000039,sub_000039,9284,usd,paid,2028-02-01,2028-02-01,2028-02-29
in_000039_075,cus_000039,sub_000039,8868,usd,paid,2028-03-01,2028-03-01,2028-03-31
in_000039_076,cus_000039,sub_000039,8450,usd,paid,2028-04-01,2028-04-01,2028-04-30
in_000039_077,cus_000039,sub_000039,8710,usd,paid,2028-05-01,2028-05-01,2028-05-31
in_000039_078,cus_000039,sub_000039,9313,usd,paid,2028-06-01,2028-06-01,2028-06-30
in_000039_079,cus_000039,sub_000039,8469,usd,paid,2028-07-01,2028-07-01,2028-07-31
in_000039_080,cus_000039,sub_000039,8450,usd,paid,2028-08-01,2028-08-01,2028-08-31
in_000039_081,cus_000039,sub_000039,8490,usd,paid,2028-09-01,2028-09-01,2028-09-30
in_000039_082,cus_000039,sub_000039,9258,usd,paid,2028-10-01,2028-10-01,2028-10-31
in_000039_083,cus_000039,sub_000039,8974,usd,paid,2028-11-01,2028-11-01,2028-11-30
in_000039_084,cus_000039,sub_000039,8484,usd,paid,2028-12-01,2028-12-01,2028-12-31
in_000040_001,cus_000040,sub_000040,5761,usd,paid,2022-01-05,2022-01-01,2022-01-31
in_000040_002,cus_000040,sub_000040,4846,usd,paid,2022-02-05,2022-02-01,2022-02-28
in_000040_003,cus_000040,sub_000040,6275,usd,paid,2022-03-05,2022-03-01,2022-03-31
in_000040_004,cus_000040,sub_000040,6286,usd,paid,2022-04-05,2022-04-01,2022-04-30
in_000040_005,cus_000040,sub_000040,6236,usd,paid,2022-05-05,2022-05-01,2022-05-31
in_000040_006,cus_000040,sub_000040,6372,usd,paid,2022-06-05,2022-06-01,2022-06-30
in_000040_007,cus_000040,sub_000040,6728,usd,paid,2022-07-05,2022-07-01,2022-07-31
in_000040_008,cus_000040,sub_000040,6224,usd,paid,2022-08-05,2022-08-01,2022-08-31
in_000040_009,cus_000040,sub_000040,6537,usd,paid,2022-09-05,2022-09-01,2022-09-30
in_000040_010,cus_000040,sub_000040,6734,usd,paid,2022-10-05,2022-10-01,2022-10-31
in_000040_011,cus_000040,sub_000040,6668,usd,paid,2022-11-05,2022-11-01,2022-11-30
in_000040_012,cus_000040,sub_000040,6791,usd,paid,2022-12-05,2022-12-01,2022-12-31
in_000040_013,cus_000040,sub_000040,6754,usd,paid,2023-01-05,2023-01-01,2023-01-31
in_000040_014,cus_000040,sub_000040,7081,usd,paid,2023-02-05,2023-02-01,2023-02-28
in_000040_015,cus_000040,sub_000040,7376,usd,paid,2023-03-05,2023-03-01,2023-03-31
in_000040_016,cus_000040,sub_000040,7448,usd,paid,2023-04-05,2023-04-01,2023-04-30
in_000040_017,cus_000040,sub_000040,6992,usd,paid,2023-05-05,2023-05-01,2023-05-31
in_000040_018,cus_000040,sub_000040,7078,usd,paid,2023-06-05,2023-06-01,2023-06-30
in_000040_019,cus_000040,sub_000040,7502,usd,paid,2023-07-05,2023-07-01,2023-07-31
in_000040_020,cus_000040,sub_000040,7637,usd,paid,2023-08-05,2023-08-01,2023-08-31
in_000040_021,cus_000040,sub_000040,7813,usd,paid,2023-09-05,2023-09-01,2023-09-30
in_000040_022,cus_000040,sub_000040,7620,usd,paid,2023-10-05,2023-10-01,2023-10-31
in_000040_023,cus_000040,sub_000040,7914,usd,paid,2023-11-05,2023-11-01,2023-11-30
in_000040_024,cus_000040,sub_000040,7785,usd,paid,2023-12-05,2023-12-01,2023-12-31
in_000040_025,cus_000040,sub_000040,8129,usd,paid,2024-01-05,2024-01-01,2024-01-31
in_000040_026,cus_000040,sub_000040,7724,usd,paid,2024-02-05,2024-02-01,2024-02-29
in_000040_027,cus_000040,sub_000040,6106,usd,paid,2024-03-05,2024-03-01,2024-03-31
in_000040_028,cus_000040,sub_000040,7829,usd,paid,2024-04-05,2024-04-01,2024-04-30
in_000040_029,cus_000040,sub_000040,5795,usd,paid,2024-05-05,2024-05-01,2024-05-31
in_000040_030,cus_000040,sub_000040,8150,usd,paid,2024-06-05,2024-06-01,2024-06-30
in_000040_031,cus_000040,sub_000040,8054,usd,paid,2024-07-05,2024-07-01,2024-07-31
in_000040_032,cus_000040,sub_000040,8621,usd,paid,2024-08-05,2024-08-01,2024-08-31
in_000040_033,cus_000040,sub_000040,8067,usd,paid,2024-09-05,2024-09-01,2024-09-30
in_000040_034,cus_000040,sub_000040,8398,usd,paid,2024-10-05,2024-10-01,2024-10-31
in_000040_035,cus_000040,sub_000040,8348,usd,paid,2024-11-05,2024-11-01,2024-11-30
in_000040_036,cus_000040,sub_000040,8136,usd,paid,2024-12-05,2024-12-01,2024-12-31
in_000040_037,cus_000040,sub_000040,6682,usd,paid,2025-01-05,2025-01-01,2025-01-31
in_000040_038,cus_000040,sub_000040,8870,usd,paid,2025-02-05,2025-02-01,2025-02-28
in_000040_039,cus_000040,sub_000040,8197,usd,paid,2025-03-05,2025-03-01,2025-03-31
in_000040_040,cus_000040,sub_000040,8680,usd,paid,2025-04-05,2025-04-01,2025-04-30
in_000040_041,cus_000040,sub_000040,8863,usd,paid,2025-05-05,2025-05-01,2025-05-31
in_000040_042,cus_000040,sub_000040,8949,usd,paid,2025-06-05,2025-06-01,2025-06-30
in_000040_043,cus_000040,sub_000040,8891,usd,paid,2025-07-05,2025-07-01,2025-07-31
in_000040_044,cus_000040,sub_000040,8430,usd,paid,2025-08-05,2025-08-01,2025-08-31
in_000040_045,cus_000040,sub_000040,8322,usd,paid,2025-09-05,2025-09-01,2025-09-30
in_000040_046,cus_000040,sub_000040,8373,usd,paid,2025-10-05,2025-10-01,2025-10-31
in_000040_047,cus_000040,sub_000040,8326,usd,paid,2025-11-05,2025-11-01,2025-11-30
in_000040_048,cus_000040,sub_000040,8503,usd,paid,2025-12-05,2025-12-01,2025-12-31
in_000040_049,cus_000040,sub_000040,9011,usd,paid,2026-01-05,2026-01-01,2026-01-31
in_000040_050,cus_000040,sub_000040,9076,usd,paid,2026-02-05,2026-02-01,2026-02-28
in_000040_051,cus_000040,sub_000040,8640,usd,paid,2026-03-05,2026-03-01,2026-03-31
in_000040_052,cus_000040,sub_000040,8702,usd,paid,2026-04-05,2026-04-01,2026-04-30
in_000040_053,cus_000040,sub_000040,8822,usd,paid,2026-05-05,2026-05-01,2026-05-31
in_000040_054,cus_000040,sub_000040,9139,usd,paid,2026-06-05,2026-06-01,2026-06-30
in_000040_055,cus_000040,sub_000040,9099,usd,paid,2026-07-05,2026-07-01,2026-07-31
in_000040_056,cus_000040,sub_000040,8875,usd,paid,2026-08-05,2026-08-01,2026-08-31
in_000040_057,cus_000040,sub_000040,8611,usd,paid,2026-09-05,2026-09-01,2026-09-30
in_000040_058,cus_000040,sub_000040,8898,usd,paid,2026-10-05,2026-10-01,2026-10-31
in_000040_059,cus_000040,sub_000040,6788,usd,paid,2026-11-05,2026-11-01,2026-11-30
in_000040_060,cus_000040,sub_000040,8652,usd,paid,2026-12-05,2026-12-01,2026-12-31
in_000040_061,cus_000040,sub_000040,8463,usd,paid,2027-01-05,2027-01-01,2027-01-31
in_000040_062,cus_000040,sub_000040,9207,usd,paid,2027-02-05,2027-02-01,2027-02-28
in_000040_063,cus_000040,sub_000040,9029,usd,paid,2027-03-05,2027-03-01,2027-03-31
in_000040_064,cus_000040,sub_000040,8718,usd,paid,2027-04-05,2027-04-01,2027-04-30
in_000040_065,cus_000040,sub_000040,9041,usd,paid,2027-05-05,2027-05-01,2027-05-31
in_000040_066,cus_000040,sub_000040,5915,usd,paid,2027-06-05,2027-06-01,2027-06-30
in_000040_067,cus_000040,sub_000040,9121,usd,paid,2027-07-05,2027-07-01,2027-07-31
in_000040_068,cus_000040,sub_000040,6843,usd,paid,2027-08-05,2027-08-01,2027-08-31
in_000040_069,cus_000040,sub_000040,8827,usd,paid,2027-09-05,2027-09-01,2027-09-30
in_000040_070,cus_000040,sub_000040,8433,usd,paid,2027-10-05,2027-10-01,2027-10-31
in_000040_071,cus_000040,sub_000040,9093,usd,paid,2027-11-05,2027-11-01,2027-11-30
in_000040_072,cus_000040,sub_000040,8977,usd,paid,2027-12-05,2027-12-01,2027-12-31
in_000040_073,cus_000040,sub_000040,8702,usd,paid,2028-01-05,2028-01-01,2028-01-31
in_000040_074,cus_000040,sub_000040,8816,usd,paid,2028-02-05,2028-02-01,2028-02-29
in_000040_075,cus_000040,sub_000040,8917,usd,paid,2028-03-05,2028-03-01,2028-03-31
in_000040_076,cus_000040,sub_000040,8917,usd,paid,2028-04-05,2028-04-01,2028-04-30
in_000040_077,cus_000040,sub_000040,9160,usd,paid,2028-05-05,2028-05-01,2028-05-31
in_000040_078,cus_000040,sub_000040,9254,usd,paid,2028-06-05,2028-06-01,2028-06-30
in_000040_079,cus_000040,sub_000040,8819,usd,paid,2028-07-05,2028-07-01,2028-07-31
in_000040_080,cus_000040,sub_000040,9171,usd,paid,2028-08-05,2028-08-01,2028-08-31
in_000040_081,cus_000040,sub_000040,9048,usd,paid,2028-09-05,2028-09-01,2028-09-30
in_000040_082,cus_000040,sub_000040,9027,usd,paid,2028-10-05,2028-10-01,2028-10-31
in_000040_083,cus_000040,sub_000040,8612,usd,paid,2028-11-05,2028-11-01,2028-11-30
in_000040_084,cus_000040,sub_000040,6522,usd,paid,2028-12-05,2028-12-01,2028-12-31
in_000041_001,cus_000041,sub_000041,6066,usd,paid,2022-01-19,2022-01-01,2022-01-31
in_000041_002,cus_000041,sub_000041,6266,usd,paid,2022-02-19,2022-02-01,2022-02-28
in_000041_003,cus_000041,sub_000041,6306,usd,paid,2022-03-19,2022-03-01,2022-03-31
in_000041_004,cus_000041,sub_000041,6441,usd,paid,2022-04-19,2022-04-01,2022-04-30
in_000041_005,cus_000041,sub_000041,4887,usd,paid,2022-05-19,2022-05-01,2022-05-31
in_000041_006,cus_000041,sub_000041,6507,usd,paid,2022-06-19,2022-06-01,2022-06-30
in_000041_007,cus_000041,sub_000041,6439,usd,paid,2022-07-19,2022-07-01,2022-07-31
in_000041_008,cus_000041,sub_000041,6652,usd,paid,2022-08-19,2022-08-01,2022-08-31
in_000041_009,cus_000041,sub_000041,6930,usd,paid,2022-09-19,2022-09-01,2022-09-30
in_000041_010,cus_000041,sub_000041,7045,usd,paid,2022-10-19,2022-10-01,2022-10-31
in_000041_011,cus_000041,sub_000041,7095,usd,paid,2022-11-19,2022-11-01,2022-11-30
in_000041_012,cus_000041,sub_000041,6977,usd,paid,2022-12-19,2022-12-01,2022-12-31
in_000041_013,cus_000041,sub_000041,7024,usd,paid,2023-01-19,2023-01-01,2023-01-31
in_000041_014,cus_000041,sub_000041,7094,usd,paid,2023-02-19,2023-02-01,2023-02-28
in_000041_015,cus_000041,sub_000041,6885,usd,paid,2023-03-19,2023-03-01,2023-03-31
in_000041_016,cus_000041,sub_000041,7254,usd,paid,2023-04-19,2023-04-01,2023-04-30
in_000041_017,cus_000041,sub_000041,7048,usd,paid,2023-05-19,2023-05-01,2023-05-31
in_000041_018,cus_000041,sub_000041,7671,usd,paid,2023-06-19,2023-06-01,2023-06-30
in_000041_019,cus_000041,sub_000041,5771,usd,paid,2023-07-19,2023-07-01,2023-07-31
in_000041_020,cus_000041,sub_000041,7336,usd,paid,2023-08-19,2023-08-01,2023-08-31
in_000041_021,cus_000041,sub_000041,7903,usd,paid,2023-09-19,2023-09-01,2023-09-30
in_000041_022,cus_000041,sub_000041,7833,usd,paid,2023-10-19,2023-10-01,2023-10-31
in_000041_023,cus_000041,sub_000041,7693,usd,paid,2023-11-19,2023-11-01,2023-11-30
in_000041_024,cus_000041,sub_000041,7967,usd,paid,2023-12-19,2023-12-01,2023-12-31
in_000041_025,cus_000041,sub_000041,7755,usd,paid,2024-01-19,2024-01-01,2024-01-31
in_000041_026,cus_000041,sub_000041,7994,usd,paid,2024-02-19,2024-02-01,2024-02-29
in_000041_027,cus_000041,sub_000041,8460,usd,paid,2024-03-19,2024-03-01,2024-03-31
in_000041_028,cus_000041,sub_000041,8387,usd,paid,2024-04-19,2024-04-01,2024-04-30
in_000041_029,cus_000041,sub_000041,8188,usd,paid,2024-05-19,2024-05-01,2024-05-31
in_000041_030,cus_000041,sub_000041,8203,usd,paid,2024-06-19,2024-06-01,2024-06-30
in_000041_031,cus_000041,sub_000041,8475,usd,paid,2024-07-19,2024-07-01,2024-07-31
in_000041_032,cus_000041,sub_000041,8624,usd,paid,2024-08-19,2024-08-01,2024-08-31
in_000041_033,cus_000041,sub_000041,8326,usd,paid,2024-09-19,2024-09-01,2024-09-30
in_000041_034,cus_000041,sub_000041,8360,usd,paid,2024-10-19,2024-10-01,2024-10-31
in_000041_035,cus_000041,sub_000041,8134,usd,paid,2024-11-19,2024-11-01,2024-11-30
in_000041_036,cus_000041,sub_000041,8705,usd,paid,2024-12-19,2024-12-01,2024-12-31
in_000041_037,cus_000041,sub_000041,8469,usd,paid,2025-01-19,2025-01-01,2025-01-31
in_000041_038,cus_000041,sub_000041,8343,usd,paid,2025-02-19,2025-02-01,2025-02-28
in_000041_039,cus_000041,sub_000041,8223,usd,paid,2025-03-19,2025-03-01,2025-03-31
in_000041_040,cus_000041,sub_000041,8507,usd,paid,2025-04-19,2025-04-01,2025-04-30
in_000041_041,cus_000041,sub_000041,8479,usd,paid,2025-05-19,2025-05-01,2025-05-31
in_000041_042,cus_000041,sub_000041,8390,usd,paid,2025-06-19,2025-06-01,2025-06-30
in_000041_043,cus_000041,sub_000041,8254,usd,paid,2025-07-19,2025-07-01,2025-07-31
in_000041_044,cus_000041,sub_000041,8897,usd,paid,2025-08-19,2025-08-01,2025-08-31
in_000041_045,cus_000041,sub_000041,8861,usd,paid,2025-09-19,2025-09-01,2025-09-30
in_000041_046,cus_000041,sub_000041,8952,usd,paid,2025-10-19,2025-10-01,2025-10-31
in_000041_047,cus_000041,sub_000041,8700,usd,paid,2025-11-19,2025-11-01,2025-11-30
in_000041_048,cus_000041,sub_000041,8556,usd,paid,2025-12-19,2025-12-01,2025-12-31
in_000041_049,cus_000041,sub_000041,8609,usd,paid,2026-01-19,2026-01-01,2026-01-31
in_000041_050,cus_000041,sub_000041,5889,usd,paid,2026-02-19,2026-02-01,2026-02-28
in_000041_051,cus_000041,sub_000041,9103,usd,paid,2026-03-19,2026-03-01,2026-03-31
in_000041_052,cus_000041,sub_000041,9184,usd,paid,2026-04-19,2026-04-01,2026-04-30
in_000041_053,cus_000041,sub_000041,8609,usd,paid,2026-05-19,2026-05-01,2026-05-31
in_000041_054,cus_000041,sub_000041,8807,usd,paid,2026-06-19,2026-06-01,2026-06-30
in_000041_055,cus_000041,sub_000041,8016,usd,paid,2026-07-19,2026-07-01,2026-07-31
in_000041_056,cus_000041,sub_000041,8601,usd,paid,2026-08-19,2026-08-01,2026-08-31
in_000041_057,cus_000041,sub_000041,8591,usd,paid,2026-09-19,2026-09-01,2026-09-30
in_000041_058,cus_000041,sub_000041,8690,usd,paid,2026-10-19,2026-10-01,2026-10-31
in_000041_059,cus_000041,sub_000041,9197,usd,paid,2026-11-19,2026-11-01,2026-11-30
in_000041_060,cus_000041,sub_000041,9034,usd,paid,2026-12-19,2026-12-01,2026-12-31
in_000041_061,cus_000041,sub_000041,8569,usd,paid,2027-01-19,2027-01-01,2027-01-31
in_000041_062,cus_000041,sub_000041,9282,usd,paid,2027-02-19,2027-02-01,2027-02-28
in_000041_063,cus_000041,sub_000041,8673,usd,paid,2027-03-19,2027-03-01,2027-03-31
in_000041_064,cus_000041,sub_000041,9168,usd,paid,2027-04-19,2027-04-01,2027-04-30
in_000041_065,cus_000041,sub_000041,8924,usd,paid,2027-05-19,2027-05-01,2027-05-31
in_000041_066,cus_000041,sub_000041,9023,usd,paid,2027-06-19,2027-06-01,2027-06-30
in_000041_067,cus_000041,sub_000041,8595,usd,paid,2027-07-19,2027-07-01,2027-07-31
in_000041_068,cus_000041,sub_000041,9283,usd,paid,2027-08-19,2027-08-01,2027-08-31
in_000041_069,cus_000041,sub_000041,8796,usd,paid,2027-09-19,2027-09-01,2027-09-30
in_000041_070,cus_000041,sub_000041,8482,usd,paid,2027-10-19,2027-10-01,2027-10-31
in_000041_071,cus_000041,sub_000041,8619,usd,paid,2027-11-19,2027-11-01,2027-11-30
in_000041_072,cus_000041,sub_000041,8901,usd,paid,2027-12-19,2027-12-01,2027-12-31
in_000041_073,cus_000041,sub_000041,8454,usd,paid,2028-01-19,2028-01-01,2028-01-31
in_000041_074,cus_000041,sub_000041,8583,usd,paid,2028-02-19,2028-02-01,2028-02-29
in_000041_075,cus_000041,sub_000041,9097,usd,paid,2028-03-19,2028-03-01,2028-03-31
in_000041_076,cus_000041,sub_000041,8772,usd,paid,2028-04-19,2028-04-01,2028-04-30
in_000041_077,cus_000041,sub_000041,9189,usd,paid,2028-05-19,2028-05-01,2028-05-31
in_000041_078,cus_000041,sub_000041,8613,usd,paid,2028-06-19,2028-06-01,2028-06-30
in_000041_079,cus_000041,sub_000041,8607,usd,paid,2028-07-19,2028-07-01,2028-07-31
in_000041_080,cus_000041,sub_000041,8500,usd,paid,2028-08-19,2028-08-01,2028-08-31
in_000041_081,cus_000041,sub_000041,8797,usd,paid,2028-09-19,2028-09-01,2028-09-30
in_000041_082,cus_000041,sub_000041,8478,usd,paid,2028-10-19,2028-10-01,2028-10-31
in_000041_083,cus_000041,sub_000041,9233,usd,paid,2028-11-19,2028-11-01,2028-11-30
in_000041_084,cus_000041,sub_000041,9030,usd,paid,2028-12-19,2028-12-01,2028-12-31
in_000042_001,cus_000042,sub_000042,1937,usd,paid,2022-01-19,2022-01-01,2022-01-31
in_000043_001,cus_000043,sub_000043,1965,usd,paid,2022-01-02,2022-01-01,2022-01-31
in_000043_002,cus_000043,sub_000043,2031,usd,paid,2022-02-02,2022-02-01,2022-02-28
in_000044_001,cus_000044,sub_000044,2081,usd,paid,2022-01-22,2022-01-01,2022-01-31
in_000044_002,cus_000044,sub_000044,2039,usd,paid,2022-02-22,2022-02-01,2022-02-28
in_000044_003,cus_000044,sub_000044,1974,usd,paid,2022-03-22,2022-03-01,2022-03-31
in_000045_001,cus_000045,sub_000045,1919,usd,paid,2022-01-05,2022-01-01,2022-01-31
in_000045_002,cus_000045,sub_000045,2052,usd,paid,2022-02-05,2022-02-01,2022-02-28
in_000045_003,cus_000045,sub_000045,2017,usd,paid,2022-03-05,2022-03-01,2022-03-31
in_000045_004,cus_000045,sub_000045,2086,usd,paid,2022-04-05,2022-04-01,2022-04-30
in_000045_005,cus_000045,sub_000045,2027,usd,paid,2022-05-05,2022-05-01,2022-05-31
in_000045_006,cus_000045,sub_000045,1986,usd,paid,2022-06-05,2022-06-01,2022-06-30
in_000045_007,cus_000045,sub_000045,2114,usd,paid,2022-07-05,2022-07-01,2022-07-31
in_000045_008,cus_000045,sub_000045,2047,usd,paid,2022-08-05,2022-08-01,2022-08-31
in_000045_009,cus_000045,sub_000045,2121,usd,paid,2022-09-05,2022-09-01,2022-09-30
in_000045_010,cus_000045,sub_000045,2046,usd,paid,2022-10-05,2022-10-01,2022-10-31
in_000045_011,cus_000045,sub_000045,2008,usd,paid,2022-11-05,2022-11-01,2022-11-30
in_000045_012,cus_000045,sub_000045,2086,usd,paid,2022-12-05,2022-12-01,2022-12-31
in_000045_013,cus_000045,sub_000045,2186,usd,paid,2023-01-05,2023-01-01,2023-01-31
in_000045_014,cus_000045,sub_000045,2136,usd,paid,2023-02-05,2023-02-01,2023-02-28
in_000045_015,cus_000045,sub_000045,2120,usd,paid,2023-03-05,2023-03-01,2023-03-31
in_000045_016,cus_000045,sub_000045,2025,usd,paid,2023-04-05,2023-04-01,2023-04-30
in_000045_017,cus_000045,sub_000045,2212,usd,paid,2023-05-05,2023-05-01,2023-05-31
in_000045_018,cus_000045,sub_000045,2209,usd,paid,2023-06-05,2023-06-01,2023-06-30
in_000045_019,cus_000045,sub_000045,1779,usd,paid,2023-07-05,2023-07-01,2023-07-31
in_000045_020,cus_000045,sub_000045,2158,usd,paid,2023-08-05,2023-08-01,2023-08-31
in_000045_021,cus_000045,sub_000045,2071,usd,paid,2023-09-05,2023-09-01,2023-09-30
in_000045_022,cus_000045,sub_000045,2168,usd,paid,2023-10-05,2023-10-01,2023-10-31
in_000045_023,cus_000045,sub_000045,2136,usd,paid,2023-11-05,2023-11-01,2023-11-30
in_000045_024,cus_000045,sub_000045,2186,usd,paid,2023-12-05,2023-12-01,2023-12-31
in_000045_025,cus_000045,sub_000045,1597,usd,paid,2024-01-05,2024-01-01,2024-01-31
in_000045_026,cus_000045,sub_000045,2114,usd,paid,2024-02-05,2024-02-01,2024-02-29
in_000045_027,cus_000045,sub_000045,2149,usd,paid,2024-03-05,2024-03-01,2024-03-31
in_000045_028,cus_000045,sub_000045,2170,usd,paid,2024-04-05,2024-04-01,2024-04-30
in_000045_029,cus_000045,sub_000045,2200,usd,paid,2024-05-05,2024-05-01,2024-05-31
in_000045_030,cus_000045,sub_000045,1779,usd,paid,2024-06-05,2024-06-01,2024-06-30
in_000046_001,cus_000046,sub_000046,2007,usd,paid,2022-01-24,2022-01-01,2022-01-31
in_000046_002,cus_000046,sub_000046,2099,usd,paid,2022-02-24,2022-02-01,2022-02-28
in_000046_003,cus_000046,sub_000046,2113,usd,paid,2022-03-24,2022-03-01,2022-03-31
in_000046_004,cus_000046,sub_000046,2078,usd,paid,2022-04-24,2022-04-01,2022-04-30
in_000046_005,cus_000046,sub_000046,2049,usd,paid,2022-05-24,2022-05-01,2022-05-31
in_000046_006,cus_000046,sub_000046,2065,usd,paid,2022-06-24,2022-06-01,2022-06-30
in_000046_007,cus_000046,sub_000046,2086,usd,paid,2022-07-24,2022-07-01,2022-07-31
in_000046_008,cus_000046,sub_000046,2091,usd,paid,2022-08-24,2022-08-01,2022-08-31
in_000046_009,cus_000046,sub_000046,2146,usd,paid,2022-09-24,2022-09-01,2022-09-30
in_000046_010,cus_000046,sub_000046,1988,usd,paid,2022-10-24,2022-10-01,2022-10-31
in_000046_011,cus_000046,sub_000046,1990,usd,paid,2022-11-24,2022-11-01,2022-11-30
in_000046_012,cus_000046,sub_000046,2002,usd,paid,2022-12-24,2022-12-01,2022-12-31
in_000046_013,cus_000046,sub_000046,2111,usd,paid,2023-01-24,2023-01-01,2023-01-31
in_000046_014,cus_000046,sub_000046,2063,usd,paid,2023-02-24,2023-02-01,2023-02-28
in_000046_015,cus_000046,sub_000046,2037,usd,paid,2023-03-24,2023-03-01,2023-03-31
in_000046_016,cus_000046,sub_000046,2058,usd,paid,2023-04-24,2023-04-01,2023-04-30
in_000046_017,cus_000046,sub_000046,2073,usd,paid,2023-05-24,2023-05-01,2023-05-31
in_000046_018,cus_000046,sub_000046,2061,usd,paid,2023-06-24,2023-06-01,2023-06-30
in_000046_019,cus_000046,sub_000046,2208,usd,paid,2023-07-24,2023-07-01,2023-07-31
in_000046_020,cus_000046,sub_000046,2097,usd,paid,2023-08-24,2023-08-01,2023-08-31
in_000046_021,cus_000046,sub_000046,2162,usd,paid,2023-09-24,2023-09-01,2023-09-30
in_000046_022,cus_000046,sub_000046,2225,usd,paid,2023-10-24,2023-10-01,2023-10-31
in_000046_023,cus_000046,sub_000046,2180,usd,paid,2023-11-24,2023-11-01,2023-11-30
in_000046_024,cus_000046,sub_000046,2215,usd,paid,2023-12-24,2023-12-01,2023-12-31
in_000046_025,cus_000046,sub_000046,2244,usd,paid,2024-01-24,2024-01-01,2024-01-31
in_000046_026,cus_000046,sub_000046,2314,usd,paid,2024-02-24,2024-02-01,2024-02-29
in_000046_027,cus_000046,sub_000046,1786,usd,paid,2024-03-24,2024-03-01,2024-03-31
in_000046_028,cus_000046,sub_000046,2141,usd,paid,2024-04-24,2024-04-01,2024-04-30
in_000046_029,cus_000046,sub_000046,2306,usd,paid,2024-05-24,2024-05-01,2024-05-31
in_000046_030,cus_000046,sub_000046,2156,usd,paid,2024-06-24,2024-06-01,2024-06-30
in_000046_031,cus_000046,sub_000046,2178,usd,paid,2024-07-24,2024-07-01,2024-07-31
in_000046_032,cus_000046,sub_000046,2132,usd,paid,2024-08-24,2024-08-01,2024-08-31
in_000046_033,cus_000046,sub_000046,2303,usd,paid,2024-09-24,2024-09-01,2024-09-30
in_000046_034,cus_000046,sub_000046,2172,usd,paid,2024-10-24,2024-10-01,2024-10-31
in_000046_035,cus_000046,sub_000046,2334,usd,paid,2024-11-24,2024-11-01,2024-11-30
in_000046_036,cus_000046,sub_000046,2290,usd,paid,2024-12-24,2024-12-01,2024-12-31
in_000046_037,cus_000046,sub_000046,2334,usd,paid,2025-01-24,2025-01-01,2025-01-31
in_000046_038,cus_000046,sub_000046,2265,usd,paid,2025-02-24,2025-02-01,2025-02-28
in_000046_039,cus_000046,sub_000046,2213,usd,paid,2025-03-24,2025-03-01,2025-03-31
in_000046_040,cus_000046,sub_000046,2161,usd,paid,2025-04-24,2025-04-01,2025-04-30
in_000046_041,cus_000046,sub_000046,2342,usd,paid,2025-05-24,2025-05-01,2025-05-31
in_000046_042,cus_000046,sub_000046,2197,usd,paid,2025-06-24,2025-06-01,2025-06-30
in_000046_043,cus_000046,sub_000046,2287,usd,paid,2025-07-24,2025-07-01,2025-07-31
in_000046_044,cus_000046,sub_000046,1763,usd,paid,2025-08-24,2025-08-01,2025-08-31
in_000046_045,cus_000046,sub_000046,2391,usd,paid,2025-09-24,2025-09-01,2025-09-30
in_000046_046,cus_000046,sub_000046,2395,usd,paid,2025-10-24,2025-10-01,2025-10-31
in_000046_047,cus_000046,sub_000046,2244,usd,paid,2025-11-24,2025-11-01,2025-11-30
in_000046_048,cus_000046,sub_000046,2339,usd,paid,2025-12-24,2025-12-01,2025-12-31
in_000046_049,cus_000046,sub_000046,2282,usd,paid,2026-01-24,2026-01-01,2026-01-31
in_000046_050,cus_000046,sub_000046,2367,usd,paid,2026-02-24,2026-02-01,2026-02-28
in_000046_051,cus_000046,sub_000046,2415,usd,paid,2026-03-24,2026-03-01,2026-03-31
in_000046_052,cus_000046,sub_000046,2371,usd,paid,2026-04-24,2026-04-01,2026-04-30
in_000046_053,cus_000046,sub_000046,1829,usd,paid,2026-05-24,2026-05-01,2026-05-31
in_000046_054,cus_000046,sub_000046,2382,usd,paid,2026-06-24,2026-06-01,2026-06-30
in_000046_055,cus_000046,sub_000046,1945,usd,paid,2026-07-24,2026-07-01,2026-07-31
in_000046_056,cus_000046,sub_000046,2327,usd,paid,2026-08-24,2026-08-01,2026-08-31
in_000046_057,cus_000046,sub_000046,2391,usd,paid,2026-09-24,2026-09-01,2026-09-30
in_000046_058,cus_000046,sub_000046,2394,usd,paid,2026-10-24,2026-10-01,2026-10-31
in_000046_059,cus_000046,sub_000046,2414,usd,paid,2026-11-24,2026-11-01,2026-11-30
in_000046_060,cus_000046,sub_000046,2204,usd,paid,2026-12-24,2026-12-01,2026-12-31
in_000046_061,cus_000046,sub_000046,2202,usd,paid,2027-01-24,2027-01-01,2027-01-31
in_000046_062,cus_000046,sub_000046,2371,usd,paid,2027-02-24,2027-02-01,2027-02-28
in_000046_063,cus_000046,sub_000046,2287,usd,paid,2027-03-24,2027-03-01,2027-03-31
in_000046_064,cus_000046,sub_000046,2308,usd,paid,2027-04-24,2027-04-01,2027-04-30
in_000046_065,cus_000046,sub_000046,2294,usd,paid,2027-05-24,2027-05-01,2027-05-31
in_000046_066,cus_000046,sub_000046,2414,usd,paid,2027-06-24,2027-06-01,2027-06-30
in_000046_067,cus_000046,sub_000046,2188,usd,paid,2027-07-24,2027-07-01,2027-07-31
in_000046_068,cus_000046,sub_000046,2312,usd,paid,2027-08-24,2027-08-01,2027-08-31
in_000046_069,cus_000046,sub_000046,2401,usd,paid,2027-09-24,2027-09-01,2027-09-30
in_000046_070,cus_000046,sub_000046,2305,usd,paid,2027-10-24,2027-10-01,2027-10-31
in_000046_071,cus_000046,sub_000046,2244,usd,paid,2027-11-24,2027-11-01,2027-11-30
in_000046_072,cus_000046,sub_000046,2186,usd,paid,2027-12-24,2027-12-01,2027-12-31
in_000046_073,cus_000046,sub_000046,2400,usd,paid,2028-01-24,2028-01-01,2028-01-31
in_000046_074,cus_000046,sub_000046,2381,usd,paid,2028-02-24,2028-02-01,2028-02-29
in_000046_075,cus_000046,sub_000046,2375,usd,paid,2028-03-24,2028-03-01,2028-03-31
in_000046_076,cus_000046,sub_000046,2327,usd,paid,2028-04-24,2028-04-01,2028-04-30
in_000046_077,cus_000046,sub_000046,2231,usd,paid,2028-05-24,2028-05-01,2028-05-31
in_000046_078,cus_000046,sub_000046,2199,usd,paid,2028-06-24,2028-06-01,2028-06-30
in_000046_079,cus_000046,sub_000046,2378,usd,paid,2028-07-24,2028-07-01,2028-07-31
in_000046_080,cus_000046,sub_000046,2208,usd,paid,2028-08-24,2028-08-01,2028-08-31
in_000046_081,cus_000046,sub_000046,2201,usd,paid,2028-09-24,2028-09-01,2028-09-30
in_000046_082,cus_000046,sub_000046,2378,usd,paid,2028-10-24,2028-10-01,2028-10-31
in_000046_083,cus_000046,sub_000046,1746,usd,paid,2028-11-24,2028-11-01,2028-11-30
in_000046_084,cus_000046,sub_000046,2372,usd,paid,2028-12-24,2028-12-01,2028-12-31
in_000047_001,cus_000047,sub_000047,1925,usd,paid,2022-01-11,2022-01-01,2022-01-31
in_000047_002,cus_000047,sub_000047,1953,usd,paid,2022-02-11,2022-02-01,2022-02-28
in_000047_003,cus_000047,sub_000047,2104,usd,paid,2022-03-11,2022-03-01,2022-03-31
in_000047_004,cus_000047,sub_000047,2096,usd,paid,2022-04-11,2022-04-01,2022-04-30
in_000047_005,cus_000047,sub_000047,2094,usd,paid,2022-05-11,2022-05-01,2022-05-31
in_000047_006,cus_000047,sub_000047,1946,usd,paid,2022-06-11,2022-06-01,2022-06-30
in_000047_007,cus_000047,sub_000047,1949,usd,paid,2022-07-11,2022-07-01,2022-07-31
in_000047_008,cus_000047,sub_000047,2089,usd,paid,2022-08-11,2022-08-01,2022-08-31
in_000047_009,cus_000047,sub_000047,2022,usd,paid,2022-09-11,2022-09-01,2022-09-30
in_000047_010,cus_000047,sub_000047,2120,usd,paid,2022-10-11,2022-10-01,2022-10-31
in_000047_011,cus_000047,sub_000047,2089,usd,paid,2022-11-11,2022-11-01,2022-11-30
in_000047_012,cus_000047,sub_000047,2190,usd,paid,2022-12-11,2022-12-01,2022-12-31
in_000047_013,cus_000047,sub_000047,2020,usd,paid,2023-01-11,2023-01-01,2023-01-31
in_000047_014,cus_000047,sub_000047,2128,usd,paid,2023-02-11,2023-02-01,2023-02-28
in_000047_015,cus_000047,sub_000047,2104,usd,paid,2023-03-11,2023-03-01,2023-03-31
in_000047_016,cus_000047,sub_000047,2046,usd,paid,2023-04-11,2023-04-01,2023-04-30
in_000047_017,cus_000047,sub_000047,2065,usd,paid,2023-05-11,2023-05-01,2023-05-31
in_000047_018,cus_000047,sub_000047,2075,usd,paid,2023-06-11,2023-06-01,2023-06-30
in_000047_019,cus_000047,sub_000047,2089,usd,paid,2023-07-11,2023-07-01,2023-07-31
in_000047_020,cus_000047,sub_000047,2061,usd,paid,2023-08-11,2023-08-01,2023-08-31
in_000047_021,cus_000047,sub_000047,2134,usd,paid,2023-09-11,2023-09-01,2023-09-30
in_000047_022,cus_000047,sub_000047,2176,usd,paid,2023-10-11,2023-10-01,2023-10-31
in_000047_023,cus_000047,sub_000047,2282,usd,paid,2023-11-11,2023-11-01,2023-11-30
in_000047_024,cus_000047,sub_000047,2124,usd,paid,2023-12-11,2023-12-01,2023-12-31
in_000047_025,cus_000047,sub_000047,2223,usd,paid,2024-01-11,2024-01-01,2024-01-31
in_000047_026,cus_000047,sub_000047,2267,usd,paid,2024-02-11,2024-02-01,2024-02-29
in_000047_027,cus_000047,sub_000047,2248,usd,paid,2024-03-11,2024-03-01,2024-03-31
in_000047_028,cus_000047,sub_000047,2205,usd,paid,2024-04-11,2024-04-01,2024-04-30
in_000047_029,cus_000047,sub_000047,2280,usd,paid,2024-05-11,2024-05-01,2024-05-31
in_000047_030,cus_000047,sub_000047,2290,usd,paid,2024-06-11,2024-06-01,2024-06-30
in_000047_031,cus_000047,sub_000047,1934,usd,paid,2024-07-11,2024-07-01,2024-07-31
in_000047_032,cus_000047,sub_000047,2230,usd,paid,2024-08-11,2024-08-01,2024-08-31
in_000047_033,cus_000047,sub_000047,2336,usd,paid,2024-09-11,2024-09-01,2024-09-30
in_000047_034,cus_000047,sub_000047,2330,usd,paid,2024-10-11,2024-10-01,2024-10-31
in_000047_035,cus_000047,sub_000047,2222,usd,paid,2024-11-11,2024-11-01,2024-11-30
in_000047_036,cus_000047,sub_000047,2310,usd,paid,2024-12-11,2024-12-01,2024-12-31
in_000047_037,cus_000047,sub_000047,2205,usd,paid,2025-01-11,2025-01-01,2025-01-31
in_000047_038,cus_000047,sub_000047,2043,usd,paid,2025-02-11,2025-02-01,2025-02-28
in_000047_039,cus_000047,sub_000047,2269,usd,paid,2025-03-11,2025-03-01,2025-03-31
in_000047_040,cus_000047,sub_000047,2197,usd,paid,2025-04-11,2025-04-01,2025-04-30
in_000047_041,cus_000047,sub_000047,2212,usd,paid,2025-05-11,2025-05-01,2025-05-31
in_000047_042,cus_000047,sub_000047,2249,usd,paid,2025-06-11,2025-06-01,2025-06-30
in_000047_043,cus_000047,sub_000047,2197,usd,paid,2025-07-11,2025-07-01,2025-07-31
in_000047_044,cus_000047,sub_000047,2176,usd,paid,2025-08-11,2025-08-01,2025-08-31
in_000047_045,cus_000047,sub_000047,2379,usd,paid,2025-09-11,2025-09-01,2025-09-30
in_000047_046,cus_000047,sub_000047,2261,usd,paid,2025-10-11,2025-10-01,2025-10-31
in_000047_047,cus_000047,sub_000047,2309,usd,paid,2025-11-11,2025-11-01,2025-11-30
in_000047_048,cus_000047,sub_000047,2236,usd,paid,2025-12-11,2025-12-01,2025-12-31
in_000047_049,cus_000047,sub_000047,1887,usd,paid,2026-01-11,2026-01-01,2026-01-31
in_000047_050,cus_000047,sub_000047,2387,usd,paid,2026-02-11,2026-02-01,2026-02-28
in_000047_051,cus_000047,sub_000047,2210,usd,paid,2026-03-11,2026-03-01,2026-03-31
in_000047_052,cus_000047,sub_000047,2273,usd,paid,2026-04-11,2026-04-01,2026-04-30
in_000047_053,cus_000047,sub_000047,1692,usd,paid,2026-05-11,2026-05-01,2026-05-31
in_000047_054,cus_000047,sub_000047,2409,usd,paid,2026-06-11,2026-06-01,2026-06-30
in_000047_055,cus_000047,sub_000047,2337,usd,paid,2026-07-11,2026-07-01,2026-07-31
in_000047_056,cus_000047,sub_000047,2262,usd,paid,2026-08-11,2026-08-01,2026-08-31
in_000047_057,cus_000047,sub_000047,1705,usd,paid,2026-09-11,2026-09-01,2026-09-30
in_000047_058,cus_000047,sub_000047,2282,usd,paid,2026-10-11,2026-10-01,2026-10-31
in_000047_059,cus_000047,sub_000047,2260,usd,paid,2026-11-11,2026-11-01,2026-11-30
in_000047_060,cus_000047,sub_000047,2225,usd,paid,2026-12-11,2026-12-01,2026-12-31
in_000047_061,cus_000047,sub_000047,2223,usd,paid,2027-01-11,2027-01-01,2027-01-31
in_000047_062,cus_000047,sub_000047,2413,usd,paid,2027-02-11,2027-02-01,2027-02-28
in_000047_063,cus_000047,sub_000047,2393,usd,paid,2027-03-11,2027-03-01,2027-03-31
in_000047_064,cus_000047,sub_000047,1869,usd,paid,2027-04-11,2027-04-01,2027-04-30
in_000047_065,cus_000047,sub_000047,2336,usd,paid,2027-05-11,2027-05-01,2027-05-31
in_000047_066,cus_000047,sub_000047,2240,usd,paid,2027-06-11,2027-06-01,2027-06-30
in_000047_067,cus_000047,sub_000047,2408,usd,paid,2027-07-11,2027-07-01,2027-07-31
in_000047_068,cus_000047,sub_000047,2331,usd,paid,2027-08-11,2027-08-01,2027-08-31
in_000047_069,cus_000047,sub_000047,2241,usd,paid,2027-09-11,2027-09-01,2027-09-30
in_000047_070,cus_000047,sub_000047,2249,usd,paid,2027-10-11,2027-10-01,2027-10-31
in_000047_071,cus_000047,sub_000047,2211,usd,paid,2027-11-11,2027-11-01,2027-11-30
in_000047_072,cus_000047,sub_000047,2308,usd,paid,2027-12-11,2027-12-01,2027-12-31
in_000047_073,cus_000047,sub_000047,2381,usd,paid,2028-01-11,2028-01-01,2028-01-31
in_000047_074,cus_000047,sub_000047,2210,usd,paid,2028-02-11,2028-02-01,2028-02-29
in_000047_075,cus_000047,sub_000047,2267,usd,paid,2028-03-11,2028-03-01,2028-03-31
in_000047_076,cus_000047,sub_000047,2299,usd,paid,2028-04-11,2028-04-01,2028-04-30
in_000047_077,cus_000047,sub_000047,1911,usd,paid,2028-05-11,2028-05-01,2028-05-31
in_000047_078,cus_000047,sub_000047,2327,usd,paid,2028-06-11,2028-06-01,2028-06-30
in_000047_079,cus_000047,sub_000047,2215,usd,paid,2028-07-11,2028-07-01,2028-07-31
in_000047_080,cus_000047,sub_000047,2280,usd,paid,2028-08-11,2028-08-01,2028-08-31
in_000047_081,cus_000047,sub_000047,2359,usd,paid,2028-09-11,2028-09-01,2028-09-30
in_000047_082,cus_000047,sub_000047,2320,usd,paid,2028-10-11,2028-10-01,2028-10-31
in_000047_083,cus_000047,sub_000047,2387,usd,paid,2028-11-11,2028-11-01,2028-11-30
in_000047_084,cus_000047,sub_000047,2211,usd,paid,2028-12-11,2028-12-01,2028-12-31
in_000048_001,cus_000048,sub_000048,1986,usd,paid,2022-01-01,2022-01-01,2022-01-31
in_000048_002,cus_000048,sub_000048,2059,usd,paid,2022-02-01,2022-02-01,2022-02-28
in_000048_003,cus_000048,sub_000048,1930,usd,paid,2022-03-01,2022-03-01,2022-03-31
in_000048_004,cus_000048,sub_000048,2075,usd,paid,2022-04-01,2022-04-01,2022-04-30
in_000048_005,cus_000048,sub_000048,2074,usd,paid,2022-05-01,2022-05-01,2022-05-31
in_000048_006,cus_000048,sub_000048,2079,usd,paid,2022-06-01,2022-06-01,2022-06-30
in_000048_007,cus_000048,sub_000048,1986,usd,paid,2022-07-01,2022-07-01,2022-07-31
in_000048_008,cus_000048,sub_000048,2105,usd,paid,2022-08-01,2022-08-01,2022-08-31
in_000048_009,cus_000048,sub_000048,2092,usd,paid,2022-09-01,2022-09-01,2022-09-30
in_000048_010,cus_000048,sub_000048,2071,usd,paid,2022-10-01,2022-10-01,2022-10-31
in_000048_011,cus_000048,sub_000048,2115,usd,paid,2022-11-01,2022-11-01,2022-11-30
in_000048_012,cus_000048,sub_000048,2015,usd,paid,2022-12-01,2022-12-01,2022-12-31
in_000048_013,cus_000048,sub_000048,1408,usd,paid,2023-01-01,2023-01-01,2023-01-31
in_000048_014,cus_000048,sub_000048,2108,usd,paid,2023-02-01,2023-02-01,2023-02-28
in_000048_015,cus_000048,sub_000048,2070,usd,paid,2023-03-01,2023-03-01,2023-03-31
in_000048_016,cus_000048,sub_000048,2075,usd,paid,2023-04-01,2023-04-01,2023-04-30
in_000048_017,cus_000048,sub_000048,2090,usd,paid,2023-05-01,2023-05-01,2023-05-31
in_000048_018,cus_000048,sub_000048,1671,usd,paid,2023-06-01,2023-06-01,2023-06-30
in_000048_019,cus_000048,sub_000048,2101,usd,paid,2023-07-01,2023-07-01,2023-07-31
in_000048_020,cus_000048,sub_000048,2222,usd,paid,2023-08-01,2023-08-01,2023-08-31
in_000048_021,cus_000048,sub_000048,2069,usd,paid,2023-09-01,2023-09-01,2023-09-30
in_000048_022,cus_000048,sub_000048,2289,usd,paid,2023-10-01,2023-10-01,2023-10-31
in_000048_023,cus_000048,sub_000048,2141,usd,paid,2023-11-01,2023-11-01,2023-11-30
in_000048_024,cus_000048,sub_000048,2125,usd,paid,2023-12-01,2023-12-01,2023-12-31
in_000048_025,cus_000048,sub_000048,1784,usd,paid,2024-01-01,2024-01-01,2024-01-31
in_000048_026,cus_000048,sub_000048,2226,usd,paid,2024-02-01,2024-02-01,2024-02-29
in_000048_027,cus_000048,sub_000048,2297,usd,paid,2024-03-01,2024-03-01,2024-03-31
in_000048_028,cus_000048,sub_000048,2188,usd,paid,2024-04-01,2024-04-01,2024-04-30
in_000048_029,cus_000048,sub_000048,2154,usd,paid,2024-05-01,2024-05-01,2024-05-31
in_000048_030,cus_000048,sub_000048,2134,usd,paid,2024-06-01,2024-06-01,2024-06-30
in_000048_031,cus_000048,sub_000048,2138,usd,paid,2024-07-01,2024-07-01,2024-07-31
in_000048_032,cus_000048,sub_000048,2302,usd,paid,2024-08-01,2024-08-01,2024-08-31
in_000048_033,cus_000048,sub_000048,2349,usd,paid,2024-09-01,2024-09-01,2024-09-30
in_000048_034,cus_000048,sub_000048,2307,usd,paid,2024-10-01,2024-10-01,2024-10-31
in_000048_035,cus_000048,sub_000048,2344,usd,paid,2024-11-01,2024-11-01,2024-11-30
in_000048_036,cus_000048,sub_000048,2342,usd,paid,2024-12-01,2024-12-01,2024-12-31
in_000048_037,cus_000048,sub_000048,2259,usd,paid,2025-01-01,2025-01-01,2025-01-31
in_000048_038,cus_000048,sub_000048,2196,usd,paid,2025-02-01,2025-02-01,2025-02-28
in_000048_039,cus_000048,sub_000048,2375,usd,paid,2025-03-01,2025-03-01,2025-03-31
in_000048_040,cus_000048,sub_000048,2198,usd,paid,2025-04-01,2025-04-01,2025-04-30
in_000048_041,cus_000048,sub_000048,2250,usd,paid,2025-05-01,2025-05-01,2025-05-31
in_000048_042,cus_000048,sub_000048,2373,usd,paid,2025-06-01,2025-06-01,2025-06-30
in_000048_043,cus_000048,sub_000048,2315,usd,paid,2025-07-01,2025-07-01,2025-07-31
in_000048_044,cus_000048,sub_000048,2243,usd,paid,2025-08-01,2025-08-01,2025-08-31
in_000048_045,cus_000048,sub_000048,2222,usd,paid,2025-09-01,2025-09-01,2025-09-30
in_000048_046,cus_000048,sub_000048,2398,usd,paid,2025-10-01,2025-10-01,2025-10-31
in_000048_047,cus_000048,sub_000048,2248,usd,paid,2025-11-01,2025-11-01,2025-11-30
in_000048_048,cus_000048,sub_000048,2289,usd,paid,2025-12-01,2025-12-01,2025-12-31
in_000048_049,cus_000048,sub_000048,2251,usd,paid,2026-01-01,2026-01-01,2026-01-31
in_000048_050,cus_000048,sub_000048,2311,usd,paid,2026-02-01,2026-02-01,2026-02-28
in_000048_051,cus_000048,sub_000048,2303,usd,paid,2026-03-01,2026-03-01,2026-03-31
in_000048_052,cus_000048,sub_000048,2401,usd,paid,2026-04-01,2026-04-01,2026-04-30
in_000048_053,cus_000048,sub_000048,2392,usd,paid,2026-05-01,2026-05-01,2026-05-31
in_000048_054,cus_000048,sub_000048,2328,usd,paid,2026-06-01,2026-06-01,2026-06-30
in_000048_055,cus_000048,sub_000048,2261,usd,paid,2026-07-01,2026-07-01,2026-07-31
in_000048_056,cus_000048,sub_000048,2246,usd,paid,2026-08-01,2026-08-01,2026-08-31
in_000048_057,cus_000048,sub_000048,2288,usd,paid,2026-09-01,2026-09-01,2026-09-30
in_000048_058,cus_000048,sub_000048,2247,usd,paid,2026-10-01,2026-10-01,2026-10-31
in_000048_059,cus_000048,sub_000048,2197,usd,paid,2026-11-01,2026-11-01,2026-11-30
in_000048_060,cus_000048,sub_000048,2344,usd,paid,2026-12-01,2026-12-01,2026-12-31
in_000048_061,cus_000048,sub_000048,2236,usd,paid,2027-01-01,2027-01-01,2027-01-31
in_000048_062,cus_000048,sub_000048,2185,usd,paid,2027-02-01,2027-02-01,2027-02-28
in_000048_063,cus_000048,sub_000048,2194,usd,paid,2027-03-01,2027-03-01,2027-03-31
in_000048_064,cus_000048,sub_000048,2414,usd,paid,2027-04-01,2027-04-01,2027-04-30
in_000048_065,cus_000048,sub_000048,2234,usd,paid,2027-05-01,2027-05-01,2027-05-31
in_000048_066,cus_000048,sub_000048,2292,usd,paid,2027-06-01,2027-06-01,2027-06-30
in_000048_067,cus_000048,sub_000048,2370,usd,paid,2027-07-01,2027-07-01,2027-07-31
in_000048_068,cus_000048,sub_000048,2214,usd,paid,2027-08-01,2027-08-01,2027-08-31
in_000048_069,cus_000048,sub_000048,2385,usd,paid,2027-09-01,2027-09-01,2027-09-30
in_000048_070,cus_000048,sub_000048,2210,usd,paid,2027-10-01,2027-10-01,2027-10-31
in_000048_071,cus_000048,sub_000048,2221,usd,paid,2027-11-01,2027-11-01,2027-11-30
in_000048_072,cus_000048,sub_000048,2396,usd,paid,2027-12-01,2027-12-01,2027-12-31
in_000048_073,cus_000048,sub_000048,2204,usd,paid,2028-01-01,2028-01-01,2028-01-31
in_000048_074,cus_000048,sub_000048,2279,usd,paid,2028-02-01,2028-02-01,2028-02-29
in_000048_075,cus_000048,sub_000048,2263,usd,paid,2028-03-01,2028-03-01,2028-03-31
in_000048_076,cus_000048,sub_000048,2248,usd,paid,2028-04-01,2028-04-01,2028-04-30
in_000048_077,cus_000048,sub_000048,1903,usd,paid,2028-05-01,2028-05-01,2028-05-31
in_000048_078,cus_000048,sub_000048,2337,usd,paid,2028-06-01,2028-06-01,2028-06-30
in_000048_079,cus_000048,sub_000048,2211,usd,paid,2028-07-01,2028-07-01,2028-07-31
in_000048_080,cus_000048,sub_000048,2203,usd,paid,2028-08-01,2028-08-01,2028-08-31
in_000048_081,cus_000048,sub_000048,1797,usd,paid,2028-09-01,2028-09-01,2028-09-30
in_000048_082,cus_000048,sub_000048,2355,usd,paid,2028-10-01,2028-10-01,2028-10-31
in_000048_083,cus_000048,sub_000048,2265,usd,paid,2028-11-01,2028-11-01,2028-11-30
in_000048_084,cus_000048,sub_000048,2289,usd,paid,2028-12-01,2028-12-01,2028-12-31
in_000049_001,cus_000049,sub_000049,2046,usd,paid,2022-01-22,2022-01-01,2022-01-31
in_000049_002,cus_000049,sub_000049,1955,usd,paid,2022-02-22,2022-02-01,2022-02-28
in_000049_003,cus_000049,sub_000049,2085,usd,paid,2022-03-22,2022-03-01,2022-03-31
in_000049_004,cus_000049,sub_000049,2054,usd,paid,2022-04-22,2022-04-01,2022-04-30
in_000049_005,cus_000049,sub_000049,2022,usd,paid,2022-05-22,2022-05-01,2022-05-31
in_000049_006,cus_000049,sub_000049,2089,usd,paid,2022-06-22,2022-06-01,2022-06-30
in_000049_007,cus_000049,sub_000049,2029,usd,paid,2022-07-22,2022-07-01,2022-07-31
in_000049_008,cus_000049,sub_000049,2024,usd,paid,2022-08-22,2022-08-01,2022-08-31
in_000049_009,cus_000049,sub_000049,2018,usd,paid,2022-09-22,2022-09-01,2022-09-30
in_000049_010,cus_000049,sub_000049,2055,usd,paid,2022-10-22,2022-10-01,2022-10-31
in_000049_011,cus_000049,sub_000049,2048,usd,paid,2022-11-22,2022-11-01,2022-11-30
in_000049_012,cus_000049,sub_000049,2037,usd,paid,2022-12-22,2022-12-01,2022-12-31
in_000049_013,cus_000049,sub_000049,2184,usd,paid,2023-01-22,2023-01-01,2023-01-31
in_000049_014,cus_000049,sub_000049,2045,usd,paid,2023-02-22,2023-02-01,2023-02-28
in_000049_015,cus_000049,sub_000049,2137,usd,paid,2023-03-22,2023-03-01,2023-03-31
in_000049_016,cus_000049,sub_000049,2053,usd,paid,2023-04-22,2023-04-01,2023-04-30
in_000049_017,cus_000049,sub_000049,2146,usd,paid,2023-05-22,2023-05-01,2023-05-31
in_000049_018,cus_000049,sub_000049,2170,usd,paid,2023-06-22,2023-06-01,2023-06-30
in_000049_019,cus_000049,sub_000049,2119,usd,paid,2023-07-22,2023-07-01,2023-07-31
in_000049_020,cus_000049,sub_000049,2112,usd,paid,2023-08-22,2023-08-01,2023-08-31
in_000049_021,cus_000049,sub_000049,2153,usd,paid,2023-09-22,2023-09-01,2023-09-30
in_000049_022,cus_000049,sub_000049,2273,usd,paid,2023-10-22,2023-10-01,2023-10-31
in_000049_023,cus_000049,sub_000049,2133,usd,paid,2023-11-22,2023-11-01,2023-11-30
in_000049_024,cus_000049,sub_000049,2254,usd,paid,2023-12-22,2023-12-01,2023-12-31
in_000049_025,cus_000049,sub_000049,2105,usd,paid,2024-01-22,2024-01-01,2024-01-31
in_000049_026,cus_000049,sub_000049,2240,usd,paid,2024-02-22,2024-02-01,2024-02-29
in_000049_027,cus_000049,sub_000049,2153,usd,paid,2024-03-22,2024-03-01,2024-03-31
in_000049_028,cus_000049,sub_000049,2171,usd,paid,2024-04-22,2024-04-01,2024-04-30
in_000049_029,cus_000049,sub_000049,2120,usd,paid,2024-05-22,2024-05-01,2024-05-31
in_000049_030,cus_000049,sub_000049,2254,usd,paid,2024-06-22,2024-06-01,2024-06-30
in_000049_031,cus_000049,sub_000049,2145,usd,paid,2024-07-22,2024-07-01,2024-07-31
in_000049_032,cus_000049,sub_000049,2244,usd,paid,2024-08-22,2024-08-01,2024-08-31
in_000049_033,cus_000049,sub_000049,2238,usd,paid,2024-09-22,2024-09-01,2024-09-30
in_000049_034,cus_000049,sub_000049,2256,usd,paid,2024-10-22,2024-10-01,2024-10-31
in_000049_035,cus_000049,sub_000049,2361,usd,paid,2024-11-22,2024-11-01,2024-11-30
in_000049_036,cus_000049,sub_000049,2353,usd,paid,2024-12-22,2024-12-01,2024-12-31
in_000049_037,cus_000049,sub_000049,2261,usd,paid,2025-01-22,2025-01-01,2025-01-31
in_000049_038,cus_000049,sub_000049,2265,usd,paid,2025-02-22,2025-02-01,2025-02-28
in_000049_039,cus_000049,sub_000049,2215,usd,paid,2025-03-22,2025-03-01,2025-03-31
in_000049_040,cus_000049,sub_000049,2286,usd,paid,2025-04-22,2025-04-01,2025-04-30
in_000049_041,cus_000049,sub_000049,2321,usd,paid,2025-05-22,2025-05-01,2025-05-31
in_000049_042,cus_000049,sub_000049,1827,usd,paid,2025-06-22,2025-06-01,2025-06-30
in_000049_043,cus_000049,sub_000049,2167,usd,paid,2025-07-22,2025-07-01,2025-07-31
in_000049_044,cus_000049,sub_000049,2267,usd,paid,2025-08-22,2025-08-01,2025-08-31
in_000049_045,cus_000049,sub_000049,2235,usd,paid,2025-09-22,2025-09-01,2025-09-30
in_000049_046,cus_000049,sub_000049,2246,usd,paid,2025-10-22,2025-10-01,2025-10-31
in_000049_047,cus_000049,sub_000049,2389,usd,paid,2025-11-22,2025-11-01,2025-11-30
in_000049_048,cus_000049,sub_000049,2404,usd,paid,2025-12-22,2025-12-01,2025-12-31
in_000049_049,cus_000049,sub_000049,2258,usd,paid,2026-01-22,2026-01-01,2026-01-31
in_000049_050,cus_000049,sub_000049,2216,usd,paid,2026-02-22,2026-02-01,2026-02-28
in_000049_051,cus_000049,sub_000049,1942,usd,paid,2026-03-22,2026-03-01,2026-03-31
in_000049_052,cus_000049,sub_000049,2405,usd,paid,2026-04-22,2026-04-01,2026-04-30
in_000049_053,cus_000049,sub_000049,2227,usd,paid,2026-05-22,2026-05-01,2026-05-31
in_000049_054,cus_000049,sub_000049,2295,usd,paid,2026-06-22,2026-06-01,2026-06-30
in_000049_055,cus_000049,sub_000049,2359,usd,paid,2026-07-22,2026-07-01,2026-07-31
in_000049_056,cus_000049,sub_000049,1803,usd,paid,2026-08-22,2026-08-01,2026-08-31
in_000049_057,cus_000049,sub_000049,2372,usd,paid,2026-09-22,2026-09-01,2026-09-30
in_000049_058,cus_000049,sub_000049,2279,usd,paid,2026-10-22,2026-10-01,2026-10-31
in_000049_059,cus_000049,sub_000049,2285,usd,paid,2026-11-22,2026-11-01,2026-11-30
in_000049_060,cus_000049,sub_000049,2304,usd,paid,2026-12-22,2026-12-01,2026-12-31
in_000049_061,cus_000049,sub_000049,2302,usd,paid,2027-01-22,2027-01-01,2027-01-31
in_000049_062,cus_000049,sub_000049,1947,usd,paid,2027-02-22,2027-02-01,2027-02-28
in_000049_063,cus_000049,sub_000049,2300,usd,paid,2027-03-22,2027-03-01,2027-03-31
in_000049_064,cus_000049,sub_000049,2312,usd,paid,2027-04-22,2027-04-01,2027-04-30
in_000049_065,cus_000049,sub_000049,2248,usd,paid,2027-05-22,2027-05-01,2027-05-31
in_000049_066,cus_000049,sub_000049,2347,usd,paid,2027-06-22,2027-06-01,2027-06-30
in_000049_067,cus_000049,sub_000049,2277,usd,paid,2027-07-22,2027-07-01,2027-07-31
in_000049_068,cus_000049,sub_000049,2280,usd,paid,2027-08-22,2027-08-01,2027-08-31
in_000049_069,cus_000049,sub_000049,2394,usd,paid,2027-09-22,2027-09-01,2027-09-30
in_000049_070,cus_000049,sub_000049,2254,usd,paid,2027-10-22,2027-10-01,2027-10-31
in_000049_071,cus_000049,sub_000049,2355,usd,paid,2027-11-22,2027-11-01,2027-11-30
in_000049_072,cus_000049,sub_000049,2375,usd,paid,2027-12-22,2027-12-01,2027-12-31
in_000049_073,cus_000049,sub_000049,2187,usd,paid,2028-01-22,2028-01-01,2028-01-31
in_000049_074,cus_000049,sub_000049,2221,usd,paid,2028-02-22,2028-02-01,2028-02-29
in_000049_075,cus_000049,sub_000049,2283,usd,paid,2028-03-22,2028-03-01,2028-03-31
in_000049_076,cus_000049,sub_000049,2284,usd,paid,2028-04-22,2028-04-01,2028-04-30
in_000049_077,cus_000049,sub_000049,2254,usd,paid,2028-05-22,2028-05-01,2028-05-31
in_000049_078,cus_000049,sub_000049,2336,usd,paid,2028-06-22,2028-06-01,2028-06-30
in_000049_079,cus_000049,sub_000049,2363,usd,paid,2028-07-22,2028-07-01,2028-07-31
in_000049_080,cus_000049,sub_000049,2353,usd,paid,2028-08-22,2028-08-01,2028-08-31
in_000049_081,cus_000049,sub_000049,2214,usd,paid,2028-09-22,2028-09-01,2028-09-30
in_000049_082,cus_000049,sub_000049,2403,usd,paid,2028-10-22,2028-10-01,2028-10-31
in_000049_083,cus_000049,sub_000049,1967,usd,paid,2028-11-22,2028-11-01,2028-11-30
in_000049_084,cus_000049,sub_000049,2301,usd,paid,2028-12-22,2028-12-01,2028-12-31
