id,invoice_id,subscription_id,amount,description
il_000001_001,in_000001_001,sub_000001,19.18,Basic plan - 2022-01
il_000002_001,in_000002_001,sub_000002,19.92,Basic plan - 2022-01
il_000003_001,in_000003_001,sub_000003,20.0,Basic plan - 2022-01
il_000004_001,in_000004_001,sub_000004,20.39,Basic plan - 2022-01
il_000005_001,in_000005_001,sub_000005,19.76,Basic plan - 2022-01
il_000005_002,in_000005_002,sub_000005,20.32,Basic plan - 2022-02
il_000006_001,in_000006_001,sub_000006,19.18,Basic plan - 2022-01
il_000006_002,in_000006_002,sub_000006,20.99,Basic plan - 2022-02
il_000006_003,in_000006_003,sub_000006,20.52,Basic plan - 2022-03
il_000007_001,in_000007_001,sub_000007,20.94,Basic plan - 2022-01
il_000007_002,in_000007_002,sub_000007,20.5,Basic plan - 2022-02
il_000007_003,in_000007_003,sub_000007,19.66,Basic plan - 2022-03
il_000007_004,in_000007_004,sub_000007,21.0,Basic plan - 2022-04
il_000007_005,in_000007_005,sub_000007,19.64,Basic plan - 2022-05
il_000008_001,in_000008_001,sub_000008,20.16,Basic plan - 2022-01
il_000008_002,in_000008_002,sub_000008,20.78,Basic plan - 2022-02
il_000008_003,in_000008_003,sub_000008,20.56,Basic plan - 2022-03
il_000008_004,in_000008_004,sub_000008,20.44,Basic plan - 2022-04
il_000008_005,in_000008_005,sub_000008,20.55,Basic plan - 2022-05
il_000008_006,in_000008_006,sub_000008,16.13,Basic plan - 2022-06
il_000008_007,in_000008_007,sub_000008,20.02,Basic plan - 2022-07
il_000009_001,in_000009_001,sub_000009,19.21,Basic plan - 2022-01
il_000009_002,in_000009_002,sub_000009,19.4,Basic plan - 2022-02
il_000009_003,in_000009_003,sub_000009,20.29,Basic plan - 2022-03
il_000009_004,in_000009_004,sub_000009,14.43,Basic plan - 2022-04
il_000009_005,in_000009_005,sub_000009,20.21,Basic plan - 2022-05
il_000009_006,in_000009_006,sub_000009,19.46,Basic plan - 2022-06
il_000009_007,in_000009_007,sub_000009,20.35,Basic plan - 2022-07
il_000009_008,in_000009_008,sub_000009,20.61,Basic plan - 2022-08
il_000009_009,in_000009_009,sub_000009,20.07,Basic plan - 2022-09
il_000009_010,in_000009_010,sub_000009,20.69,Basic plan - 2022-10
il_000009_011,in_000009_011,sub_000009,19.74,Basic plan - 2022-11
il_000010_001,in_000010_001,sub_000010,20.79,Basic plan - 2022-01
il_000010_002,in_000010_002,sub_000010,20.17,Basic plan - 2022-02
il_000010_003,in_000010_003,sub_000010,20.47,Basic plan - 2022-03
il_000010_004,in_000010_004,sub_000010,20.51,Basic plan - 2022-04
il_000010_005,in_000010_005,sub_000010,20.79,Basic plan - 2022-05
il_000010_006,in_000010_006,sub_000010,21.15,Basic plan - 2022-06
il_000010_007,in_000010_007,sub_000010,19.43,Basic plan - 2022-07
il_000010_008,in_000010_008,sub_000010,20.2,Basic plan - 2022-08
il_000010_009,in_000010_009,sub_000010,21.19,Basic plan - 2022-09
il_000010_010,in_000010_010,sub_000010,21.58,Basic plan - 2022-10
il_000010_011,in_000010_011,sub_000010,20.77,Basic plan - 2022-11
il_000010_012,in_000010_012,sub_000010,21.74,Basic plan - 2022-12
il_000010_013,in_000010_013,sub_000010,19.97,Basic plan - 2023-01
il_000010_014,in_000010_014,sub_000010,22.04,Basic plan - 2023-02
il_000010_015,in_000010_015,sub_000010,21.61,Basic plan - 2023-03
il_000010_016,in_000010_016,sub_000010,22.0,Basic plan - 2023-04
il_000011_001,in_000011_001,sub_000011,19.63,Basic plan - 2022-01
il_000011_002,in_000011_002,sub_000011,20.39,Basic plan - 2022-02
il_000011_003,in_000011_003,sub_000011,19.31,Basic plan - 2022-03
il_000011_004,in_000011_004,sub_000011,19.7,Basic plan - 2022-04
il_000011_005,in_000011_005,sub_000011,19.72,Basic plan - 2022-05
il_000011_006,in_000011_006,sub_000011,20.98,Basic plan - 2022-06
il_000011_007,in_000011_007,sub_000011,19.71,Basic plan - 2022-07
il_000011_008,in_000011_008,sub_000011,21.23,Basic plan - 2022-08
il_000011_009,in_000011_009,sub_000011,20.16,Basic plan - 2022-09
il_000011_010,in_000011_010,sub_000011,21.62,Basic plan - 2022-10
il_000011_011,in_000011_011,sub_000011,17.08,Basic plan - 2022-11
il_000011_012,in_000011_012,sub_000011,20.06,Basic plan - 2022-12
il_000011_013,in_000011_013,sub_000011,20.13,Basic plan - 2023-01
il_000011_014,in_000011_014,sub_000011,21.41,Basic plan - 2023-02
il_000011_015,in_000011_015,sub_000011,20.45,Basic plan - 2023-03
il_000011_016,in_000011_016,sub_000011,21.63,Basic plan - 2023-04
il_000011_017,in_000011_017,sub_000011,20.47,Basic plan - 2023-05
il_000011_018,in_000011_018,sub_000011,22.25,Basic plan - 2023-06
il_000011_019,in_000011_019,sub_000011,21.0,Basic plan - 2023-07
il_000011_020,in_000011_020,sub_000011,21.86,Basic plan - 2023-08
il_000012_001,in_000012_001,sub_000012,19.57,Basic plan - 2022-01
il_000012_002,in_000012_002,sub_000012,19.11,Basic plan - 2022-02
il_000012_003,in_000012_003,sub_000012,20.39,Basic plan - 2022-03
il_000012_004,in_000012_004,sub_000012,19.46,Basic plan - 2022-04
il_000012_005,in_000012_005,sub_000012,21.19,Basic plan - 2022-05
il_000012_006,in_000012_006,sub_000012,21.19,Basic plan - 2022-06
il_000012_007,in_000012_007,sub_000012,20.3,Basic plan - 2022-07
il_000012_008,in_000012_008,sub_000012,19.47,Basic plan - 2022-08
il_000012_009,in_000012_009,sub_000012,21.23,Basic plan - 2022-09
il_000012_010,in_000012_010,sub_000012,20.09,Basic plan - 2022-10
il_000012_011,in_000012_011,sub_000012,20.96,Basic plan - 2022-11
il_000012_012,in_000012_012,sub_000012,21.04,Basic plan - 2022-12
il_000012_013,in_000012_013,sub_000012,20.66,Basic plan - 2023-01
il_000012_014,in_000012_014,sub_000012,21.32,Basic plan - 2023-02
il_000012_015,in_000012_015,sub_000012,20.99,Basic plan - 2023-03
il_000012_016,in_000012_016,sub_000012,20.61,Basic plan - 2023-04
il_000012_017,in_000012_017,sub_000012,21.93,Basic plan - 2023-05
il_000012_018,in_000012_018,sub_000012,20.41,Basic plan - 2023-06
il_000012_019,in_000012_019,sub_000012,20.66,Basic plan - 2023-07
il_000012_020,in_000012_020,sub_000012,21.1,Basic plan - 2023-08
il_000012_021,in_000012_021,sub_000012,22.5,Basic plan - 2023-09
il_000012_022,in_000012_022,sub_000012,21.21,Basic plan - 2023-10
il_000012_023,in_000012_023,sub_000012,18.6,Basic plan - 2023-11
il_000012_024,in_000012_024,sub_000012,21.13,Basic plan - 2023-12
il_000012_025,in_000012_025,sub_000012,22.08,Basic plan - 2024-01
il_000012_026,in_000012_026,sub_000012,21.69,Basic plan - 2024-02
il_000012_027,in_000012_027,sub_000012,21.98,Basic plan - 2024-03
il_000012_028,in_000012_028,sub_000012,19.68,Basic plan - 2024-04
il_000012_029,in_000012_029,sub_000012,21.47,Basic plan - 2024-05
il_000012_030,in_000012_030,sub_000012,22.25,Basic plan - 2024-06
il_000013_001,in_000013_001,sub_000013,19.1,Basic plan - 2022-01
il_000013_002,in_000013_002,sub_000013,20.11,Basic plan - 2022-02
il_000013_003,in_000013_003,sub_000013,20.79,Basic plan - 2022-03
il_000013_004,in_000013_004,sub_000013,21.04,Basic plan - 2022-04
il_000013_005,in_000013_005,sub_000013,20.94,Basic plan - 2022-05
il_000013_006,in_000013_006,sub_000013,21.28,Basic plan - 2022-06
il_000013_007,in_000013_007,sub_000013,20.94,Basic plan - 2022-07
il_000013_008,in_000013_008,sub_000013,21.03,Basic plan - 2022-08
il_000013_009,in_000013_009,sub_000013,20.63,Basic plan - 2022-09
il_000013_010,in_000013_010,sub_000013,21.38,Basic plan - 2022-10
il_000013_011,in_000013_011,sub_000013,20.5,Basic plan - 2022-11
il_000013_012,in_000013_012,sub_000013,20.34,Basic plan - 2022-12
il_000013_013,in_000013_013,sub_000013,20.87,Basic plan - 2023-01
il_000013_014,in_000013_014,sub_000013,20.44,Basic plan - 2023-02
il_000013_015,in_000013_015,sub_000013,20.81,Basic plan - 2023-03
il_000013_016,in_000013_016,sub_000013,20.92,Basic plan - 2023-04
il_000013_017,in_000013_017,sub_000013,20.82,Basic plan - 2023-05
il_000013_018,in_000013_018,sub_000013,22.23,Basic plan - 2023-06
il_000013_019,in_000013_019,sub_000013,21.05,Basic plan - 2023-07
il_000013_020,in_000013_020,sub_000013,22.26,Basic plan - 2023-08
il_000013_021,in_000013_021,sub_000013,22.25,Basic plan - 2023-09
il_000013_022,in_000013_022,sub_000013,21.96,Basic plan - 2023-10
il_000013_023,in_000013_023,sub_000013,22.27,Basic plan - 2023-11
il_000013_024,in_000013_024,sub_000013,22.27,Basic plan - 2023-12
il_000013_025,in_000013_025,sub_000013,21.08,Basic plan - 2024-01
il_000013_026,in_000013_026,sub_000013,21.04,Basic plan - 2024-02
il_000013_027,in_000013_027,sub_000013,21.05,Basic plan - 2024-03
il_000013_028,in_000013_028,sub_000013,21.21,Basic plan - 2024-04
il_000013_029,in_000013_029,sub_000013,22.72,Basic plan - 2024-05
il_000013_030,in_000013_030,sub_000013,22.72,Basic plan - 2024-06
il_000013_031,in_000013_031,sub_000013,23.12,Basic plan - 2024-07
il_000013_032,in_000013_032,sub_000013,22.38,Basic plan - 2024-08
il_000013_033,in_000013_033,sub_000013,22.48,Basic plan - 2024-09
il_000013_034,in_000013_034,sub_000013,22.41,Basic plan - 2024-10
il_000013_035,in_000013_035,sub_000013,22.23,Basic plan - 2024-11
il_000013_036,in_000013_036,sub_000013,22.94,Basic plan - 2024-12
il_000013_037,in_000013_037,sub_000013,22.37,Basic plan - 2025-01
il_000013_038,in_000013_038,sub_000013,23.39,Basic plan - 2025-02
il_000013_039,in_000013_039,sub_000013,21.59,Basic plan - 2025-03
il_000013_040,in_000013_040,sub_000013,22.84,Basic plan - 2025-04
il_000013_041,in_000013_041,sub_000013,23.13,Basic plan - 2025-05
il_000013_042,in_000013_042,sub_000013,22.17,Basic plan - 2025-06
il_000013_043,in_000013_043,sub_000013,23.17,Basic plan - 2025-07
il_000013_044,in_000013_044,sub_000013,22.3,Basic plan - 2025-08
il_000013_045,in_000013_045,sub_000013,21.86,Basic plan - 2025-09
il_000013_046,in_000013_046,sub_000013,23.66,Basic plan - 2025-10
il_000013_047,in_000013_047,sub_000013,22.43,Basic plan - 2025-11
il_000013_048,in_000013_048,sub_000013,22.85,Basic plan - 2025-12
il_000013_049,in_000013_049,sub_000013,23.4,Basic plan - 2026-01
il_000013_050,in_000013_050,sub_000013,22.48,Basic plan - 2026-02
il_000013_051,in_000013_051,sub_000013,23.26,Basic plan - 2026-03
il_000013_052,in_000013_052,sub_000013,21.89,Basic plan - 2026-04
il_000013_053,in_000013_053,sub_000013,23.07,Basic plan - 2026-05
il_000013_054,in_000013_054,sub_000013,22.96,Basic plan - 2026-06
il_000013_055,in_000013_055,sub_000013,21.65,Basic plan - 2026-07
il_000013_056,in_000013_056,sub_000013,23.5,Basic plan - 2026-08
il_000013_057,in_000013_057,sub_000013,22.67,Basic plan - 2026-09
il_000013_058,in_000013_058,sub_000013,22.31,Basic plan - 2026-10
il_000013_059,in_000013_059,sub_000013,23.4,Basic plan - 2026-11
il_000013_060,in_000013_060,sub_000013,23.89,Basic plan - 2026-12
il_000013_061,in_000013_061,sub_000013,22.27,Basic plan - 2027-01
il_000013_062,in_000013_062,sub_000013,21.86,Basic plan - 2027-02
il_000013_063,in_000013_063,sub_000013,23.14,Basic plan - 2027-03
il_000013_064,in_000013_064,sub_000013,21.83,Basic plan - 2027-04
il_000013_065,in_000013_065,sub_000013,21.69,Basic plan - 2027-05
il_000013_066,in_000013_066,sub_000013,21.95,Basic plan - 2027-06
il_000013_067,in_000013_067,sub_000013,22.07,Basic plan - 2027-07
il_000013_068,in_000013_068,sub_000013,20.78,Basic plan - 2027-08
il_000013_069,in_000013_069,sub_000013,21.74,Basic plan - 2027-09
il_000013_070,in_000013_070,sub_000013,23.45,Basic plan - 2027-10
il_000013_071,in_000013_071,sub_000013,23.56,Basic plan - 2027-11
il_000013_072,in_000013_072,sub_000013,23.44,Basic plan - 2027-12
il_000013_073,in_000013_073,sub_000013,23.38,Basic plan - 2028-01
il_000013_074,in_000013_074,sub_000013,20.23,Basic plan - 2028-02
il_000013_075,in_000013_075,sub_000013,21.91,Basic plan - 2028-03
il_000013_076,in_000013_076,sub_000013,23.32,Basic plan - 2028-04
il_000013_077,in_000013_077,sub_000013,23.56,Basic plan - 2028-05
il_000013_078,in_000013_078,sub_000013,23.29,Basic plan - 2028-06
il_000013_079,in_000013_079,sub_000013,22.24,Basic plan - 2028-07
il_000013_080,in_000013_080,sub_000013,23.85,Basic plan - 2028-08
il_000013_081,in_000013_081,sub_000013,21.75,Basic plan - 2028-09
il_000013_082,in_000013_082,sub_000013,21.72,Basic plan - 2028-10
il_000013_083,in_000013_083,sub_000013,23.24,Basic plan - 2028-11
il_000013_084,in_000013_084,sub_000013,21.83,Basic plan - 2028-12
il_000014_001,in_000014_001,sub_000014,20.96,Basic plan - 2022-01
il_000014_002,in_000014_002,sub_000014,20.63,Basic plan - 2022-02
il_000014_003,in_000014_003,sub_000014,20.27,Basic plan - 2022-03
il_000014_004,in_000014_004,sub_000014,21.08,Basic plan - 2022-04
il_000014_005,in_000014_005,sub_000014,20.4,Basic plan - 2022-05
il_000014_006,in_000014_006,sub_000014,20.61,Basic plan - 2022-06
il_000014_007,in_000014_007,sub_000014,19.65,Basic plan - 2022-07
il_000014_008,in_000014_008,sub_000014,20.26,Basic plan - 2022-08
il_000014_009,in_000014_009,sub_000014,19.77,Basic plan - 2022-09
il_000014_010,in_000014_010,sub_000014,20.19,Basic plan - 2022-10
il_000014_011,in_000014_011,sub_000014,20.59,Basic plan - 2022-11
il_000014_012,in_000014_012,sub_000014,21.11,Basic plan - 2022-12
il_000014_013,in_000014_013,sub_000014,20.73,Basic plan - 2023-01
il_000014_014,in_000014_014,sub_000014,21.19,Basic plan - 2023-02
il_000014_015,in_000014_015,sub_000014,20.11,Basic plan - 2023-03
il_000014_016,in_000014_016,sub_000014,21.12,Basic plan - 2023-04
il_000014_017,in_000014_017,sub_000014,21.41,Basic plan - 2023-05
il_000014_018,in_000014_018,sub_000014,21.77,Basic plan - 2023-06
il_000014_019,in_000014_019,sub_000014,21.75,Basic plan - 2023-07
il_000014_020,in_000014_020,sub_000014,22.12,Basic plan - 2023-08
il_000014_021,in_000014_021,sub_000014,21.44,Basic plan - 2023-09
il_000014_022,in_000014_022,sub_000014,21.37,Basic plan - 2023-10
il_000014_023,in_000014_023,sub_000014,22.27,Basic plan - 2023-11
il_000014_024,in_000014_024,sub_000014,22.76,Basic plan - 2023-12
il_000014_025,in_000014_025,sub_000014,21.93,Basic plan - 2024-01
il_000014_026,in_000014_026,sub_000014,21.52,Basic plan - 2024-02
il_000014_027,in_000014_027,sub_000014,21.95,Basic plan - 2024-03
il_000014_028,in_000014_028,sub_000014,21.07,Basic plan - 2024-04
il_000014_029,in_000014_029,sub_000014,21.07,Basic plan - 2024-05
il_000014_030,in_000014_030,sub_000014,21.73,Basic plan - 2024-06
il_000014_031,in_000014_031,sub_000014,21.73,Basic plan - 2024-07
il_000014_032,in_000014_032,sub_000014,21.1,Basic plan - 2024-08
il_000014_033,in_000014_033,sub_000014,23.01,Basic plan - 2024-09
il_000014_034,in_000014_034,sub_000014,21.49,Basic plan - 2024-10
il_000014_035,in_000014_035,sub_000014,21.46,Basic plan - 2024-11
il_000014_036,in_000014_036,sub_000014,23.37,Basic plan - 2024-12
il_000014_037,in_000014_037,sub_000014,23.0,Basic plan - 2025-01
il_000014_038,in_000014_038,sub_000014,22.84,Basic plan - 2025-02
il_000014_039,in_000014_039,sub_000014,22.2,Basic plan - 2025-03
il_000014_040,in_000014_040,sub_000014,21.38,Basic plan - 2025-04
il_000014_041,in_000014_041,sub_000014,22.57,Basic plan - 2025-05
il_000014_042,in_000014_042,sub_000014,21.79,Basic plan - 2025-06
il_000014_043,in_000014_043,sub_000014,23.68,Basic plan - 2025-07
il_000014_044,in_000014_044,sub_000014,23.37,Basic plan - 2025-08
il_000014_045,in_000014_045,sub_000014,21.83,Basic plan - 2025-09
il_000014_046,in_000014_046,sub_000014,22.42,Basic plan - 2025-10
il_000014_047,in_000014_047,sub_000014,23.28,Basic plan - 2025-11
il_000014_048,in_000014_048,sub_000014,22.66,Basic plan - 2025-12
il_000014_049,in_000014_049,sub_000014,22.03,Basic plan - 2026-01
il_000014_050,in_000014_050,sub_000014,21.72,Basic plan - 2026-02
il_000014_051,in_000014_051,sub_000014,22.29,Basic plan - 2026-03
il_000014_052,in_000014_052,sub_000014,22.96,Basic plan - 2026-04
il_000014_053,in_000014_053,sub_000014,21.81,Basic plan - 2026-05
il_000014_054,in_000014_054,sub_000014,23.54,Basic plan - 2026-06
il_000014_055,in_000014_055,sub_000014,23.1,Basic plan - 2026-07
il_000014_056,in_000014_056,sub_000014,23.36,Basic plan - 2026-08
il_000014_057,in_000014_057,sub_000014,22.46,Basic plan - 2026-09
il_000014_058,in_000014_058,sub_000014,22.39,Basic plan - 2026-10
il_000014_059,in_000014_059,sub_000014,22.72,Basic plan - 2026-11
il_000014_060,in_000014_060,sub_000014,23.56,Basic plan - 2026-12
il_000014_061,in_000014_061,sub_000014,23.69,Basic plan - 2027-01
il_000014_062,in_000014_062,sub_000014,23.56,Basic plan - 2027-02
il_000014_063,in_000014_063,sub_000014,22.76,Basic plan - 2027-03
il_000014_064,in_000014_064,sub_000014,21.86,Basic plan - 2027-04
il_000014_065,in_000014_065,sub_000014,23.71,Basic plan - 2027-05
il_000014_066,in_000014_066,sub_000014,22.03,Basic plan - 2027-06
il_000014_067,in_000014_067,sub_000014,15.76,Basic plan - 2027-07
il_000014_068,in_000014_068,sub_000014,22.64,Basic plan - 2027-08
il_000014_069,in_000014_069,sub_000014,19.41,Basic plan - 2027-09
il_000014_070,in_000014_070,sub_000014,23.22,Basic plan - 2027-10
il_000014_071,in_000014_071,sub_000014,23.86,Basic plan - 2027-11
il_000014_072,in_000014_072,sub_000014,22.71,Basic plan - 2027-12
il_000014_073,in_000014_073,sub_000014,23.68,Basic plan - 2028-01
il_000014_074,in_000014_074,sub_000014,23.81,Basic plan - 2028-02
il_000014_075,in_000014_075,sub_000014,23.59,Basic plan - 2028-03
il_000014_076,in_000014_076,sub_000014,23.29,Basic plan - 2028-04
il_000014_077,in_000014_077,sub_000014,22.88,Basic plan - 2028-05
il_000014_078,in_000014_078,sub_000014,23.83,Basic plan - 2028-06
il_000014_079,in_000014_079,sub_000014,22.28,Basic plan - 2028-07
il_000014_080,in_000014_080,sub_000014,23.33,Basic plan - 2028-08
il_000014_081,in_000014_081,sub_000014,16.31,Basic plan - 2028-09
il_000014_082,in_000014_082,sub_000014,22.74,Basic plan - 2028-10
il_000014_083,in_000014_083,sub_000014,22.68,Basic plan - 2028-11
il_000014_084,in_000014_084,sub_000014,22.56,Basic plan - 2028-12
il_000015_001,in_000015_001,sub_000015,19.17,Basic plan - 2022-01
il_000015_002,in_000015_002,sub_000015,20.67,Basic plan - 2022-02
il_000015_003,in_000015_003,sub_000015,17.15,Basic plan - 2022-03
il_000015_004,in_000015_004,sub_000015,19.27,Basic plan - 2022-04
il_000015_005,in_000015_005,sub_000015,20.6,Basic plan - 2022-05
il_000015_006,in_000015_006,sub_000015,20.86,Basic plan - 2022-06
il_000015_007,in_000015_007,sub_000015,20.86,Basic plan - 2022-07
il_000015_008,in_000015_008,sub_000015,19.54,Basic plan - 2022-08
il_000015_009,in_000015_009,sub_000015,20.8,Basic plan - 2022-09
il_000015_010,in_000015_010,sub_000015,19.62,Basic plan - 2022-10
il_000015_011,in_000015_011,sub_000015,17.3,Basic plan - 2022-11
il_000015_012,in_000015_012,sub_000015,21.65,Basic plan - 2022-12
il_000015_013,in_000015_013,sub_000015,20.37,Basic plan - 2023-01
il_000015_014,in_000015_014,sub_000015,20.68,Basic plan - 2023-02
il_000015_015,in_000015_015,sub_000015,20.66,Basic plan - 2023-03
il_000015_016,in_000015_016,sub_000015,20.95,Basic plan - 2023-04
il_000015_017,in_000015_017,sub_000015,22.08,Basic plan - 2023-05
il_000015_018,in_000015_018,sub_000015,20.45,Basic plan - 2023-06
il_000015_019,in_000015_019,sub_000015,21.89,Basic plan - 2023-07
il_000015_020,in_000015_020,sub_000015,22.58,Basic plan - 2023-08
il_000015_021,in_000015_021,sub_000015,21.39,Basic plan - 2023-09
il_000015_022,in_000015_022,sub_000015,21.83,Basic plan - 2023-10
il_000015_023,in_000015_023,sub_000015,22.19,Basic plan - 2023-11
il_000015_024,in_000015_024,sub_000015,21.6,Basic plan - 2023-12
il_000015_025,in_000015_025,sub_000015,21.88,Basic plan - 2024-01
il_000015_026,in_000015_026,sub_000015,21.63,Basic plan - 2024-02
il_000015_027,in_000015_027,sub_000015,17.25,Basic plan - 2024-03
il_000015_028,in_000015_028,sub_000015,22.31,Basic plan - 2024-04
il_000015_029,in_000015_029,sub_000015,21.88,Basic plan - 2024-05
il_000015_030,in_000015_030,sub_000015,22.65,Basic plan - 2024-06
il_000015_031,in_000015_031,sub_000015,21.66,Basic plan - 2024-07
il_000015_032,in_000015_032,sub_000015,21.59,Basic plan - 2024-08
il_000015_033,in_000015_033,sub_000015,23.13,Basic plan - 2024-09
il_000015_034,in_000015_034,sub_000015,22.8,Basic plan - 2024-10
il_000015_035,in_000015_035,sub_000015,22.65,Basic plan - 2024-11
il_000015_036,in_000015_036,sub_000015,21.77,Basic plan - 2024-12
il_000015_037,in_000015_037,sub_000015,21.62,Basic plan - 2025-01
il_000015_038,in_000015_038,sub_000015,21.94,Basic plan - 2025-02
il_000015_039,in_000015_039,sub_000015,23.11,Basic plan - 2025-03
il_000015_040,in_000015_040,sub_000015,22.35,Basic plan - 2025-04
il_000015_041,in_000015_041,sub_000015,23.63,Basic plan - 2025-05
il_000015_042,in_000015_042,sub_000015,23.25,Basic plan - 2025-06
il_000015_043,in_000015_043,sub_000015,23.23,Basic plan - 2025-07
il_000015_044,in_000015_044,sub_000015,22.75,Basic plan - 2025-08
il_000015_045,in_000015_045,sub_000015,22.98,Basic plan - 2025-09
il_000015_046,in_000015_046,sub_000015,22.7,Basic plan - 2025-10
il_000015_047,in_000015_047,sub_000015,21.65,Basic plan - 2025-11
il_000015_048,in_000015_048,sub_000015,18.57,Basic plan - 2025-12
il_000015_049,in_000015_049,sub_000015,21.77,Basic plan - 2026-01
il_000015_050,in_000015_050,sub_000015,22.8,Basic plan - 2026-02
il_000015_051,in_000015_051,sub_000015,21.74,Basic plan - 2026-03
il_000015_052,in_000015_052,sub_000015,22.5,Basic plan - 2026-04
il_000015_053,in_000015_053,sub_000015,23.21,Basic plan - 2026-05
il_000015_054,in_000015_054,sub_000015,22.31,Basic plan - 2026-06
il_000015_055,in_000015_055,sub_000015,19.81,Basic plan - 2026-07
il_000015_056,in_000015_056,sub_000015,18.83,Basic plan - 2026-08
il_000015_057,in_000015_057,sub_000015,22.74,Basic plan - 2026-09
il_000015_058,in_000015_058,sub_000015,22.6,Basic plan - 2026-10
il_000015_059,in_000015_059,sub_000015,23.54,Basic plan - 2026-11
il_000015_060,in_000015_060,sub_000015,22.36,Basic plan - 2026-12
il_000015_061,in_000015_061,sub_000015,22.71,Basic plan - 2027-01
il_000015_062,in_000015_062,sub_000015,22.14,Basic plan - 2027-02
il_000015_063,in_000015_063,sub_000015,19.18,Basic plan - 2027-03
il_000015_064,in_000015_064,sub_000015,23.24,Basic plan - 2027-04
il_000015_065,in_000015_065,sub_000015,21.73,Basic plan - 2027-05
il_000015_066,in_000015_066,sub_000015,20.45,Basic plan - 2027-06
il_000015_067,in_000015_067,sub_000015,21.69,Basic plan - 2027-07
il_000015_068,in_000015_068,sub_000015,23.03,Basic plan - 2027-08
il_000015_069,in_000015_069,sub_000015,22.92,Basic plan - 2027-09
il_000015_070,in_000015_070,sub_000015,17.18,Basic plan - 2027-10
il_000015_071,in_000015_071,sub_000015,23.03,Basic plan - 2027-11
il_000015_072,in_000015_072,sub_000015,23.38,Basic plan - 2027-12
il_000015_073,in_000015_073,sub_000015,22.2,Basic plan - 2028-01
il_000015_074,in_000015_074,sub_000015,22.66,Basic plan - 2028-02
il_000015_075,in_000015_075,sub_000015,23.86,Basic plan - 2028-03
il_000015_076,in_000015_076,sub_000015,23.47,Basic plan - 2028-04
il_000015_077,in_000015_077,sub_000015,23.44,Basic plan - 2028-05
il_000015_078,in_000015_078,sub_000015,22.11,Basic plan - 2028-06
il_000015_079,in_000015_079,sub_000015,22.34,Basic plan - 2028-07
il_000015_080,in_000015_080,sub_000015,21.69,Basic plan - 2028-08
il_000015_081,in_000015_081,sub_000015,21.67,Basic plan - 2028-09
il_000015_082,in_000015_082,sub_000015,23.27,Basic plan - 2028-10
il_000015_083,in_000015_083,sub_000015,23.3,Basic plan - 2028-11
il_000015_084,in_000015_084,sub_000015,23.65,Basic plan - 2028-12
il_000016_001,in_000016_001,sub_000016,19.25,Basic plan - 2022-01
il_000016_002,in_000016_002,sub_000016,20.45,Basic plan - 2022-02
il_000016_003,in_000016_003,sub_000016,20.14,Basic plan - 2022-03
il_000016_004,in_000016_004,sub_000016,13.45,Basic plan - 2022-04
il_000016_005,in_000016_005,sub_000016,20.42,Basic plan - 2022-05
il_000016_006,in_000016_006,sub_000016,21.11,Basic plan - 2022-06
il_000016_007,in_000016_007,sub_000016,20.44,Basic plan - 2022-07
il_000016_008,in_000016_008,sub_000016,20.0,Basic plan - 2022-08
il_000016_009,in_000016_009,sub_000016,20.75,Basic plan - 2022-09
il_000016_010,in_000016_010,sub_000016,20.98,Basic plan - 2022-10
il_000016_011,in_000016_011,sub_000016,19.74,Basic plan - 2022-11
il_000016_012,in_000016_012,sub_000016,20.27,Basic plan - 2022-12
il_000016_013,in_000016_013,sub_000016,20.4,Basic plan - 2023-01
il_000016_014,in_000016_014,sub_000016,21.12,Basic plan - 2023-02
il_000016_015,in_000016_015,sub_000016,21.46,Basic plan - 2023-03
il_000016_016,in_000016_016,sub_000016,21.31,Basic plan - 2023-04
il_000016_017,in_000016_017,sub_000016,22.28,Basic plan - 2023-05
il_000016_018,in_000016_018,sub_000016,15.83,Basic plan - 2023-06
il_000016_019,in_000016_019,sub_000016,21.47,Basic plan - 2023-07
il_000016_020,in_000016_020,sub_000016,20.63,Basic plan - 2023-08
il_000016_021,in_000016_021,sub_000016,21.36,Basic plan - 2023-09
il_000016_022,in_000016_022,sub_000016,20.91,Basic plan - 2023-10
il_000016_023,in_000016_023,sub_000016,21.06,Basic plan - 2023-11
il_000016_024,in_000016_024,sub_000016,22.62,Basic plan - 2023-12
il_000016_025,in_000016_025,sub_000016,21.25,Basic plan - 2024-01
il_000016_026,in_000016_026,sub_000016,22.44,Basic plan - 2024-02
il_000016_027,in_000016_027,sub_000016,21.7,Basic plan - 2024-03
il_000016_028,in_000016_028,sub_000016,22.54,Basic plan - 2024-04
il_000016_029,in_000016_029,sub_000016,22.68,Basic plan - 2024-05
il_000016_030,in_000016_030,sub_000016,21.22,Basic plan - 2024-06
il_000016_031,in_000016_031,sub_000016,22.95,Basic plan - 2024-07
il_000016_032,in_000016_032,sub_000016,21.29,Basic plan - 2024-08
il_000016_033,in_000016_033,sub_000016,16.03,Basic plan - 2024-09
il_000016_034,in_000016_034,sub_000016,21.99,Basic plan - 2024-10
il_000016_035,in_000016_035,sub_000016,23.17,Basic plan - 2024-11
il_000016_036,in_000016_036,sub_000016,21.95,Basic plan - 2024-12
il_000016_037,in_000016_037,sub_000016,22.57,Basic plan - 2025-01
il_000016_038,in_000016_038,sub_000016,22.65,Basic plan - 2025-02
il_000016_039,in_000016_039,sub_000016,22.38,Basic plan - 2025-03
il_000016_040,in_000016_040,sub_000016,22.21,Basic plan - 2025-04
il_000016_041,in_000016_041,sub_000016,21.68,Basic plan - 2025-05
il_000016_042,in_000016_042,sub_000016,22.96,Basic plan - 2025-06
il_000016_043,in_000016_043,sub_000016,23.6,Basic plan - 2025-07
il_000016_044,in_000016_044,sub_000016,21.7,Basic plan - 2025-08
il_000016_045,in_000016_045,sub_000016,23.5,Basic plan - 2025-09
il_000016_046,in_000016_046,sub_000016,21.99,Basic plan - 2025-10
il_000016_047,in_000016_047,sub_000016,22.75,Basic plan - 2025-11
il_000016_048,in_000016_048,sub_000016,17.83,Basic plan - 2025-12
il_000016_049,in_000016_049,sub_000016,23.81,Basic plan - 2026-01
il_000016_050,in_000016_050,sub_000016,22.75,Basic plan - 2026-02
il_000016_051,in_000016_051,sub_000016,22.2,Basic plan - 2026-03
il_000016_052,in_000016_052,sub_000016,23.36,Basic plan - 2026-04
il_000016_053,in_000016_053,sub_000016,23.67,Basic plan - 2026-05
il_000016_054,in_000016_054,sub_000016,23.86,Basic plan - 2026-06
il_000016_055,in_000016_055,sub_000016,21.79,Basic plan - 2026-07
il_000016_056,in_000016_056,sub_000016,22.31,Basic plan - 2026-08
il_000016_057,in_000016_057,sub_000016,21.84,Basic plan - 2026-09
il_000016_058,in_000016_058,sub_000016,23.03,Basic plan - 2026-10
il_000016_059,in_000016_059,sub_000016,22.0,Basic plan - 2026-11
il_000016_060,in_000016_060,sub_000016,21.99,Basic plan - 2026-12
il_000016_061,in_000016_061,sub_000016,22.95,Basic plan - 2027-01
il_000016_062,in_000016_062,sub_000016,22.3,Basic plan - 2027-02
il_000016_063,in_000016_063,sub_000016,22.54,Basic plan - 2027-03
il_000016_064,in_000016_064,sub_000016,23.38,Basic plan - 2027-04
il_000016_065,in_000016_065,sub_000016,23.76,Basic plan - 2027-05
il_000016_066,in_000016_066,sub_000016,23.66,Basic plan - 2027-06
il_000016_067,in_000016_067,sub_000016,22.22,Basic plan - 2027-07
il_000016_068,in_000016_068,sub_000016,22.03,Basic plan - 2027-08
il_000016_069,in_000016_069,sub_000016,22.65,Basic plan - 2027-09
il_000016_070,in_000016_070,sub_000016,23.24,Basic plan - 2027-10
il_000016_071,in_000016_071,sub_000016,23.61,Basic plan - 2027-11
il_000016_072,in_000016_072,sub_000016,22.83,Basic plan - 2027-12
il_000016_073,in_000016_073,sub_000016,22.18,Basic plan - 2028-01
il_000016_074,in_000016_074,sub_000016,23.76,Basic plan - 2028-02
il_000016_075,in_000016_075,sub_000016,23.39,Basic plan - 2028-03
il_000016_076,in_000016_076,sub_000016,22.74,Basic plan - 2028-04
il_000016_077,in_000016_077,sub_000016,22.84,Basic plan - 2028-05
il_000016_078,in_000016_078,sub_000016,21.92,Basic plan - 2028-06
il_000016_079,in_000016_079,sub_000016,23.79,Basic plan - 2028-07
il_000016_080,in_000016_080,sub_000016,23.79,Basic plan - 2028-08
il_000016_081,in_000016_081,sub_000016,22.88,Basic plan - 2028-09
il_000016_082,in_000016_082,sub_000016,19.45,Basic plan - 2028-10
il_000016_083,in_000016_083,sub_000016,23.71,Basic plan - 2028-11
il_000016_084,in_000016_084,sub_000016,23.01,Basic plan - 2028-12
il_000017_001,in_000017_001,sub_000017,19.8,Basic plan - 2022-01
il_000017_002,in_000017_002,sub_000017,19.43,Basic plan - 2022-02
il_000017_003,in_000017_003,sub_000017,20.76,Basic plan - 2022-03
il_000017_004,in_000017_004,sub_000017,20.12,Basic plan - 2022-04
il_000017_005,in_000017_005,sub_000017,21.1,Basic plan - 2022-05
il_000017_006,in_000017_006,sub_000017,19.39,Basic plan - 2022-06
il_000017_007,in_000017_007,sub_000017,20.97,Basic plan - 2022-07
il_000017_008,in_000017_008,sub_000017,20.97,Basic plan - 2022-08
il_000017_009,in_000017_009,sub_000017,19.96,Basic plan - 2022-09
il_000017_010,in_000017_010,sub_000017,20.52,Basic plan - 2022-10
il_000017_011,in_000017_011,sub_000017,19.7,Basic plan - 2022-11
il_000017_012,in_000017_012,sub_000017,20.37,Basic plan - 2022-12
il_000017_013,in_000017_013,sub_000017,20.83,Basic plan - 2023-01
il_000017_014,in_000017_014,sub_000017,20.27,Basic plan - 2023-02
il_000017_015,in_000017_015,sub_000017,20.86,Basic plan - 2023-03
il_000017_016,in_000017_016,sub_000017,20.79,Basic plan - 2023-04
il_000017_017,in_000017_017,sub_000017,21.17,Basic plan - 2023-05
il_000017_018,in_000017_018,sub_000017,21.55,Basic plan - 2023-06
il_000017_019,in_000017_019,sub_000017,22.39,Basic plan - 2023-07
il_000017_020,in_000017_020,sub_000017,20.81,Basic plan - 2023-08
il_000017_021,in_000017_021,sub_000017,18.09,Basic plan - 2023-09
il_000017_022,in_000017_022,sub_000017,22.52,Basic plan - 2023-10
il_000017_023,in_000017_023,sub_000017,22.83,Basic plan - 2023-11
il_000017_024,in_000017_024,sub_000017,22.19,Basic plan - 2023-12
il_000017_025,in_000017_025,sub_000017,22.86,Basic plan - 2024-01
il_000017_026,in_000017_026,sub_000017,22.45,Basic plan - 2024-02
il_000017_027,in_000017_027,sub_000017,22.1,Basic plan - 2024-03
il_000017_028,in_000017_028,sub_000017,22.03,Basic plan - 2024-04
il_000017_029,in_000017_029,sub_000017,21.87,Basic plan - 2024-05
il_000017_030,in_000017_030,sub_000017,21.75,Basic plan - 2024-06
il_000017_031,in_000017_031,sub_000017,22.0,Basic plan - 2024-07
il_000017_032,in_000017_032,sub_000017,21.27,Basic plan - 2024-08
il_000017_033,in_000017_033,sub_000017,22.57,Basic plan - 2024-09
il_000017_034,in_000017_034,sub_000017,21.2,Basic plan - 2024-10
il_000017_035,in_000017_035,sub_000017,21.63,Basic plan - 2024-11
il_000017_036,in_000017_036,sub_000017,23.16,Basic plan - 2024-12
il_000017_037,in_000017_037,sub_000017,22.77,Basic plan - 2025-01
il_000017_038,in_000017_038,sub_000017,21.92,Basic plan - 2025-02
il_000017_039,in_000017_039,sub_000017,21.97,Basic plan - 2025-03
il_000017_040,in_000017_040,sub_000017,23.41,Basic plan - 2025-04
il_000017_041,in_000017_041,sub_000017,22.61,Basic plan - 2025-05
il_000017_042,in_000017_042,sub_000017,23.57,Basic plan - 2025-06
il_000017_043,in_000017_043,sub_000017,22.02,Basic plan - 2025-07
il_000017_044,in_000017_044,sub_000017,22.2,Basic plan - 2025-08
il_000017_045,in_000017_045,sub_000017,22.41,Basic plan - 2025-09
il_000017_046,in_000017_046,sub_000017,21.59,Basic plan - 2025-10
il_000017_047,in_000017_047,sub_000017,23.55,Basic plan - 2025-11
il_000017_048,in_000017_048,sub_000017,22.6,Basic plan - 2025-12
il_000017_049,in_000017_049,sub_000017,23.57,Basic plan - 2026-01
il_000017_050,in_000017_050,sub_000017,22.86,Basic plan - 2026-02
il_000017_051,in_000017_051,sub_000017,23.06,Basic plan - 2026-03
il_000017_052,in_000017_052,sub_000017,22.18,Basic plan - 2026-04
il_000017_053,in_000017_053,sub_000017,23.72,Basic plan - 2026-05
il_000017_054,in_000017_054,sub_000017,23.85,Basic plan - 2026-06
il_000017_055,in_000017_055,sub_000017,23.36,Basic plan - 2026-07
il_000017_056,in_000017_056,sub_000017,22.72,Basic plan - 2026-08
il_000017_057,in_000017_057,sub_000017,22.17,Basic plan - 2026-09
il_000017_058,in_000017_058,sub_000017,22.28,Basic plan - 2026-10
il_000017_059,in_000017_059,sub_000017,22.96,Basic plan - 2026-11
il_000017_060,in_000017_060,sub_000017,22.12,Basic plan - 2026-12
il_000017_061,in_000017_061,sub_000017,23.58,Basic plan - 2027-01
il_000017_062,in_000017_062,sub_000017,21.64,Basic plan - 2027-02
il_000017_063,in_000017_063,sub_000017,23.44,Basic plan - 2027-03
il_000017_064,in_000017_064,sub_000017,21.94,Basic plan - 2027-04
il_000017_065,in_000017_065,sub_000017,21.89,Basic plan - 2027-05
il_000017_066,in_000017_066,sub_000017,23.89,Basic plan - 2027-06
il_000017_067,in_000017_067,sub_000017,21.97,Basic plan - 2027-07
il_000017_068,in_000017_068,sub_000017,23.03,Basic plan - 2027-08
il_000017_069,in_000017_069,sub_000017,23.85,Basic plan - 2027-09
il_000017_070,in_000017_070,sub_000017,21.94,Basic plan - 2027-10
il_000017_071,in_000017_071,sub_000017,22.24,Basic plan - 2027-11
il_000017_072,in_000017_072,sub_000017,23.13,Basic plan - 2027-12
il_000017_073,in_000017_073,sub_000017,23.52,Basic plan - 2028-01
il_000017_074,in_000017_074,sub_000017,22.59,Basic plan - 2028-02
il_000017_075,in_000017_075,sub_000017,22.76,Basic plan - 2028-03
il_000017_076,in_000017_076,sub_000017,23.11,Basic plan - 2028-04
il_000017_077,in_000017_077,sub_000017,23.9,Basic plan - 2028-05
il_000017_078,in_000017_078,sub_000017,21.84,Basic plan - 2028-06
il_000017_079,in_000017_079,sub_000017,23.84,Basic plan - 2028-07
il_000017_080,in_000017_080,sub_000017,22.67,Basic plan - 2028-08
il_000017_081,in_000017_081,sub_000017,21.74,Basic plan - 2028-09
il_000017_082,in_000017_082,sub_000017,22.43,Basic plan - 2028-10
il_000017_083,in_000017_083,sub_000017,23.52,Basic plan - 2028-11
il_000017_084,in_000017_084,sub_000017,22.57,Basic plan - 2028-12
il_000018_001,in_000018_001,sub_000018,20.5,Basic plan - 2022-01
il_000018_002,in_000018_002,sub_000018,20.04,Basic plan - 2022-02
il_000018_003,in_000018_003,sub_000018,19.41,Basic plan - 2022-03
il_000018_004,in_000018_004,sub_000018,19.37,Basic plan - 2022-04
il_000018_005,in_000018_005,sub_000018,20.31,Basic plan - 2022-05
il_000018_006,in_000018_006,sub_000018,15.77,Basic plan - 2022-06
il_000018_007,in_000018_007,sub_000018,16.1,Basic plan - 2022-07
il_000018_008,in_000018_008,sub_000018,21.12,Basic plan - 2022-08
il_000018_009,in_000018_009,sub_000018,19.83,Basic plan - 2022-09
il_000018_010,in_000018_010,sub_000018,21.31,Basic plan - 2022-10
il_000018_011,in_000018_011,sub_000018,21.4,Basic plan - 2022-11
il_000018_012,in_000018_012,sub_000018,20.61,Basic plan - 2022-12
il_000018_013,in_000018_013,sub_000018,20.41,Basic plan - 2023-01
il_000018_014,in_000018_014,sub_000018,21.01,Basic plan - 2023-02
il_000018_015,in_000018_015,sub_000018,21.01,Basic plan - 2023-03
il_000018_016,in_000018_016,sub_000018,20.58,Basic plan - 2023-04
il_000018_017,in_000018_017,sub_000018,21.79,Basic plan - 2023-05
il_000018_018,in_000018_018,sub_000018,20.45,Basic plan - 2023-06
il_000018_019,in_000018_019,sub_000018,20.73,Basic plan - 2023-07
il_000018_020,in_000018_020,sub_000018,21.29,Basic plan - 2023-08
il_000018_021,in_000018_021,sub_000018,20.81,Basic plan - 2023-09
il_000018_022,in_000018_022,sub_000018,21.56,Basic plan - 2023-10
il_000018_023,in_000018_023,sub_000018,22.57,Basic plan - 2023-11
il_000018_024,in_000018_024,sub_000018,22.65,Basic plan - 2023-12
il_000018_025,in_000018_025,sub_000018,21.27,Basic plan - 2024-01
il_000018_026,in_000018_026,sub_000018,21.46,Basic plan - 2024-02
il_000018_027,in_000018_027,sub_000018,22.11,Basic plan - 2024-03
il_000018_028,in_000018_028,sub_000018,22.73,Basic plan - 2024-04
il_000018_029,in_000018_029,sub_000018,16.38,Basic plan - 2024-05
il_000018_030,in_000018_030,sub_000018,22.06,Basic plan - 2024-06
il_000018_031,in_000018_031,sub_000018,21.96,Basic plan - 2024-07
il_000018_032,in_000018_032,sub_000018,22.9,Basic plan - 2024-08
il_000018_033,in_000018_033,sub_000018,21.97,Basic plan - 2024-09
il_000018_034,in_000018_034,sub_000018,22.31,Basic plan - 2024-10
il_000018_035,in_000018_035,sub_000018,22.45,Basic plan - 2024-11
il_000018_036,in_000018_036,sub_000018,18.33,Basic plan - 2024-12
il_000018_037,in_000018_037,sub_000018,23.28,Basic plan - 2025-01
il_000018_038,in_000018_038,sub_000018,21.69,Basic plan - 2025-02
il_000018_039,in_000018_039,sub_000018,22.39,Basic plan - 2025-03
il_000018_040,in_000018_040,sub_000018,23.46,Basic plan - 2025-04
il_000018_041,in_000018_041,sub_000018,21.87,Basic plan - 2025-05
il_000018_042,in_000018_042,sub_000018,21.86,Basic plan - 2025-06
il_000018_043,in_000018_043,sub_000018,21.93,Basic plan - 2025-07
il_000018_044,in_000018_044,sub_000018,21.94,Basic plan - 2025-08
il_000018_045,in_000018_045,sub_000018,21.9,Basic plan - 2025-09
il_000018_046,in_000018_046,sub_000018,23.48,Basic plan - 2025-10
il_000018_047,in_000018_047,sub_000018,22.38,Basic plan - 2025-11
il_000018_048,in_000018_048,sub_000018,22.41,Basic plan - 2025-12
il_000018_049,in_000018_049,sub_000018,23.01,Basic plan - 2026-01
il_000018_050,in_000018_050,sub_000018,23.64,Basic plan - 2026-02
il_000018_051,in_000018_051,sub_000018,21.85,Basic plan - 2026-03
il_000018_052,in_000018_052,sub_000018,21.88,Basic plan - 2026-04
il_000018_053,in_000018_053,sub_000018,21.9,Basic plan - 2026-05
il_000018_054,in_000018_054,sub_000018,23.34,Basic plan - 2026-06
il_000018_055,in_000018_055,sub_000018,22.82,Basic plan - 2026-07
il_000018_056,in_000018_056,sub_000018,21.72,Basic plan - 2026-08
il_000018_057,in_000018_057,sub_000018,22.36,Basic plan - 2026-09
il_000018_058,in_000018_058,sub_000018,22.93,Basic plan - 2026-10
il_000018_059,in_000018_059,sub_000018,22.01,Basic plan - 2026-11
il_000018_060,in_000018_060,sub_000018,22.76,Basic plan - 2026-12
il_000018_061,in_000018_061,sub_000018,23.83,Basic plan - 2027-01
il_000018_062,in_000018_062,sub_000018,22.53,Basic plan - 2027-02
il_000018_063,in_000018_063,sub_000018,21.91,Basic plan - 2027-03
il_000018_064,in_000018_064,sub_000018,22.06,Basic plan - 2027-04
il_000018_065,in_000018_065,sub_000018,23.59,Basic plan - 2027-05
il_000018_066,in_000018_066,sub_000018,22.44,Basic plan - 2027-06
il_000018_067,in_000018_067,sub_000018,22.6,Basic plan - 2027-07
il_000018_068,in_000018_068,sub_000018,23.73,Basic plan - 2027-08
il_000018_069,in_000018_069,sub_000018,22.51,Basic plan - 2027-09
il_000018_070,in_000018_070,sub_000018,22.65,Basic plan - 2027-10
il_000018_071,in_000018_071,sub_000018,22.67,Basic plan - 2027-11
il_000018_072,in_000018_072,sub_000018,22.88,Basic plan - 2027-12
il_000018_073,in_000018_073,sub_000018,22.41,Basic plan - 2028-01
il_000018_074,in_000018_074,sub_000018,21.84,Basic plan - 2028-02
il_000018_075,in_000018_075,sub_000018,23.27,Basic plan - 2028-03
il_000018_076,in_000018_076,sub_000018,22.11,Basic plan - 2028-04
il_000018_077,in_000018_077,sub_000018,23.34,Basic plan - 2028-05
il_000018_078,in_000018_078,sub_000018,23.5,Basic plan - 2028-06
il_000018_079,in_000018_079,sub_000018,22.98,Basic plan - 2028-07
il_000018_080,in_000018_080,sub_000018,21.74,Basic plan - 2028-08
il_000018_081,in_000018_081,sub_000018,22.52,Basic plan - 2028-09
il_000018_082,in_000018_082,sub_000018,20.47,Basic plan - 2028-10
il_000018_083,in_000018_083,sub_000018,23.17,Basic plan - 2028-11
il_000018_084,in_000018_084,sub_000018,21.68,Basic plan - 2028-12
il_000019_001,in_000019_001,sub_000019,20.7,Basic plan - 2022-01
il_000019_002,in_000019_002,sub_000019,14.85,Basic plan - 2022-02
il_000019_003,in_000019_003,sub_000019,19.78,Basic plan - 2022-03
il_000019_004,in_000019_004,sub_000019,19.93,Basic plan - 2022-04
il_000019_005,in_000019_005,sub_000019,19.78,Basic plan - 2022-05
il_000019_006,in_000019_006,sub_000019,20.86,Basic plan - 2022-06
il_000019_007,in_000019_007,sub_000019,20.44,Basic plan - 2022-07
il_000019_008,in_000019_008,sub_000019,21.41,Basic plan - 2022-08
il_000019_009,in_000019_009,sub_000019,19.91,Basic plan - 2022-09
il_000019_010,in_000019_010,sub_000019,21.42,Basic plan - 2022-10
il_000019_011,in_000019_011,sub_000019,19.91,Basic plan - 2022-11
il_000019_012,in_000019_012,sub_000019,20.79,Basic plan - 2022-12
il_000019_013,in_000019_013,sub_000019,21.93,Basic plan - 2023-01
il_000019_014,in_000019_014,sub_000019,20.85,Basic plan - 2023-02
il_000019_015,in_000019_015,sub_000019,20.91,Basic plan - 2023-03
il_000019_016,in_000019_016,sub_000019,21.79,Basic plan - 2023-04
il_000019_017,in_000019_017,sub_000019,20.8,Basic plan - 2023-05
il_000019_018,in_000019_018,sub_000019,17.62,Basic plan - 2023-06
il_000019_019,in_000019_019,sub_000019,21.34,Basic plan - 2023-07
il_000019_020,in_000019_020,sub_000019,20.78,Basic plan - 2023-08
il_000019_021,in_000019_021,sub_000019,21.32,Basic plan - 2023-09
il_000019_022,in_000019_022,sub_000019,20.68,Basic plan - 2023-10
il_000019_023,in_000019_023,sub_000019,21.8,Basic plan - 2023-11
il_000019_024,in_000019_024,sub_000019,21.05,Basic plan - 2023-12
il_000019_025,in_000019_025,sub_000019,21.54,Basic plan - 2024-01
il_000019_026,in_000019_026,sub_000019,22.91,Basic plan - 2024-02
il_000019_027,in_000019_027,sub_000019,22.65,Basic plan - 2024-03
il_000019_028,in_000019_028,sub_000019,21.09,Basic plan - 2024-04
il_000019_029,in_000019_029,sub_000019,22.87,Basic plan - 2024-05
il_000019_030,in_000019_030,sub_000019,21.94,Basic plan - 2024-06
il_000019_031,in_000019_031,sub_000019,21.11,Basic plan - 2024-07
il_000019_032,in_000019_032,sub_000019,23.27,Basic plan - 2024-08
il_000019_033,in_000019_033,sub_000019,21.2,Basic plan - 2024-09
il_000019_034,in_000019_034,sub_000019,21.82,Basic plan - 2024-10
il_000019_035,in_000019_035,sub_000019,21.29,Basic plan - 2024-11
il_000019_036,in_000019_036,sub_000019,23.1,Basic plan - 2024-12
il_000019_037,in_000019_037,sub_000019,21.41,Basic plan - 2025-01
il_000019_038,in_000019_038,sub_000019,21.65,Basic plan - 2025-02
il_000019_039,in_000019_039,sub_000019,23.39,Basic plan - 2025-03
il_000019_040,in_000019_040,sub_000019,22.25,Basic plan - 2025-04
il_000019_041,in_000019_041,sub_000019,21.53,Basic plan - 2025-05
il_000019_042,in_000019_042,sub_000019,22.12,Basic plan - 2025-06
il_000019_043,in_000019_043,sub_000019,22.09,Basic plan - 2025-07
il_000019_044,in_000019_044,sub_000019,21.69,Basic plan - 2025-08
il_000019_045,in_000019_045,sub_000019,23.11,Basic plan - 2025-09
il_000019_046,in_000019_046,sub_000019,23.75,Basic plan - 2025-10
il_000019_047,in_000019_047,sub_000019,23.71,Basic plan - 2025-11
il_000019_048,in_000019_048,sub_000019,23.4,Basic plan - 2025-12
il_000019_049,in_000019_049,sub_000019,22.86,Basic plan - 2026-01
il_000019_050,in_000019_050,sub_000019,23.83,Basic plan - 2026-02
il_000019_051,in_000019_051,sub_000019,22.72,Basic plan - 2026-03
il_000019_052,in_000019_052,sub_000019,22.5,Basic plan - 2026-04
il_000019_053,in_000019_053,sub_000019,22.51,Basic plan - 2026-05
il_000019_054,in_000019_054,sub_000019,21.8,Basic plan - 2026-06
il_000019_055,in_000019_055,sub_000019,22.64,Basic plan - 2026-07
il_000019_056,in_000019_056,sub_000019,19.99,Basic plan - 2026-08
il_000019_057,in_000019_057,sub_000019,22.09,Basic plan - 2026-09
il_000019_058,in_000019_058,sub_000019,22.12,Basic plan - 2026-10
il_000019_059,in_000019_059,sub_000019,23.75,Basic plan - 2026-11
il_000019_060,in_000019_060,sub_000019,19.26,Basic plan - 2026-12
il_000019_061,in_000019_061,sub_000019,21.77,Basic plan - 2027-01
il_000019_062,in_000019_062,sub_000019,22.92,Basic plan - 2027-02
il_000019_063,in_000019_063,sub_000019,22.84,Basic plan - 2027-03
il_000019_064,in_000019_064,sub_000019,22.08,Basic plan - 2027-04
il_000019_065,in_000019_065,sub_000019,23.03,Basic plan - 2027-05
il_000019_066,in_000019_066,sub_000019,23.78,Basic plan - 2027-06
il_000019_067,in_000019_067,sub_000019,21.83,Basic plan - 2027-07
il_000019_068,in_000019_068,sub_000019,22.62,Basic plan - 2027-08
il_000019_069,in_000019_069,sub_000019,22.48,Basic plan - 2027-09
il_000019_070,in_000019_070,sub_000019,22.85,Basic plan - 2027-10
il_000019_071,in_000019_071,sub_000019,22.35,Basic plan - 2027-11
il_000019_072,in_000019_072,sub_000019,23.15,Basic plan - 2027-12
il_000019_073,in_000019_073,sub_000019,22.14,Basic plan - 2028-01
il_000019_074,in_000019_074,sub_000019,22.01,Basic plan - 2028-02
il_000019_075,in_000019_075,sub_000019,22.05,Basic plan - 2028-03
il_000019_076,in_000019_076,sub_000019,22.75,Basic plan - 2028-04
il_000019_077,in_000019_077,sub_000019,22.78,Basic plan - 2028-05
il_000019_078,in_000019_078,sub_000019,23.89,Basic plan - 2028-06
il_000019_079,in_000019_079,sub_000019,22.71,Basic plan - 2028-07
il_000019_080,in_000019_080,sub_000019,21.77,Basic plan - 2028-08
il_000019_081,in_000019_081,sub_000019,22.14,Basic plan - 2028-09
il_000019_082,in_000019_082,sub_000019,21.74,Basic plan - 2028-10
il_000019_083,in_000019_083,sub_000019,22.69,Basic plan - 2028-11
il_000019_084,in_000019_084,sub_000019,22.7,Basic plan - 2028-12
il_000020_001,in_000020_001,sub_000020,20.64,Basic plan - 2022-01
il_000020_002,in_000020_002,sub_000020,20.63,Basic plan - 2022-02
il_000020_003,in_000020_003,sub_000020,20.4,Basic plan - 2022-03
il_000020_004,in_000020_004,sub_000020,20.45,Basic plan - 2022-04
il_000020_005,in_000020_005,sub_000020,20.57,Basic plan - 2022-05
il_000020_006,in_000020_006,sub_000020,21.24,Basic plan - 2022-06
il_000020_007,in_000020_007,sub_000020,20.22,Basic plan - 2022-07
il_000020_008,in_000020_008,sub_000020,20.47,Basic plan - 2022-08
il_000020_009,in_000020_009,sub_000020,20.47,Basic plan - 2022-09
il_000020_010,in_000020_010,sub_000020,21.15,Basic plan - 2022-10
il_000020_011,in_000020_011,sub_000020,20.11,Basic plan - 2022-11
il_000020_012,in_000020_012,sub_000020,21.34,Basic plan - 2022-12
il_000020_013,in_000020_013,sub_000020,20.44,Basic plan - 2023-01
il_000020_014,in_000020_014,sub_000020,21.96,Basic plan - 2023-02
il_000020_015,in_000020_015,sub_000020,20.45,Basic plan - 2023-03
il_000020_016,in_000020_016,sub_000020,21.23,Basic plan - 2023-04
il_000020_017,in_000020_017,sub_000020,21.81,Basic plan - 2023-05
il_000020_018,in_000020_018,sub_000020,20.65,Basic plan - 2023-06
il_000020_019,in_000020_019,sub_000020,21.38,Basic plan - 2023-07
il_000020_020,in_000020_020,sub_000020,21.02,Basic plan - 2023-08
il_000020_021,in_000020_021,sub_000020,20.78,Basic plan - 2023-09
il_000020_022,in_000020_022,sub_000020,22.12,Basic plan - 2023-10
il_000020_023,in_000020_023,sub_000020,21.72,Basic plan - 2023-11
il_000020_024,in_000020_024,sub_000020,22.38,Basic plan - 2023-12
il_000020_025,in_000020_025,sub_000020,21.77,Basic plan - 2024-01
il_000020_026,in_000020_026,sub_000020,21.36,Basic plan - 2024-02
il_000020_027,in_000020_027,sub_000020,21.26,Basic plan - 2024-03
il_000020_028,in_000020_028,sub_000020,21.77,Basic plan - 2024-04
il_000020_029,in_000020_029,sub_000020,22.61,Basic plan - 2024-05
il_000020_030,in_000020_030,sub_000020,21.59,Basic plan - 2024-06
il_000020_031,in_000020_031,sub_000020,22.0,Basic plan - 2024-07
il_000020_032,in_000020_032,sub_000020,21.89,Basic plan - 2024-08
il_000020_033,in_000020_033,sub_000020,22.81,Basic plan - 2024-09
il_000020_034,in_000020_034,sub_000020,22.26,Basic plan - 2024-10
il_000020_035,in_000020_035,sub_000020,23.13,Basic plan - 2024-11
il_000020_036,in_000020_036,sub_000020,22.6,Basic plan - 2024-12
il_000020_037,in_000020_037,sub_000020,23.31,Basic plan - 2025-01
il_000020_038,in_000020_038,sub_000020,22.34,Basic plan - 2025-02
il_000020_039,in_000020_039,sub_000020,21.37,Basic plan - 2025-03
il_000020_040,in_000020_040,sub_000020,22.47,Basic plan - 2025-04
il_000020_041,in_000020_041,sub_000020,22.67,Basic plan - 2025-05
il_000020_042,in_000020_042,sub_000020,23.3,Basic plan - 2025-06
il_000020_043,in_000020_043,sub_000020,21.96,Basic plan - 2025-07
il_000020_044,in_000020_044,sub_000020,23.39,Basic plan - 2025-08
il_000020_045,in_000020_045,sub_000020,23.48,Basic plan - 2025-09
il_000020_046,in_000020_046,sub_000020,22.25,Basic plan - 2025-10
il_000020_047,in_000020_047,sub_000020,22.17,Basic plan - 2025-11
il_000020_048,in_000020_048,sub_000020,23.73,Basic plan - 2025-12
il_000020_049,in_000020_049,sub_000020,22.89,Basic plan - 2026-01
il_000020_050,in_000020_050,sub_000020,22.01,Basic plan - 2026-02
il_000020_051,in_000020_051,sub_000020,21.75,Basic plan - 2026-03
il_000020_052,in_000020_052,sub_000020,22.54,Basic plan - 2026-04
il_000020_053,in_000020_053,sub_000020,23.17,Basic plan - 2026-05
il_000020_054,in_000020_054,sub_000020,22.02,Basic plan - 2026-06
il_000020_055,in_000020_055,sub_000020,22.22,Basic plan - 2026-07
il_000020_056,in_000020_056,sub_000020,21.94,Basic plan - 2026-08
il_000020_057,in_000020_057,sub_000020,23.48,Basic plan - 2026-09
il_000020_058,in_000020_058,sub_000020,22.25,Basic plan - 2026-10
il_000020_059,in_000020_059,sub_000020,22.22,Basic plan - 2026-11
il_000020_060,in_000020_060,sub_000020,22.61,Basic plan - 2026-12
il_000020_061,in_000020_061,sub_000020,23.39,Basic plan - 2027-01
il_000020_062,in_000020_062,sub_000020,22.48,Basic plan - 2027-02
il_000020_063,in_000020_063,sub_000020,17.37,Basic plan - 2027-03
il_000020_064,in_000020_064,sub_000020,20.5,Basic plan - 2027-04
il_000020_065,in_000020_065,sub_000020,22.8,Basic plan - 2027-05
il_000020_066,in_000020_066,sub_000020,21.82,Basic plan - 2027-06
il_000020_067,in_000020_067,sub_000020,23.32,Basic plan - 2027-07
il_000020_068,in_000020_068,sub_000020,22.05,Basic plan - 2027-08
il_000020_069,in_000020_069,sub_000020,22.56,Basic plan - 2027-09
il_000020_070,in_000020_070,sub_000020,23.58,Basic plan - 2027-10
il_000020_071,in_000020_071,sub_000020,23.19,Basic plan - 2027-11
il_000020_072,in_000020_072,sub_000020,22.56,Basic plan - 2027-12
il_000020_073,in_000020_073,sub_000020,23.72,Basic plan - 2028-01
il_000020_074,in_000020_074,sub_000020,23.28,Basic plan - 2028-02
il_000020_075,in_000020_075,sub_000020,21.84,Basic plan - 2028-03
il_000020_076,in_000020_076,sub_000020,22.08,Basic plan - 2028-04
il_000020_077,in_000020_077,sub_000020,22.68,Basic plan - 2028-05
il_000020_078,in_000020_078,sub_000020,23.43,Basic plan - 2028-06
il_000020_079,in_000020_079,sub_000020,23.45,Basic plan - 2028-07
il_000020_080,in_000020_080,sub_000020,22.25,Basic plan - 2028-08
il_000020_081,in_000020_081,sub_000020,21.93,Basic plan - 2028-09
il_000020_082,in_000020_082,sub_000020,22.54,Basic plan - 2028-10
il_000020_083,in_000020_083,sub_000020,23.55,Basic plan - 2028-11
il_000020_084,in_000020_084,sub_000020,21.7,Basic plan - 2028-12
il_000021_001,in_000021_001,sub_000021,20.28,Basic plan - 2022-01
il_000021_002,in_000021_002,sub_000021,19.48,Basic plan - 2022-02
il_000021_003,in_000021_003,sub_000021,20.83,Basic plan - 2022-03
il_000021_004,in_000021_004,sub_000021,19.63,Basic plan - 2022-04
il_000021_005,in_000021_005,sub_000021,20.99,Basic plan - 2022-05
il_000021_006,in_000021_006,sub_000021,20.55,Basic plan - 2022-06
il_000021_007,in_000021_007,sub_000021,19.61,Basic plan - 2022-07
il_000021_008,in_000021_008,sub_000021,21.36,Basic plan - 2022-08
il_000021_009,in_000021_009,sub_000021,20.43,Basic plan - 2022-09
il_000021_010,in_000021_010,sub_000021,20.7,Basic plan - 2022-10
il_000021_011,in_000021_011,sub_000021,21.4,Basic plan - 2022-11
il_000021_012,in_000021_012,sub_000021,20.39,Basic plan - 2022-12
il_000021_013,in_000021_013,sub_000021,20.37,Basic plan - 2023-01
il_000021_014,in_000021_014,sub_000021,21.01,Basic plan - 2023-02
il_000021_015,in_000021_015,sub_000021,20.87,Basic plan - 2023-03
il_000021_016,in_000021_016,sub_000021,22.05,Basic plan - 2023-04
il_000021_017,in_000021_017,sub_000021,21.76,Basic plan - 2023-05
il_000021_018,in_000021_018,sub_000021,21.39,Basic plan - 2023-06
il_000021_019,in_000021_019,sub_000021,22.05,Basic plan - 2023-07
il_000021_020,in_000021_020,sub_000021,21.98,Basic plan - 2023-08
il_000021_021,in_000021_021,sub_000021,22.63,Basic plan - 2023-09
il_000021_022,in_000021_022,sub_000021,21.97,Basic plan - 2023-10
il_000021_023,in_000021_023,sub_000021,22.82,Basic plan - 2023-11
il_000021_024,in_000021_024,sub_000021,21.65,Basic plan - 2023-12
il_000021_025,in_000021_025,sub_000021,21.41,Basic plan - 2024-01
il_000021_026,in_000021_026,sub_000021,21.67,Basic plan - 2024-02
il_000021_027,in_000021_027,sub_000021,22.81,Basic plan - 2024-03
il_000021_028,in_000021_028,sub_000021,22.6,Basic plan - 2024-04
il_000021_029,in_000021_029,sub_000021,22.29,Basic plan - 2024-05
il_000021_030,in_000021_030,sub_000021,19.54,Basic plan - 2024-06
il_000021_031,in_000021_031,sub_000021,22.61,Basic plan - 2024-07
il_000021_032,in_000021_032,sub_000021,22.17,Basic plan - 2024-08
il_000021_033,in_000021_033,sub_000021,21.88,Basic plan - 2024-09
il_000021_034,in_000021_034,sub_000021,21.22,Basic plan - 2024-10
il_000021_035,in_000021_035,sub_000021,23.3,Basic plan - 2024-11
il_000021_036,in_000021_036,sub_000021,22.91,Basic plan - 2024-12
il_000021_037,in_000021_037,sub_000021,23.21,Basic plan - 2025-01
il_000021_038,in_000021_038,sub_000021,23.29,Basic plan - 2025-02
il_000021_039,in_000021_039,sub_000021,22.52,Basic plan - 2025-03
il_000021_040,in_000021_040,sub_000021,21.91,Basic plan - 2025-04
il_000021_041,in_000021_041,sub_000021,21.45,Basic plan - 2025-05
il_000021_042,in_000021_042,sub_000021,23.02,Basic plan - 2025-06
il_000021_043,in_000021_043,sub_000021,23.13,Basic plan - 2025-07
il_000021_044,in_000021_044,sub_000021,22.55,Basic plan - 2025-08
il_000021_045,in_000021_045,sub_000021,22.96,Basic plan - 2025-09
il_000021_046,in_000021_046,sub_000021,23.55,Basic plan - 2025-10
il_000021_047,in_000021_047,sub_000021,22.36,Basic plan - 2025-11
il_000021_048,in_000021_048,sub_000021,21.91,Basic plan - 2025-12
il_000021_049,in_000021_049,sub_000021,23.68,Basic plan - 2026-01
il_000021_050,in_000021_050,sub_000021,22.38,Basic plan - 2026-02
il_000021_051,in_000021_051,sub_000021,22.1,Basic plan - 2026-03
il_000021_052,in_000021_052,sub_000021,21.9,Basic plan - 2026-04
il_000021_053,in_000021_053,sub_000021,23.87,Basic plan - 2026-05
il_000021_054,in_000021_054,sub_000021,21.92,Basic plan - 2026-06
il_000021_055,in_000021_055,sub_000021,22.94,Basic plan - 2026-07
il_000021_056,in_000021_056,sub_000021,23.06,Basic plan - 2026-08
il_000021_057,in_000021_057,sub_000021,23.08,Basic plan - 2026-09
il_000021_058,in_000021_058,sub_000021,23.24,Basic plan - 2026-10
il_000021_059,in_000021_059,sub_000021,22.41,Basic plan - 2026-11
il_000021_060,in_000021_060,sub_000021,22.01,Basic plan - 2026-12
il_000021_061,in_000021_061,sub_000021,22.22,Basic plan - 2027-01
il_000021_062,in_000021_062,sub_000021,22.18,Basic plan - 2027-02
il_000021_063,in_000021_063,sub_000021,22.37,Basic plan - 2027-03
il_000021_064,in_000021_064,sub_000021,23.57,Basic plan - 2027-04
il_000021_065,in_000021_065,sub_000021,23.36,Basic plan - 2027-05
il_000021_066,in_000021_066,sub_000021,22.12,Basic plan - 2027-06
il_000021_067,in_000021_067,sub_000021,23.69,Basic plan - 2027-07
il_000021_068,in_000021_068,sub_000021,22.92,Basic plan - 2027-08
il_000021_069,in_000021_069,sub_000021,22.88,Basic plan - 2027-09
il_000021_070,in_000021_070,sub_000021,23.01,Basic plan - 2027-10
il_000021_071,in_000021_071,sub_000021,21.93,Basic plan - 2027-11
il_000021_072,in_000021_072,sub_000021,23.16,Basic plan - 2027-12
il_000021_073,in_000021_073,sub_000021,21.79,Basic plan - 2028-01
il_000021_074,in_000021_074,sub_000021,22.55,Basic plan - 2028-02
il_000021_075,in_000021_075,sub_000021,22.13,Basic plan - 2028-03
il_000021_076,in_000021_076,sub_000021,23.31,Basic plan - 2028-04
il_000021_077,in_000021_077,sub_000021,23.51,Basic plan - 2028-05
il_000021_078,in_000021_078,sub_000021,23.35,Basic plan - 2028-06
il_000021_079,in_000021_079,sub_000021,22.76,Basic plan - 2028-07
il_000021_080,in_000021_080,sub_000021,23.73,Basic plan - 2028-08
il_000021_081,in_000021_081,sub_000021,22.83,Basic plan - 2028-09
il_000021_082,in_000021_082,sub_000021,23.3,Basic plan - 2028-10
il_000021_083,in_000021_083,sub_000021,22.8,Basic plan - 2028-11
il_000021_084,in_000021_084,sub_000021,23.72,Basic plan - 2028-12
il_000022_001,in_000022_001,sub_000022,19.94,Basic plan - 2022-01
il_000022_002,in_000022_002,sub_000022,19.96,Basic plan - 2022-02
il_000022_003,in_000022_003,sub_000022,19.55,Basic plan - 2022-03
il_000022_004,in_000022_004,sub_000022,19.18,Basic plan - 2022-04
il_000022_005,in_000022_005,sub_000022,20.79,Basic plan - 2022-05
il_000022_006,in_000022_006,sub_000022,19.36,Basic plan - 2022-06
il_000022_007,in_000022_007,sub_000022,19.66,Basic plan - 2022-07
il_000022_008,in_000022_008,sub_000022,19.78,Basic plan - 2022-08
il_000022_009,in_000022_009,sub_000022,20.19,Basic plan - 2022-09
il_000022_010,in_000022_010,sub_000022,20.46,Basic plan - 2022-10
il_000022_011,in_000022_011,sub_000022,20.18,Basic plan - 2022-11
il_000022_012,in_000022_012,sub_000022,20.83,Basic plan - 2022-12
il_000022_013,in_000022_013,sub_000022,21.65,Basic plan - 2023-01
il_000022_014,in_000022_014,sub_000022,20.42,Basic plan - 2023-02
il_000022_015,in_000022_015,sub_000022,20.56,Basic plan - 2023-03
il_000022_016,in_000022_016,sub_000022,21.35,Basic plan - 2023-04
il_000022_017,in_000022_017,sub_000022,22.3,Basic plan - 2023-05
il_000022_018,in_000022_018,sub_000022,21.63,Basic plan - 2023-06
il_000022_019,in_000022_019,sub_000022,22.35,Basic plan - 2023-07
il_000022_020,in_000022_020,sub_000022,21.57,Basic plan - 2023-08
il_000022_021,in_000022_021,sub_000022,21.16,Basic plan - 2023-09
il_000022_022,in_000022_022,sub_000022,22.73,Basic plan - 2023-10
il_000022_023,in_000022_023,sub_000022,22.64,Basic plan - 2023-11
il_000022_024,in_000022_024,sub_000022,21.34,Basic plan - 2023-12
il_000022_025,in_000022_025,sub_000022,21.99,Basic plan - 2024-01
il_000022_026,in_000022_026,sub_000022,21.94,Basic plan - 2024-02
il_000022_027,in_000022_027,sub_000022,21.77,Basic plan - 2024-03
il_000022_028,in_000022_028,sub_000022,21.64,Basic plan - 2024-04
il_000022_029,in_000022_029,sub_000022,21.23,Basic plan - 2024-05
il_000022_030,in_000022_030,sub_000022,22.87,Basic plan - 2024-06
il_000022_031,in_000022_031,sub_000022,21.53,Basic plan - 2024-07
il_000022_032,in_000022_032,sub_000022,18.66,Basic plan - 2024-08
il_000022_033,in_000022_033,sub_000022,21.5,Basic plan - 2024-09
il_000022_034,in_000022_034,sub_000022,21.76,Basic plan - 2024-10
il_000022_035,in_000022_035,sub_000022,21.31,Basic plan - 2024-11
il_000022_036,in_000022_036,sub_000022,21.28,Basic plan - 2024-12
il_000022_037,in_000022_037,sub_000022,21.62,Basic plan - 2025-01
il_000022_038,in_000022_038,sub_000022,22.3,Basic plan - 2025-02
il_000022_039,in_000022_039,sub_000022,21.49,Basic plan - 2025-03
il_000022_040,in_000022_040,sub_000022,20.2,Basic plan - 2025-04
il_000022_041,in_000022_041,sub_000022,23.42,Basic plan - 2025-05
il_000022_042,in_000022_042,sub_000022,21.76,Basic plan - 2025-06
il_000022_043,in_000022_043,sub_000022,22.94,Basic plan - 2025-07
il_000022_044,in_000022_044,sub_000022,22.83,Basic plan - 2025-08
il_000022_045,in_000022_045,sub_000022,22.62,Basic plan - 2025-09
il_000022_046,in_000022_046,sub_000022,22.62,Basic plan - 2025-10
il_000022_047,in_000022_047,sub_000022,18.31,Basic plan - 2025-11
il_000022_048,in_000022_048,sub_000022,18.85,Basic plan - 2025-12
il_000022_049,in_000022_049,sub_000022,23.09,Basic plan - 2026-01
il_000022_050,in_000022_050,sub_000022,23.39,Basic plan - 2026-02
il_000022_051,in_000022_051,sub_000022,23.24,Basic plan - 2026-03
il_000022_052,in_000022_052,sub_000022,22.7,Basic plan - 2026-04
il_000022_053,in_000022_053,sub_000022,18.97,Basic plan - 2026-05
il_000022_054,in_000022_054,sub_000022,22.66,Basic plan - 2026-06
il_000022_055,in_000022_055,sub_000022,22.02,Basic plan - 2026-07
il_000022_056,in_000022_056,sub_000022,23.73,Basic plan - 2026-08
il_000022_057,in_000022_057,sub_000022,16.97,Basic plan - 2026-09
il_000022_058,in_000022_058,sub_000022,17.78,Basic plan - 2026-10
il_000022_059,in_000022_059,sub_000022,23.83,Basic plan - 2026-11
il_000022_060,in_000022_060,sub_000022,23.83,Basic plan - 2026-12
il_000022_061,in_000022_061,sub_000022,21.8,Basic plan - 2027-01
il_000022_062,in_000022_062,sub_000022,23.02,Basic plan - 2027-02
il_000022_063,in_000022_063,sub_000022,22.57,Basic plan - 2027-03
il_000022_064,in_000022_064,sub_000022,21.97,Basic plan - 2027-04
il_000022_065,in_000022_065,sub_000022,21.79,Basic plan - 2027-05
il_000022_066,in_000022_066,sub_000022,23.55,Basic plan - 2027-06
il_000022_067,in_000022_067,sub_000022,22.78,Basic plan - 2027-07
il_000022_068,in_000022_068,sub_000022,23.83,Basic plan - 2027-08
il_000022_069,in_000022_069,sub_000022,22.46,Basic plan - 2027-09
il_000022_070,in_000022_070,sub_000022,22.12,Basic plan - 2027-10
il_000022_071,in_000022_071,sub_000022,23.77,Basic plan - 2027-11
il_000022_072,in_000022_072,sub_000022,22.11,Basic plan - 2027-12
il_000022_073,in_000022_073,sub_000022,22.48,Basic plan - 2028-01
il_000022_074,in_000022_074,sub_000022,22.17,Basic plan - 2028-02
il_000022_075,in_000022_075,sub_000022,23.73,Basic plan - 2028-03
il_000022_076,in_000022_076,sub_000022,23.2,Basic plan - 2028-04
il_000022_077,in_000022_077,sub_000022,21.96,Basic plan - 2028-05
il_000022_078,in_000022_078,sub_000022,23.16,Basic plan - 2028-06
il_000022_079,in_000022_079,sub_000022,21.78,Basic plan - 2028-07
il_000022_080,in_000022_080,sub_000022,23.34,Basic plan - 2028-08
il_000022_081,in_000022_081,sub_000022,22.38,Basic plan - 2028-09
il_000022_082,in_000022_082,sub_000022,22.81,Basic plan - 2028-10
il_000022_083,in_000022_083,sub_000022,22.64,Basic plan - 2028-11
il_000022_084,in_000022_084,sub_000022,23.1,Basic plan - 2028-12
il_000023_001,in_000023_001,sub_000023,20.77,Basic plan - 2022-01
il_000023_002,in_000023_002,sub_000023,19.34,Basic plan - 2022-02
il_000023_003,in_000023_003,sub_000023,17.27,Basic plan - 2022-03
il_000023_004,in_000023_004,sub_000023,19.46,Basic plan - 2022-04
il_000023_005,in_000023_005,sub_000023,20.07,Basic plan - 2022-05
il_000023_006,in_000023_006,sub_000023,15.43,Basic plan - 2022-06
il_000023_007,in_000023_007,sub_000023,20.11,Basic plan - 2022-07
il_000023_008,in_000023_008,sub_000023,16.72,Basic plan - 2022-08
il_000023_009,in_000023_009,sub_000023,20.46,Basic plan - 2022-09
il_000023_010,in_000023_010,sub_000023,21.28,Basic plan - 2022-10
il_000023_011,in_000023_011,sub_000023,20.8,Basic plan - 2022-11
il_000023_012,in_000023_012,sub_000023,19.83,Basic plan - 2022-12
il_000023_013,in_000023_013,sub_000023,20.6,Basic plan - 2023-01
il_000023_014,in_000023_014,sub_000023,20.16,Basic plan - 2023-02
il_000023_015,in_000023_015,sub_000023,17.17,Basic plan - 2023-03
il_000023_016,in_000023_016,sub_000023,21.73,Basic plan - 2023-04
il_000023_017,in_000023_017,sub_000023,21.87,Basic plan - 2023-05
il_000023_018,in_000023_018,sub_000023,22.25,Basic plan - 2023-06
il_000023_019,in_000023_019,sub_000023,20.44,Basic plan - 2023-07
il_000023_020,in_000023_020,sub_000023,21.61,Basic plan - 2023-08
il_000023_021,in_000023_021,sub_000023,21.24,Basic plan - 2023-09
il_000023_022,in_000023_022,sub_000023,20.62,Basic plan - 2023-10
il_000023_023,in_000023_023,sub_000023,22.5,Basic plan - 2023-11
il_000023_024,in_000023_024,sub_000023,21.8,Basic plan - 2023-12
il_000023_025,in_000023_025,sub_000023,21.83,Basic plan - 2024-01
il_000023_026,in_000023_026,sub_000023,20.94,Basic plan - 2024-02
il_000023_027,in_000023_027,sub_000023,21.45,Basic plan - 2024-03
il_000023_028,in_000023_028,sub_000023,21.11,Basic plan - 2024-04
il_000023_029,in_000023_029,sub_000023,23.0,Basic plan - 2024-05
il_000023_030,in_000023_030,sub_000023,23.14,Basic plan - 2024-06
il_000023_031,in_000023_031,sub_000023,22.15,Basic plan - 2024-07
il_000023_032,in_000023_032,sub_000023,22.06,Basic plan - 2024-08
il_000023_033,in_000023_033,sub_000023,23.01,Basic plan - 2024-09
il_000023_034,in_000023_034,sub_000023,22.33,Basic plan - 2024-10
il_000023_035,in_000023_035,sub_000023,21.61,Basic plan - 2024-11
il_000023_036,in_000023_036,sub_000023,21.3,Basic plan - 2024-12
il_000023_037,in_000023_037,sub_000023,21.72,Basic plan - 2025-01
il_000023_038,in_000023_038,sub_000023,21.71,Basic plan - 2025-02
il_000023_039,in_000023_039,sub_000023,21.92,Basic plan - 2025-03
il_000023_040,in_000023_040,sub_000023,22.14,Basic plan - 2025-04
il_000023_041,in_000023_041,sub_000023,22.44,Basic plan - 2025-05
il_000023_042,in_000023_042,sub_000023,23.34,Basic plan - 2025-06
il_000023_043,in_000023_043,sub_000023,21.93,Basic plan - 2025-07
il_000023_044,in_000023_044,sub_000023,17.82,Basic plan - 2025-08
il_000023_045,in_000023_045,sub_000023,21.79,Basic plan - 2025-09
il_000023_046,in_000023_046,sub_000023,23.23,Basic plan - 2025-10
il_000023_047,in_000023_047,sub_000023,23.4,Basic plan - 2025-11
il_000023_048,in_000023_048,sub_000023,22.97,Basic plan - 2025-12
il_000023_049,in_000023_049,sub_000023,23.25,Basic plan - 2026-01
il_000023_050,in_000023_050,sub_000023,22.4,Basic plan - 2026-02
il_000023_051,in_000023_051,sub_000023,22.8,Basic plan - 2026-03
il_000023_052,in_000023_052,sub_000023,22.03,Basic plan - 2026-04
il_000023_053,in_000023_053,sub_000023,21.65,Basic plan - 2026-05
il_000023_054,in_000023_054,sub_000023,19.52,Basic plan - 2026-06
il_000023_055,in_000023_055,sub_000023,22.17,Basic plan - 2026-07
il_000023_056,in_000023_056,sub_000023,21.7,Basic plan - 2026-08
il_000023_057,in_000023_057,sub_000023,22.06,Basic plan - 2026-09
il_000023_058,in_000023_058,sub_000023,22.5,Basic plan - 2026-10
il_000023_059,in_000023_059,sub_000023,22.37,Basic plan - 2026-11
il_000023_060,in_000023_060,sub_000023,21.68,Basic plan - 2026-12
il_000023_061,in_000023_061,sub_000023,23.34,Basic plan - 2027-01
il_000023_062,in_000023_062,sub_000023,23.74,Basic plan - 2027-02
il_000023_063,in_000023_063,sub_000023,22.83,Basic plan - 2027-03
il_000023_064,in_000023_064,sub_000023,23.38,Basic plan - 2027-04
il_000023_065,in_000023_065,sub_000023,23.54,Basic plan - 2027-05
il_000023_066,in_000023_066,sub_000023,22.61,Basic plan - 2027-06
il_000023_067,in_000023_067,sub_000023,23.46,Basic plan - 2027-07
il_000023_068,in_000023_068,sub_000023,23.74,Basic plan - 2027-08
il_000023_069,in_000023_069,sub_000023,23.88,Basic plan - 2027-09
il_000023_070,in_000023_070,sub_000023,21.83,Basic plan - 2027-10
il_000023_071,in_000023_071,sub_000023,21.7,Basic plan - 2027-11
il_000023_072,in_000023_072,sub_000023,23.44,Basic plan - 2027-12
il_000023_073,in_000023_073,sub_000023,23.57,Basic plan - 2028-01
il_000023_074,in_000023_074,sub_000023,22.25,Basic plan - 2028-02
il_000023_075,in_000023_075,sub_000023,21.72,Basic plan - 2028-03
il_000023_076,in_000023_076,sub_000023,22.23,Basic plan - 2028-04
il_000023_077,in_000023_077,sub_000023,22.59,Basic plan - 2028-05
il_000023_078,in_000023_078,sub_000023,22.24,Basic plan - 2028-06
il_000023_079,in_000023_079,sub_000023,22.59,Basic plan - 2028-07
il_000023_080,in_000023_080,sub_000023,22.77,Basic plan - 2028-08
il_000023_081,in_000023_081,sub_000023,22.21,Basic plan - 2028-09
il_000023_082,in_000023_082,sub_000023,21.97,Basic plan - 2028-10
il_000023_083,in_000023_083,sub_000023,22.91,Basic plan - 2028-11
il_000023_084,in_000023_084,sub_000023,23.5,Basic plan - 2028-12
il_000024_001,in_000024_001,sub_000024,582.67,Enterprise plan - 2022-01
il_000024_002,in_000024_002,sub_000024,606.43,Enterprise plan - 2022-02
il_000024_003,in_000024_003,sub_000024,618.81,Enterprise plan - 2022-03
il_000024_004,in_000024_004,sub_000024,628.33,Enterprise plan - 2022-04
il_000025_001,in_000025_001,sub_000025,617.44,Enterprise plan - 2022-01
il_000025_002,in_000025_002,sub_000025,602.88,Enterprise plan - 2022-02
il_000025_003,in_000025_003,sub_000025,613.68,Enterprise plan - 2022-03
il_000025_004,in_000025_004,sub_000025,656.66,Enterprise plan - 2022-04
il_000025_005,in_000025_005,sub_000025,650.33,Enterprise plan - 2022-05
il_000025_006,in_000025_006,sub_000025,647.89,Enterprise plan - 2022-06
il_000025_007,in_000025_007,sub_000025,672.42,Enterprise plan - 2022-07
il_000025_008,in_000025_008,sub_000025,709.27,Enterprise plan - 2022-08
il_000025_009,in_000025_009,sub_000025,686.42,Enterprise plan - 2022-09
il_000025_010,in_000025_010,sub_000025,707.91,Enterprise plan - 2022-10
il_000025_011,in_000025_011,sub_000025,775.46,Enterprise plan - 2022-11
il_000025_012,in_000025_012,sub_000025,679.57,Enterprise plan - 2022-12
il_000025_013,in_000025_013,sub_000025,787.65,Enterprise plan - 2023-01
il_000025_014,in_000025_014,sub_000025,792.46,Enterprise plan - 2023-02
il_000025_015,in_000025_015,sub_000025,848.7,Enterprise plan - 2023-03
il_000025_016,in_000025_016,sub_000025,823.81,Enterprise plan - 2023-04
il_000025_017,in_000025_017,sub_000025,888.35,Enterprise plan - 2023-05
il_000025_018,in_000025_018,sub_000025,914.49,Enterprise plan - 2023-06
il_000025_019,in_000025_019,sub_000025,937.24,Enterprise plan - 2023-07
il_000025_020,in_000025_020,sub_000025,957.46,Enterprise plan - 2023-08
il_000025_021,in_000025_021,sub_000025,985.48,Enterprise plan - 2023-09
il_000025_022,in_000025_022,sub_000025,1003.25,Enterprise plan - 2023-10
il_000025_023,in_000025_023,sub_000025,991.46,Enterprise plan - 2023-11
il_000025_024,in_000025_024,sub_000025,1015.51,Enterprise plan - 2023-12
il_000025_025,in_000025_025,sub_000025,1017.58,Enterprise plan - 2024-01
il_000025_026,in_000025_026,sub_000025,1066.22,Enterprise plan - 2024-02
il_000025_027,in_000025_027,sub_000025,1019.59,Enterprise plan - 2024-03
il_000025_028,in_000025_028,sub_000025,1083.6,Enterprise plan - 2024-04
il_000025_029,in_000025_029,sub_000025,1110.5,Enterprise plan - 2024-05
il_000025_030,in_000025_030,sub_000025,1086.22,Enterprise plan - 2024-06
il_000025_031,in_000025_031,sub_000025,1140.0,Enterprise plan - 2024-07
il_000025_032,in_000025_032,sub_000025,1123.62,Enterprise plan - 2024-08
il_000025_033,in_000025_033,sub_000025,1103.02,Enterprise plan - 2024-09
il_000025_034,in_000025_034,sub_000025,1085.31,Enterprise plan - 2024-10
il_000025_035,in_000025_035,sub_000025,1131.99,Enterprise plan - 2024-11
il_000025_036,in_000025_036,sub_000025,1166.15,Enterprise plan - 2024-12
il_000025_037,in_000025_037,sub_000025,1195.36,Enterprise plan - 2025-01
il_000025_038,in_000025_038,sub_000025,1124.16,Enterprise plan - 2025-02
il_000026_001,in_000026_001,sub_000026,600.69,Enterprise plan - 2022-01
il_000026_002,in_000026_002,sub_000026,629.23,Enterprise plan - 2022-02
il_000026_003,in_000026_003,sub_000026,617.8,Enterprise plan - 2022-03
il_000026_004,in_000026_004,sub_000026,627.17,Enterprise plan - 2022-04
il_000026_005,in_000026_005,sub_000026,633.26,Enterprise plan - 2022-05
il_000026_006,in_000026_006,sub_000026,657.42,Enterprise plan - 2022-06
il_000026_007,in_000026_007,sub_000026,665.64,Enterprise plan - 2022-07
il_000026_008,in_000026_008,sub_000026,721.54,Enterprise plan - 2022-08
il_000026_009,in_000026_009,sub_000026,707.87,Enterprise plan - 2022-09
il_000026_010,in_000026_010,sub_000026,747.64,Enterprise plan - 2022-10
il_000026_011,in_000026_011,sub_000026,791.29,Enterprise plan - 2022-11
il_000026_012,in_000026_012,sub_000026,799.42,Enterprise plan - 2022-12
il_000026_013,in_000026_013,sub_000026,792.51,Enterprise plan - 2023-01
il_000026_014,in_000026_014,sub_000026,778.97,Enterprise plan - 2023-02
il_000026_015,in_000026_015,sub_000026,871.83,Enterprise plan - 2023-03
il_000026_016,in_000026_016,sub_000026,882.1,Enterprise plan - 2023-04
il_000026_017,in_000026_017,sub_000026,849.57,Enterprise plan - 2023-05
il_000026_018,in_000026_018,sub_000026,931.8,Enterprise plan - 2023-06
il_000026_019,in_000026_019,sub_000026,879.64,Enterprise plan - 2023-07
il_000026_020,in_000026_020,sub_000026,952.21,Enterprise plan - 2023-08
il_000026_021,in_000026_021,sub_000026,814.59,Enterprise plan - 2023-09
il_000026_022,in_000026_022,sub_000026,979.92,Enterprise plan - 2023-10
il_000026_023,in_000026_023,sub_000026,1008.73,Enterprise plan - 2023-11
il_000026_024,in_000026_024,sub_000026,1005.41,Enterprise plan - 2023-12
il_000026_025,in_000026_025,sub_000026,974.98,Enterprise plan - 2024-01
il_000026_026,in_000026_026,sub_000026,1015.81,Enterprise plan - 2024-02
il_000026_027,in_000026_027,sub_000026,995.66,Enterprise plan - 2024-03
il_000026_028,in_000026_028,sub_000026,1074.01,Enterprise plan - 2024-04
il_000026_029,in_000026_029,sub_000026,1113.57,Enterprise plan - 2024-05
il_000026_030,in_000026_030,sub_000026,1084.99,Enterprise plan - 2024-06
il_000026_031,in_000026_031,sub_000026,1095.28,Enterprise plan - 2024-07
il_000026_032,in_000026_032,sub_000026,1091.33,Enterprise plan - 2024-08
il_000026_033,in_000026_033,sub_000026,1101.53,Enterprise plan - 2024-09
il_000026_034,in_000026_034,sub_000026,1140.97,Enterprise plan - 2024-10
il_000026_035,in_000026_035,sub_000026,1161.13,Enterprise plan - 2024-11
il_000026_036,in_000026_036,sub_000026,865.52,Enterprise plan - 2024-12
il_000026_037,in_000026_037,sub_000026,1157.18,Enterprise plan - 2025-01
il_000026_038,in_000026_038,sub_000026,1138.95,Enterprise plan - 2025-02
il_000026_039,in_000026_039,sub_000026,1180.3,Enterprise plan - 2025-03
il_000026_040,in_000026_040,sub_000026,1186.88,Enterprise plan - 2025-04
il_000026_041,in_000026_041,sub_000026,1176.08,Enterprise plan - 2025-05
il_000026_042,in_000026_042,sub_000026,1179.36,Enterprise plan - 2025-06
il_000026_043,in_000026_043,sub_000026,1138.5,Enterprise plan - 2025-07
il_000026_044,in_000026_044,sub_000026,1174.25,Enterprise plan - 2025-08
il_000026_045,in_000026_045,sub_000026,1224.43,Enterprise plan - 2025-09
il_000026_046,in_000026_046,sub_000026,1227.23,Enterprise plan - 2025-10
il_000026_047,in_000026_047,sub_000026,1222.02,Enterprise plan - 2025-11
il_000026_048,in_000026_048,sub_000026,1253.13,Enterprise plan - 2025-12
il_000026_049,in_000026_049,sub_000026,1208.04,Enterprise plan - 2026-01
il_000026_050,in_000026_050,sub_000026,1209.6,Enterprise plan - 2026-02
il_000026_051,in_000026_051,sub_000026,1225.89,Enterprise plan - 2026-03
il_000026_052,in_000026_052,sub_000026,1206.92,Enterprise plan - 2026-04
il_000026_053,in_000026_053,sub_000026,1236.23,Enterprise plan - 2026-05
il_000026_054,in_000026_054,sub_000026,1194.14,Enterprise plan - 2026-06
il_000026_055,in_000026_055,sub_000026,1189.69,Enterprise plan - 2026-07
il_000026_056,in_000026_056,sub_000026,1231.35,Enterprise plan - 2026-08
il_000026_057,in_000026_057,sub_000026,1231.16,Enterprise plan - 2026-09
il_000026_058,in_000026_058,sub_000026,1225.04,Enterprise plan - 2026-10
il_000026_059,in_000026_059,sub_000026,1253.65,Enterprise plan - 2026-11
il_000026_060,in_000026_060,sub_000026,1222.76,Enterprise plan - 2026-12
il_000026_061,in_000026_061,sub_000026,1214.41,Enterprise plan - 2027-01
il_000026_062,in_000026_062,sub_000026,887.71,Enterprise plan - 2027-02
il_000026_063,in_000026_063,sub_000026,1201.8,Enterprise plan - 2027-03
il_000026_064,in_000026_064,sub_000026,1289.85,Enterprise plan - 2027-04
il_000026_065,in_000026_065,sub_000026,1289.27,Enterprise plan - 2027-05
il_000026_066,in_000026_066,sub_000026,929.07,Enterprise plan - 2027-06
il_000026_067,in_000026_067,sub_000026,1306.51,Enterprise plan - 2027-07
il_000026_068,in_000026_068,sub_000026,1231.44,Enterprise plan - 2027-08
il_000026_069,in_000026_069,sub_000026,1283.02,Enterprise plan - 2027-09
il_000026_070,in_000026_070,sub_000026,1265.32,Enterprise plan - 2027-10
il_000026_071,in_000026_071,sub_000026,1277.56,Enterprise plan - 2027-11
il_000026_072,in_000026_072,sub_000026,1249.78,Enterprise plan - 2027-12
il_000026_073,in_000026_073,sub_000026,1223.56,Enterprise plan - 2028-01
il_000026_074,in_000026_074,sub_000026,1301.57,Enterprise plan - 2028-02
il_000026_075,in_000026_075,sub_000026,1266.23,Enterprise plan - 2028-03
il_000026_076,in_000026_076,sub_000026,1283.67,Enterprise plan - 2028-04
il_000026_077,in_000026_077,sub_000026,1310.53,Enterprise plan - 2028-05
il_000026_078,in_000026_078,sub_000026,1302.78,Enterprise plan - 2028-06
il_000026_079,in_000026_079,sub_000026,1259.18,Enterprise plan - 2028-07
il_000026_080,in_000026_080,sub_000026,1248.06,Enterprise plan - 2028-08
il_000026_081,in_000026_081,sub_000026,1237.77,Enterprise plan - 2028-09
il_000026_082,in_000026_082,sub_000026,1268.06,Enterprise plan - 2028-10
il_000026_083,in_000026_083,sub_000026,1253.63,Enterprise plan - 2028-11
il_000026_084,in_000026_084,sub_000026,1308.71,Enterprise plan - 2028-12
il_000027_001,in_000027_001,sub_000027,625.38,Enterprise plan - 2022-01
il_000027_002,in_000027_002,sub_000027,617.49,Enterprise plan - 2022-02
il_000027_003,in_000027_003,sub_000027,648.23,Enterprise plan - 2022-03
il_000027_004,in_000027_004,sub_000027,667.69,Enterprise plan - 2022-04
il_000027_005,in_000027_005,sub_000027,660.84,Enterprise plan - 2022-05
il_000027_006,in_000027_006,sub_000027,637.96,Enterprise plan - 2022-06
il_000027_007,in_000027_007,sub_000027,666.66,Enterprise plan - 2022-07
il_000027_008,in_000027_008,sub_000027,711.66,Enterprise plan - 2022-08
il_000027_009,in_000027_009,sub_000027,690.33,Enterprise plan - 2022-09
il_000027_010,in_000027_010,sub_000027,714.8,Enterprise plan - 2022-10
il_000027_011,in_000027_011,sub_000027,764.59,Enterprise plan - 2022-11
il_000027_012,in_000027_012,sub_000027,804.38,Enterprise plan - 2022-12
il_000027_013,in_000027_013,sub_000027,760.77,Enterprise plan - 2023-01
il_000027_014,in_000027_014,sub_000027,796.63,Enterprise plan - 2023-02
il_000027_015,in_000027_015,sub_000027,871.6,Enterprise plan - 2023-03
il_000027_016,in_000027_016,sub_000027,871.76,Enterprise plan - 2023-04
il_000027_017,in_000027_017,sub_000027,881.64,Enterprise plan - 2023-05
il_000027_018,in_000027_018,sub_000027,933.5,Enterprise plan - 2023-06
il_000027_019,in_000027_019,sub_000027,904.13,Enterprise plan - 2023-07
il_000027_020,in_000027_020,sub_000027,899.14,Enterprise plan - 2023-08
il_000027_021,in_000027_021,sub_000027,932.21,Enterprise plan - 2023-09
il_000027_022,in_000027_022,sub_000027,933.96,Enterprise plan - 2023-10
il_000027_023,in_000027_023,sub_000027,959.95,Enterprise plan - 2023-11
il_000027_024,in_000027_024,sub_000027,977.83,Enterprise plan - 2023-12
il_000027_025,in_000027_025,sub_000027,988.24,Enterprise plan - 2024-01
il_000027_026,in_000027_026,sub_000027,1003.86,Enterprise plan - 2024-02
il_000027_027,in_000027_027,sub_000027,1014.71,Enterprise plan - 2024-03
il_000027_028,in_000027_028,sub_000027,1018.37,Enterprise plan - 2024-04
il_000027_029,in_000027_029,sub_000027,1083.28,Enterprise plan - 2024-05
il_000027_030,in_000027_030,sub_000027,1071.34,Enterprise plan - 2024-06
il_000027_031,in_000027_031,sub_000027,1059.38,Enterprise plan - 2024-07
il_000027_032,in_000027_032,sub_000027,1051.87,Enterprise plan - 2024-08
il_000027_033,in_000027_033,sub_000027,1105.85,Enterprise plan - 2024-09
il_000027_034,in_000027_034,sub_000027,1175.74,Enterprise plan - 2024-10
il_000027_035,in_000027_035,sub_000027,1122.07,Enterprise plan - 2024-11
il_000027_036,in_000027_036,sub_000027,1121.25,Enterprise plan - 2024-12
il_000027_037,in_000027_037,sub_000027,1096.03,Enterprise plan - 2025-01
il_000027_038,in_000027_038,sub_000027,1153.48,Enterprise plan - 2025-02
il_000027_039,in_000027_039,sub_000027,1128.54,Enterprise plan - 2025-03
il_000027_040,in_000027_040,sub_000027,1155.94,Enterprise plan - 2025-04
il_000027_041,in_000027_041,sub_000027,1149.05,Enterprise plan - 2025-05
il_000027_042,in_000027_042,sub_000027,1149.02,Enterprise plan - 2025-06
il_000027_043,in_000027_043,sub_000027,1151.93,Enterprise plan - 2025-07
il_000027_044,in_000027_044,sub_000027,1213.77,Enterprise plan - 2025-08
il_000027_045,in_000027_045,sub_000027,1167.65,Enterprise plan - 2025-09
il_000027_046,in_000027_046,sub_000027,1158.62,Enterprise plan - 2025-10
il_000027_047,in_000027_047,sub_000027,1226.89,Enterprise plan - 2025-11
il_000027_048,in_000027_048,sub_000027,1222.1,Enterprise plan - 2025-12
il_000027_049,in_000027_049,sub_000027,1262.12,Enterprise plan - 2026-01
il_000027_050,in_000027_050,sub_000027,1199.17,Enterprise plan - 2026-02
il_000027_051,in_000027_051,sub_000027,1289.27,Enterprise plan - 2026-03
il_000027_052,in_000027_052,sub_000027,1297.19,Enterprise plan - 2026-04
il_000027_053,in_000027_053,sub_000027,1264.27,Enterprise plan - 2026-05
il_000027_054,in_000027_054,sub_000027,1296.8,Enterprise plan - 2026-06
il_000027_055,in_000027_055,sub_000027,1230.5,Enterprise plan - 2026-07
il_000027_056,in_000027_056,sub_000027,1256.67,Enterprise plan - 2026-08
il_000027_057,in_000027_057,sub_000027,1239.76,Enterprise plan - 2026-09
il_000027_058,in_000027_058,sub_000027,1299.04,Enterprise plan - 2026-10
il_000027_059,in_000027_059,sub_000027,1298.25,Enterprise plan - 2026-11
il_000027_060,in_000027_060,sub_000027,1292.04,Enterprise plan - 2026-12
il_000027_061,in_000027_061,sub_000027,1316.01,Enterprise plan - 2027-01
il_000027_062,in_000027_062,sub_000027,1232.08,Enterprise plan - 2027-02
il_000027_063,in_000027_063,sub_000027,1232.74,Enterprise plan - 2027-03
il_000027_064,in_000027_064,sub_000027,1289.86,Enterprise plan - 2027-04
il_000027_065,in_000027_065,sub_000027,1283.74,Enterprise plan - 2027-05
il_000027_066,in_000027_066,sub_000027,1255.91,Enterprise plan - 2027-06
il_000027_067,in_000027_067,sub_000027,1306.54,Enterprise plan - 2027-07
il_000027_068,in_000027_068,sub_000027,1319.64,Enterprise plan - 2027-08
il_000027_069,in_000027_069,sub_000027,1300.28,Enterprise plan - 2027-09
il_000027_070,in_000027_070,sub_000027,1288.11,Enterprise plan - 2027-10
il_000027_071,in_000027_071,sub_000027,1273.27,Enterprise plan - 2027-11
il_000027_072,in_000027_072,sub_000027,1298.9,Enterprise plan - 2027-12
il_000027_073,in_000027_073,sub_000027,1287.04,Enterprise plan - 2028-01
il_000027_074,in_000027_074,sub_000027,1222.13,Enterprise plan - 2028-02
il_000027_075,in_000027_075,sub_000027,1280.97,Enterprise plan - 2028-03
il_000027_076,in_000027_076,sub_000027,999.89,Enterprise plan - 2028-04
il_000027_077,in_000027_077,sub_000027,1281.24,Enterprise plan - 2028-05
il_000027_078,in_000027_078,sub_000027,1219.0,Enterprise plan - 2028-06
il_000027_079,in_000027_079,sub_000027,1245.92,Enterprise plan - 2028-07
il_000027_080,in_000027_080,sub_000027,1291.34,Enterprise plan - 2028-08
il_000027_081,in_000027_081,sub_000027,1267.47,Enterprise plan - 2028-09
il_000027_082,in_000027_082,sub_000027,1267.36,Enterprise plan - 2028-10
il_000027_083,in_000027_083,sub_000027,1208.53,Enterprise plan - 2028-11
il_000027_084,in_000027_084,sub_000027,1212.02,Enterprise plan - 2028-12
il_000028_001,in_000028_001,sub_000028,61.71,Pro plan - 2022-01
il_000029_001,in_000029_001,sub_000029,62.03,Pro plan - 2022-01
il_000029_002,in_000029_002,sub_000029,60.9,Pro plan - 2022-02
il_000030_001,in_000030_001,sub_000030,61.91,Pro plan - 2022-01
il_000030_002,in_000030_002,sub_000030,59.3,Pro plan - 2022-02
il_000030_003,in_000030_003,sub_000030,59.11,Pro plan - 2022-03
il_000030_004,in_000030_004,sub_000030,63.58,Pro plan - 2022-04
il_000031_001,in_000031_001,sub_000031,60.59,Pro plan - 2022-01
il_000031_002,in_000031_002,sub_000031,58.11,Pro plan - 2022-02
il_000031_003,in_000031_003,sub_000031,59.99,Pro plan - 2022-03
il_000031_004,in_000031_004,sub_000031,59.84,Pro plan - 2022-04
il_000031_005,in_000031_005,sub_000031,65.43,Pro plan - 2022-05
il_000031_006,in_000031_006,sub_000031,62.55,Pro plan - 2022-06
il_000031_007,in_000031_007,sub_000031,65.82,Pro plan - 2022-07
il_000032_001,in_000032_001,sub_000032,57.94,Pro plan - 2022-01
il_000032_002,in_000032_002,sub_000032,63.77,Pro plan - 2022-02
il_000032_003,in_000032_003,sub_000032,63.76,Pro plan - 2022-03
il_000032_004,in_000032_004,sub_000032,64.84,Pro plan - 2022-04
il_000032_005,in_000032_005,sub_000032,60.51,Pro plan - 2022-05
il_000032_006,in_000032_006,sub_000032,66.53,Pro plan - 2022-06
il_000032_007,in_000032_007,sub_000032,63.48,Pro plan - 2022-07
il_000032_008,in_000032_008,sub_000032,64.79,Pro plan - 2022-08
il_000032_009,in_000032_009,sub_000032,68.9,Pro plan - 2022-09
il_000032_010,in_000032_010,sub_000032,68.55,Pro plan - 2022-10
il_000032_011,in_000032_011,sub_000032,64.96,Pro plan - 2022-11
il_000032_012,in_000032_012,sub_000032,67.9,Pro plan - 2022-12
il_000032_013,in_000032_013,sub_000032,67.1,Pro plan - 2023-01
il_000032_014,in_000032_014,sub_000032,72.55,Pro plan - 2023-02
il_000033_001,in_000033_001,sub_000033,57.82,Pro plan - 2022-01
il_000033_002,in_000033_002,sub_000033,59.94,Pro plan - 2022-02
il_000033_003,in_000033_003,sub_000033,60.22,Pro plan - 2022-03
il_000033_004,in_000033_004,sub_000033,61.39,Pro plan - 2022-04
il_000033_005,in_000033_005,sub_000033,62.23,Pro plan - 2022-05
il_000033_006,in_000033_006,sub_000033,62.16,Pro plan - 2022-06
il_000033_007,in_000033_007,sub_000033,63.7,Pro plan - 2022-07
il_000033_008,in_000033_008,sub_000033,65.56,Pro plan - 2022-08
il_000033_009,in_000033_009,sub_000033,65.45,Pro plan - 2022-09
il_000033_010,in_000033_010,sub_000033,70.31,Pro plan - 2022-10
il_000033_011,in_000033_011,sub_000033,70.89,Pro plan - 2022-11
il_000033_012,in_000033_012,sub_000033,65.97,Pro plan - 2022-12
il_000033_013,in_000033_013,sub_000033,71.32,Pro plan - 2023-01
il_000033_014,in_000033_014,sub_000033,70.49,Pro plan - 2023-02
il_000033_015,in_000033_015,sub_000033,72.09,Pro plan - 2023-03
il_000033_016,in_000033_016,sub_000033,74.32,Pro plan - 2023-04
il_000033_017,in_000033_017,sub_000033,74.99,Pro plan - 2023-05
il_000033_018,in_000033_018,sub_000033,75.16,Pro plan - 2023-06
il_000033_019,in_000033_019,sub_000033,76.97,Pro plan - 2023-07
il_000033_020,in_000033_020,sub_000033,62.08,Pro plan - 2023-08
il_000033_021,in_000033_021,sub_000033,74.58,Pro plan - 2023-09
il_000033_022,in_000033_022,sub_000033,78.77,Pro plan - 2023-10
il_000034_001,in_000034_001,sub_000034,58.13,Pro plan - 2022-01
il_000034_002,in_000034_002,sub_000034,61.97,Pro plan - 2022-02
il_000034_003,in_000034_003,sub_000034,58.97,Pro plan - 2022-03
il_000034_004,in_000034_004,sub_000034,63.85,Pro plan - 2022-04
il_000034_005,in_000034_005,sub_000034,61.64,Pro plan - 2022-05
il_000034_006,in_000034_006,sub_000034,65.01,Pro plan - 2022-06
il_000034_007,in_000034_007,sub_000034,63.18,Pro plan - 2022-07
il_000034_008,in_000034_008,sub_000034,62.33,Pro plan - 2022-08
il_000034_009,in_000034_009,sub_000034,47.68,Pro plan - 2022-09
il_000034_010,in_000034_010,sub_000034,70.19,Pro plan - 2022-10
il_000034_011,in_000034_011,sub_000034,67.9,Pro plan - 2022-11
il_000034_012,in_000034_012,sub_000034,68.58,Pro plan - 2022-12
il_000034_013,in_000034_013,sub_000034,70.09,Pro plan - 2023-01
il_000034_014,in_000034_014,sub_000034,71.48,Pro plan - 2023-02
il_000034_015,in_000034_015,sub_000034,75.19,Pro plan - 2023-03
il_000034_016,in_000034_016,sub_000034,71.66,Pro plan - 2023-04
il_000034_017,in_000034_017,sub_000034,72.26,Pro plan - 2023-05
il_000034_018,in_000034_018,sub_000034,71.79,Pro plan - 2023-06
il_000034_019,in_000034_019,sub_000034,75.03,Pro plan - 2023-07
il_000034_020,in_000034_020,sub_000034,72.36,Pro plan - 2023-08
il_000034_021,in_000034_021,sub_000034,76.02,Pro plan - 2023-09
il_000034_022,in_000034_022,sub_000034,75.77,Pro plan - 2023-10
il_000034_023,in_000034_023,sub_000034,76.18,Pro plan - 2023-11
il_000034_024,in_000034_024,sub_000034,79.9,Pro plan - 2023-12
il_000034_025,in_000034_025,sub_000034,80.39,Pro plan - 2024-01
il_000034_026,in_000034_026,sub_000034,82.79,Pro plan - 2024-02
il_000034_027,in_000034_027,sub_000034,80.02,Pro plan - 2024-03
il_000034_028,in_000034_028,sub_000034,84.0,Pro plan - 2024-04
il_000034_029,in_000034_029,sub_000034,81.99,Pro plan - 2024-05
il_000034_030,in_000034_030,sub_000034,79.17,Pro plan - 2024-06
il_000034_031,in_000034_031,sub_000034,84.17,Pro plan - 2024-07
il_000034_032,in_000034_032,sub_000034,84.57,Pro plan - 2024-08
il_000034_033,in_000034_033,sub_000034,86.16,Pro plan - 2024-09
il_000034_034,in_000034_034,sub_000034,71.22,Pro plan - 2024-10
il_000034_035,in_000034_035,sub_000034,86.96,Pro plan - 2024-11
il_000034_036,in_000034_036,sub_000034,84.82,Pro plan - 2024-12
il_000034_037,in_000034_037,sub_000034,87.35,Pro plan - 2025-01
il_000034_038,in_000034_038,sub_000034,85.08,Pro plan - 2025-02
il_000034_039,in_000034_039,sub_000034,82.32,Pro plan - 2025-03
il_000034_040,in_000034_040,sub_000034,81.7,Pro plan - 2025-04
il_000034_041,in_000034_041,sub_000034,89.07,Pro plan - 2025-05
il_000034_042,in_000034_042,sub_000034,87.58,Pro plan - 2025-06
il_000034_043,in_000034_043,sub_000034,85.52,Pro plan - 2025-07
il_000034_044,in_000034_044,sub_000034,86.64,Pro plan - 2025-08
il_000034_045,in_000034_045,sub_000034,85.18,Pro plan - 2025-09
il_000034_046,in_000034_046,sub_000034,84.74,Pro plan - 2025-10
il_000034_047,in_000034_047,sub_000034,84.09,Pro plan - 2025-11
il_000034_048,in_000034_048,sub_000034,88.26,Pro plan - 2025-12
il_000034_049,in_000034_049,sub_000034,89.3,Pro plan - 2026-01
il_000034_050,in_000034_050,sub_000034,85.39,Pro plan - 2026-02
il_000034_051,in_000034_051,sub_000034,62.4,Pro plan - 2026-03
il_000034_052,in_000034_052,sub_000034,69.15,Pro plan - 2026-04
il_000034_053,in_000034_053,sub_000034,84.2,Pro plan - 2026-05
il_000034_054,in_000034_054,sub_000034,90.31,Pro plan - 2026-06
il_000034_055,in_000034_055,sub_000034,83.84,Pro plan - 2026-07
il_000034_056,in_000034_056,sub_000034,92.58,Pro plan - 2026-08
il_000034_057,in_000034_057,sub_000034,85.59,Pro plan - 2026-09
il_000034_058,in_000034_058,sub_000034,88.92,Pro plan - 2026-10
il_000034_059,in_000034_059,sub_000034,91.11,Pro plan - 2026-11
il_000034_060,in_000034_060,sub_000034,92.09,Pro plan - 2026-12
il_000034_061,in_000034_061,sub_000034,86.46,Pro plan - 2027-01
il_000034_062,in_000034_062,sub_000034,86.91,Pro plan - 2027-02
il_000034_063,in_000034_063,sub_000034,92.54,Pro plan - 2027-03
il_000034_064,in_000034_064,sub_000034,92.91,Pro plan - 2027-04
il_000034_065,in_000034_065,sub_000034,89.04,Pro plan - 2027-05
il_000034_066,in_000034_066,sub_000034,85.22,Pro plan - 2027-06
il_000034_067,in_000034_067,sub_000034,88.95,Pro plan - 2027-07
il_000034_068,in_000034_068,sub_000034,92.53,Pro plan - 2027-08
il_000034_069,in_000034_069,sub_000034,86.02,Pro plan - 2027-09
il_000034_070,in_000034_070,sub_000034,85.13,Pro plan - 2027-10
il_000034_071,in_000034_071,sub_000034,90.71,Pro plan - 2027-11
il_000034_072,in_000034_072,sub_000034,90.41,Pro plan - 2027-12
il_000034_073,in_000034_073,sub_000034,90.99,Pro plan - 2028-01
il_000034_074,in_000034_074,sub_000034,90.64,Pro plan - 2028-02
il_000034_075,in_000034_075,sub_000034,87.13,Pro plan - 2028-03
il_000034_076,in_000034_076,sub_000034,92.76,Pro plan - 2028-04
il_000034_077,in_000034_077,sub_000034,90.16,Pro plan - 2028-05
il_000034_078,in_000034_078,sub_000034,90.98,Pro plan - 2028-06
il_000034_079,in_000034_079,sub_000034,85.69,Pro plan - 2028-07
il_000034_080,in_000034_080,sub_000034,89.05,Pro plan - 2028-08
il_000034_081,in_000034_081,sub_000034,73.18,Pro plan - 2028-09
il_000034_082,in_000034_082,sub_000034,89.44,Pro plan - 2028-10
il_000034_083,in_000034_083,sub_000034,90.1,Pro plan - 2028-11
il_000034_084,in_000034_084,sub_000034,89.96,Pro plan - 2028-12
il_000035_001,in_000035_001,sub_000035,60.75,Pro plan - 2022-01
il_000035_002,in_000035_002,sub_000035,61.38,Pro plan - 2022-02
il_000035_003,in_000035_003,sub_000035,60.08,Pro plan - 2022-03
il_000035_004,in_000035_004,sub_000035,64.53,Pro plan - 2022-04
il_000035_005,in_000035_005,sub_000035,60.37,Pro plan - 2022-05
il_000035_006,in_000035_006,sub_000035,61.91,Pro plan - 2022-06
il_000035_007,in_000035_007,sub_000035,66.53,Pro plan - 2022-07
il_000035_008,in_000035_008,sub_000035,65.93,Pro plan - 2022-08
il_000035_009,in_000035_009,sub_000035,65.9,Pro plan - 2022-09
il_000035_010,in_000035_010,sub_000035,68.68,Pro plan - 2022-10
il_000035_011,in_000035_011,sub_000035,67.2,Pro plan - 2022-11
il_000035_012,in_000035_012,sub_000035,66.55,Pro plan - 2022-12
il_000035_013,in_000035_013,sub_000035,69.05,Pro plan - 2023-01
il_000035_014,in_000035_014,sub_000035,70.83,Pro plan - 2023-02
il_000035_015,in_000035_015,sub_000035,68.82,Pro plan - 2023-03
il_000035_016,in_000035_016,sub_000035,74.78,Pro plan - 2023-04
il_000035_017,in_000035_017,sub_000035,75.35,Pro plan - 2023-05
il_000035_018,in_000035_018,sub_000035,71.31,Pro plan - 2023-06
il_000035_019,in_000035_019,sub_000035,78.5,Pro plan - 2023-07
il_000035_020,in_000035_020,sub_000035,72.5,Pro plan - 2023-08
il_000035_021,in_000035_021,sub_000035,79.71,Pro plan - 2023-09
il_000035_022,in_000035_022,sub_000035,78.02,Pro plan - 2023-10
il_000035_023,in_000035_023,sub_000035,80.97,Pro plan - 2023-11
il_000035_024,in_000035_024,sub_000035,75.62,Pro plan - 2023-12
il_000035_025,in_000035_025,sub_000035,83.34,Pro plan - 2024-01
il_000035_026,in_000035_026,sub_000035,78.38,Pro plan - 2024-02
il_000035_027,in_000035_027,sub_000035,84.14,Pro plan - 2024-03
il_000035_028,in_000035_028,sub_000035,81.28,Pro plan - 2024-04
il_000035_029,in_000035_029,sub_000035,81.14,Pro plan - 2024-05
il_000035_030,in_000035_030,sub_000035,78.75,Pro plan - 2024-06
il_000035_031,in_000035_031,sub_000035,80.09,Pro plan - 2024-07
il_000035_032,in_000035_032,sub_000035,79.79,Pro plan - 2024-08
il_000035_033,in_000035_033,sub_000035,83.55,Pro plan - 2024-09
il_000035_034,in_000035_034,sub_000035,80.75,Pro plan - 2024-10
il_000035_035,in_000035_035,sub_000035,82.88,Pro plan - 2024-11
il_000035_036,in_000035_036,sub_000035,87.9,Pro plan - 2024-12
il_000035_037,in_000035_037,sub_000035,88.35,Pro plan - 2025-01
il_000035_038,in_000035_038,sub_000035,87.87,Pro plan - 2025-02
il_000035_039,in_000035_039,sub_000035,86.32,Pro plan - 2025-03
il_000035_040,in_000035_040,sub_000035,61.74,Pro plan - 2025-04
il_000035_041,in_000035_041,sub_000035,86.49,Pro plan - 2025-05
il_000035_042,in_000035_042,sub_000035,67.78,Pro plan - 2025-06
il_000035_043,in_000035_043,sub_000035,86.28,Pro plan - 2025-07
il_000035_044,in_000035_044,sub_000035,85.06,Pro plan - 2025-08
il_000035_045,in_000035_045,sub_000035,86.92,Pro plan - 2025-09
il_000035_046,in_000035_046,sub_000035,90.99,Pro plan - 2025-10
il_000035_047,in_000035_047,sub_000035,85.57,Pro plan - 2025-11
il_000035_048,in_000035_048,sub_000035,87.75,Pro plan - 2025-12
il_000035_049,in_000035_049,sub_000035,88.86,Pro plan - 2026-01
il_000035_050,in_000035_050,sub_000035,85.81,Pro plan - 2026-02
il_000035_051,in_000035_051,sub_000035,83.61,Pro plan - 2026-03
il_000035_052,in_000035_052,sub_000035,67.99,Pro plan - 2026-04
il_000035_053,in_000035_053,sub_000035,89.54,Pro plan - 2026-05
il_000035_054,in_000035_054,sub_000035,88.21,Pro plan - 2026-06
il_000035_055,in_000035_055,sub_000035,76.77,Pro plan - 2026-07
il_000035_056,in_000035_056,sub_000035,89.61,Pro plan - 2026-08
il_000035_057,in_000035_057,sub_000035,84.06,Pro plan - 2026-09
il_000035_058,in_000035_058,sub_000035,90.65,Pro plan - 2026-10
il_000035_059,in_000035_059,sub_000035,88.92,Pro plan - 2026-11
il_000035_060,in_000035_060,sub_000035,90.36,Pro plan - 2026-12
il_000035_061,in_000035_061,sub_000035,85.35,Pro plan - 2027-01
il_000035_062,in_000035_062,sub_000035,84.5,Pro plan - 2027-02
il_000035_063,in_000035_063,sub_000035,84.95,Pro plan - 2027-03
il_000035_064,in_000035_064,sub_000035,84.3,Pro plan - 2027-04
il_000035_065,in_000035_065,sub_000035,87.23,Pro plan - 2027-05
il_000035_066,in_000035_066,sub_000035,88.27,Pro plan - 2027-06
il_000035_067,in_000035_067,sub_000035,91.08,Pro plan - 2027-07
il_000035_068,in_000035_068,sub_000035,90.06,Pro plan - 2027-08
il_000035_069,in_000035_069,sub_000035,86.89,Pro plan - 2027-09
il_000035_070,in_000035_070,sub_000035,85.06,Pro plan - 2027-10
il_000035_071,in_000035_071,sub_000035,92.63,Pro plan - 2027-11
il_000035_072,in_000035_072,sub_000035,87.92,Pro plan - 2027-12
il_000035_073,in_000035_073,sub_000035,88.32,Pro plan - 2028-01
il_000035_074,in_000035_074,sub_000035,84.55,Pro plan - 2028-02
il_000035_075,in_000035_075,sub_000035,89.72,Pro plan - 2028-03
il_000035_076,in_000035_076,sub_000035,90.18,Pro plan - 2028-04
il_000035_077,in_000035_077,sub_000035,92.13,Pro plan - 2028-05
il_000035_078,in_000035_078,sub_000035,88.64,Pro plan - 2028-06
il_000035_079,in_000035_079,sub_000035,86.67,Pro plan - 2028-07
il_000035_080,in_000035_080,sub_000035,86.02,Pro plan - 2028-08
il_000035_081,in_000035_081,sub_000035,91.57,Pro plan - 2028-09
il_000035_082,in_000035_082,sub_000035,92.05,Pro plan - 2028-10
il_000035_083,in_000035_083,sub_000035,86.29,Pro plan - 2028-11
il_000035_084,in_000035_084,sub_000035,89.34,Pro plan - 2028-12
il_000036_001,in_000036_001,sub_000036,60.36,Pro plan - 2022-01
il_000036_002,in_000036_002,sub_000036,59.45,Pro plan - 2022-02
il_000036_003,in_000036_003,sub_000036,58.91,Pro plan - 2022-03
il_000036_004,in_000036_004,sub_000036,64.62,Pro plan - 2022-04
il_000036_005,in_000036_005,sub_000036,63.08,Pro plan - 2022-05
il_000036_006,in_000036_006,sub_000036,63.45,Pro plan - 2022-06
il_000036_007,in_000036_007,sub_000036,66.5,Pro plan - 2022-07
il_000036_008,in_000036_008,sub_000036,66.75,Pro plan - 2022-08
il_000036_009,in_000036_009,sub_000036,66.75,Pro plan - 2022-09
il_000036_010,in_000036_010,sub_000036,65.77,Pro plan - 2022-10
il_000036_011,in_000036_011,sub_000036,69.66,Pro plan - 2022-11
il_000036_012,in_000036_012,sub_000036,70.15,Pro plan - 2022-12
il_000036_013,in_000036_013,sub_000036,73.38,Pro plan - 2023-01
il_000036_014,in_000036_014,sub_000036,73.01,Pro plan - 2023-02
il_000036_015,in_000036_015,sub_000036,71.3,Pro plan - 2023-03
il_000036_016,in_000036_016,sub_000036,71.73,Pro plan - 2023-04
il_000036_017,in_000036_017,sub_000036,70.46,Pro plan - 2023-05
il_000036_018,in_000036_018,sub_000036,76.73,Pro plan - 2023-06
il_000036_019,in_000036_019,sub_000036,74.26,Pro plan - 2023-07
il_000036_020,in_000036_020,sub_000036,75.84,Pro plan - 2023-08
il_000036_021,in_000036_021,sub_000036,79.79,Pro plan - 2023-09
il_000036_022,in_000036_022,sub_000036,78.19,Pro plan - 2023-10
il_000036_023,in_000036_023,sub_000036,79.36,Pro plan - 2023-11
il_000036_024,in_000036_024,sub_000036,78.52,Pro plan - 2023-12
il_000036_025,in_000036_025,sub_000036,80.4,Pro plan - 2024-01
il_000036_026,in_000036_026,sub_000036,79.95,Pro plan - 2024-02
il_000036_027,in_000036_027,sub_000036,82.57,Pro plan - 2024-03
il_000036_028,in_000036_028,sub_000036,83.45,Pro plan - 2024-04
il_000036_029,in_000036_029,sub_000036,78.62,Pro plan - 2024-05
il_000036_030,in_000036_030,sub_000036,80.11,Pro plan - 2024-06
il_000036_031,in_000036_031,sub_000036,80.14,Pro plan - 2024-07
il_000036_032,in_000036_032,sub_000036,80.69,Pro plan - 2024-08
il_000036_033,in_000036_033,sub_000036,86.87,Pro plan - 2024-09
il_000036_034,in_000036_034,sub_000036,86.71,Pro plan - 2024-10
il_000036_035,in_000036_035,sub_000036,87.14,Pro plan - 2024-11
il_000036_036,in_000036_036,sub_000036,71.55,Pro plan - 2024-12
il_000036_037,in_000036_037,sub_000036,87.99,Pro plan - 2025-01
il_000036_038,in_000036_038,sub_000036,85.35,Pro plan - 2025-02
il_000036_039,in_000036_039,sub_000036,87.96,Pro plan - 2025-03
il_000036_040,in_000036_040,sub_000036,85.26,Pro plan - 2025-04
il_000036_041,in_000036_041,sub_000036,83.44,Pro plan - 2025-05
il_000036_042,in_000036_042,sub_000036,87.22,Pro plan - 2025-06
il_000036_043,in_000036_043,sub_000036,84.04,Pro plan - 2025-07
il_000036_044,in_000036_044,sub_000036,83.33,Pro plan - 2025-08
il_000036_045,in_000036_045,sub_000036,84.31,Pro plan - 2025-09
il_000036_046,in_000036_046,sub_000036,71.91,Pro plan - 2025-10
il_000036_047,in_000036_047,sub_000036,87.25,Pro plan - 2025-11
il_000036_048,in_000036_048,sub_000036,86.11,Pro plan - 2025-12
il_000036_049,in_000036_049,sub_000036,84.69,Pro plan - 2026-01
il_000036_050,in_000036_050,sub_000036,90.19,Pro plan - 2026-02
il_000036_051,in_000036_051,sub_000036,86.85,Pro plan - 2026-03
il_000036_052,in_000036_052,sub_000036,83.51,Pro plan - 2026-04
il_000036_053,in_000036_053,sub_000036,88.45,Pro plan - 2026-05
il_000036_054,in_000036_054,sub_000036,86.05,Pro plan - 2026-06
il_000036_055,in_000036_055,sub_000036,85.34,Pro plan - 2026-07
il_000036_056,in_000036_056,sub_000036,90.07,Pro plan - 2026-08
il_000036_057,in_000036_057,sub_000036,84.74,Pro plan - 2026-09
il_000036_058,in_000036_058,sub_000036,85.55,Pro plan - 2026-10
il_000036_059,in_000036_059,sub_000036,87.29,Pro plan - 2026-11
il_000036_060,in_000036_060,sub_000036,86.01,Pro plan - 2026-12
il_000036_061,in_000036_061,sub_000036,75.81,Pro plan - 2027-01
il_000036_062,in_000036_062,sub_000036,90.69,Pro plan - 2027-02
il_000036_063,in_000036_063,sub_000036,84.99,Pro plan - 2027-03
il_000036_064,in_000036_064,sub_000036,91.34,Pro plan - 2027-04
il_000036_065,in_000036_065,sub_000036,90.46,Pro plan - 2027-05
il_000036_066,in_000036_066,sub_000036,88.93,Pro plan - 2027-06
il_000036_067,in_000036_067,sub_000036,92.42,Pro plan - 2027-07
il_000036_068,in_000036_068,sub_000036,87.07,Pro plan - 2027-08
il_000036_069,in_000036_069,sub_000036,92.65,Pro plan - 2027-09
il_000036_070,in_000036_070,sub_000036,90.26,Pro plan - 2027-10
il_000036_071,in_000036_071,sub_000036,93.06,Pro plan - 2027-11
il_000036_072,in_000036_072,sub_000036,91.36,Pro plan - 2027-12
il_000036_073,in_000036_073,sub_000036,84.7,Pro plan - 2028-01
il_000036_074,in_000036_074,sub_000036,87.42,Pro plan - 2028-02
il_000036_075,in_000036_075,sub_000036,88.83,Pro plan - 2028-03
il_000036_076,in_000036_076,sub_000036,85.47,Pro plan - 2028-04
il_000036_077,in_000036_077,sub_000036,85.19,Pro plan - 2028-05
il_000036_078,in_000036_078,sub_000036,87.39,Pro plan - 2028-06
il_000036_079,in_000036_079,sub_000036,90.41,Pro plan - 2028-07
il_000036_080,in_000036_080,sub_000036,89.05,Pro plan - 2028-08
il_000036_081,in_000036_081,sub_000036,87.69,Pro plan - 2028-09
il_000036_082,in_000036_082,sub_000036,84.94,Pro plan - 2028-10
il_000036_083,in_000036_083,sub_000036,93.04,Pro plan - 2028-11
il_000036_084,in_000036_084,sub_000036,89.41,Pro plan - 2028-12
il_000037_001,in_000037_001,sub_000037,59.12,Pro plan - 2022-01
il_000037_002,in_000037_002,sub_000037,62.38,Pro plan - 2022-02
il_000037_003,in_000037_003,sub_000037,61.43,Pro plan - 2022-03
il_000037_004,in_000037_004,sub_000037,62.8,Pro plan - 2022-04
il_000037_005,in_000037_005,sub_000037,61.34,Pro plan - 2022-05
il_000037_006,in_000037_006,sub_000037,65.15,Pro plan - 2022-06
il_000037_007,in_000037_007,sub_000037,45.16,Pro plan - 2022-07
il_000037_008,in_000037_008,sub_000037,59.56,Pro plan - 2022-08
il_000037_009,in_000037_009,sub_000037,66.64,Pro plan - 2022-09
il_000037_010,in_000037_010,sub_000037,67.83,Pro plan - 2022-10
il_000037_011,in_000037_011,sub_000037,70.98,Pro plan - 2022-11
il_000037_012,in_000037_012,sub_000037,70.25,Pro plan - 2022-12
il_000037_013,in_000037_013,sub_000037,73.12,Pro plan - 2023-01
il_000037_014,in_000037_014,sub_000037,72.48,Pro plan - 2023-02
il_000037_015,in_000037_015,sub_000037,69.64,Pro plan - 2023-03
il_000037_016,in_000037_016,sub_000037,74.21,Pro plan - 2023-04
il_000037_017,in_000037_017,sub_000037,72.99,Pro plan - 2023-05
il_000037_018,in_000037_018,sub_000037,76.62,Pro plan - 2023-06
il_000037_019,in_000037_019,sub_000037,76.13,Pro plan - 2023-07
il_000037_020,in_000037_020,sub_000037,74.17,Pro plan - 2023-08
il_000037_021,in_000037_021,sub_000037,73.27,Pro plan - 2023-09
il_000037_022,in_000037_022,sub_000037,77.09,Pro plan - 2023-10
il_000037_023,in_000037_023,sub_000037,76.47,Pro plan - 2023-11
il_000037_024,in_000037_024,sub_000037,80.02,Pro plan - 2023-12
il_000037_025,in_000037_025,sub_000037,76.27,Pro plan - 2024-01
il_000037_026,in_000037_026,sub_000037,79.18,Pro plan - 2024-02
il_000037_027,in_000037_027,sub_000037,80.04,Pro plan - 2024-03
il_000037_028,in_000037_028,sub_000037,79.57,Pro plan - 2024-04
il_000037_029,in_000037_029,sub_000037,85.02,Pro plan - 2024-05
il_000037_030,in_000037_030,sub_000037,81.31,Pro plan - 2024-06
il_000037_031,in_000037_031,sub_000037,81.95,Pro plan - 2024-07
il_000037_032,in_000037_032,sub_000037,82.93,Pro plan - 2024-08
il_000037_033,in_000037_033,sub_000037,79.85,Pro plan - 2024-09
il_000037_034,in_000037_034,sub_000037,80.42,Pro plan - 2024-10
il_000037_035,in_000037_035,sub_000037,84.47,Pro plan - 2024-11
il_000037_036,in_000037_036,sub_000037,80.5,Pro plan - 2024-12
il_000037_037,in_000037_037,sub_000037,71.82,Pro plan - 2025-01
il_000037_038,in_000037_038,sub_000037,81.82,Pro plan - 2025-02
il_000037_039,in_000037_039,sub_000037,83.38,Pro plan - 2025-03
il_000037_040,in_000037_040,sub_000037,74.42,Pro plan - 2025-04
il_000037_041,in_000037_041,sub_000037,82.27,Pro plan - 2025-05
il_000037_042,in_000037_042,sub_000037,84.52,Pro plan - 2025-06
il_000037_043,in_000037_043,sub_000037,59.66,Pro plan - 2025-07
il_000037_044,in_000037_044,sub_000037,83.06,Pro plan - 2025-08
il_000037_045,in_000037_045,sub_000037,83.62,Pro plan - 2025-09
il_000037_046,in_000037_046,sub_000037,87.93,Pro plan - 2025-10
il_000037_047,in_000037_047,sub_000037,91.38,Pro plan - 2025-11
il_000037_048,in_000037_048,sub_000037,91.52,Pro plan - 2025-12
il_000037_049,in_000037_049,sub_000037,88.68,Pro plan - 2026-01
il_000037_050,in_000037_050,sub_000037,86.67,Pro plan - 2026-02
il_000037_051,in_000037_051,sub_000037,84.7,Pro plan - 2026-03
il_000037_052,in_000037_052,sub_000037,86.81,Pro plan - 2026-04
il_000037_053,in_000037_053,sub_000037,92.08,Pro plan - 2026-05
il_000037_054,in_000037_054,sub_000037,91.78,Pro plan - 2026-06
il_000037_055,in_000037_055,sub_000037,89.95,Pro plan - 2026-07
il_000037_056,in_000037_056,sub_000037,88.54,Pro plan - 2026-08
il_000037_057,in_000037_057,sub_000037,87.95,Pro plan - 2026-09
il_000037_058,in_000037_058,sub_000037,86.17,Pro plan - 2026-10
il_000037_059,in_000037_059,sub_000037,84.4,Pro plan - 2026-11
il_000037_060,in_000037_060,sub_000037,80.74,Pro plan - 2026-12
il_000037_061,in_000037_061,sub_000037,90.25,Pro plan - 2027-01
il_000037_062,in_000037_062,sub_000037,89.5,Pro plan - 2027-02
il_000037_063,in_000037_063,sub_000037,89.49,Pro plan - 2027-03
il_000037_064,in_000037_064,sub_000037,90.45,Pro plan - 2027-04
il_000037_065,in_000037_065,sub_000037,86.11,Pro plan - 2027-05
il_000037_066,in_000037_066,sub_000037,92.09,Pro plan - 2027-06
il_000037_067,in_000037_067,sub_000037,88.45,Pro plan - 2027-07
il_000037_068,in_000037_068,sub_000037,85.03,Pro plan - 2027-08
il_000037_069,in_000037_069,sub_000037,84.37,Pro plan - 2027-09
il_000037_070,in_000037_070,sub_000037,86.24,Pro plan - 2027-10
il_000037_071,in_000037_071,sub_000037,85.76,Pro plan - 2027-11
il_000037_072,in_000037_072,sub_000037,87.98,Pro plan - 2027-12
il_000037_073,in_000037_073,sub_000037,91.35,Pro plan - 2028-01
il_000037_074,in_000037_074,sub_000037,92.03,Pro plan - 2028-02
il_000037_075,in_000037_075,sub_000037,91.16,Pro plan - 2028-03
il_000037_076,in_000037_076,sub_000037,92.37,Pro plan - 2028-04
il_000037_077,in_000037_077,sub_000037,87.25,Pro plan - 2028-05
il_000037_078,in_000037_078,sub_000037,84.37,Pro plan - 2028-06
il_000037_079,in_000037_079,sub_000037,92.38,Pro plan - 2028-07
il_000037_080,in_000037_080,sub_000037,92.87,Pro plan - 2028-08
il_000037_081,in_000037_081,sub_000037,89.52,Pro plan - 2028-09
il_000037_082,in_000037_082,sub_000037,89.08,Pro plan - 2028-10
il_000037_083,in_000037_083,sub_000037,86.78,Pro plan - 2028-11
il_000037_084,in_000037_084,sub_000037,85.89,Pro plan - 2028-12
il_000038_001,in_000038_001,sub_000038,60.9,Pro plan - 2022-01
il_000038_002,in_000038_002,sub_000038,63.35,Pro plan - 2022-02
il_000038_003,in_000038_003,sub_000038,63.44,Pro plan - 2022-03
il_000038_004,in_000038_004,sub_000038,63.51,Pro plan - 2022-04
il_000038_005,in_000038_005,sub_000038,65.31,Pro plan - 2022-05
il_000038_006,in_000038_006,sub_000038,62.27,Pro plan - 2022-06
il_000038_007,in_000038_007,sub_000038,65.1,Pro plan - 2022-07
il_000038_008,in_000038_008,sub_000038,63.65,Pro plan - 2022-08
il_000038_009,in_000038_009,sub_000038,66.58,Pro plan - 2022-09
il_000038_010,in_000038_010,sub_000038,67.92,Pro plan - 2022-10
il_000038_011,in_000038_011,sub_000038,70.29,Pro plan - 2022-11
il_000038_012,in_000038_012,sub_000038,69.35,Pro plan - 2022-12
il_000038_013,in_000038_013,sub_000038,69.75,Pro plan - 2023-01
il_000038_014,in_000038_014,sub_000038,68.74,Pro plan - 2023-02
il_000038_015,in_000038_015,sub_000038,68.76,Pro plan - 2023-03
il_000038_016,in_000038_016,sub_000038,73.18,Pro plan - 2023-04
il_000038_017,in_000038_017,sub_000038,75.15,Pro plan - 2023-05
il_000038_018,in_000038_018,sub_000038,76.24,Pro plan - 2023-06
il_000038_019,in_000038_019,sub_000038,72.13,Pro plan - 2023-07
il_000038_020,in_000038_020,sub_000038,77.81,Pro plan - 2023-08
il_000038_021,in_000038_021,sub_000038,79.75,Pro plan - 2023-09
il_000038_022,in_000038_022,sub_000038,79.15,Pro plan - 2023-10
il_000038_023,in_000038_023,sub_000038,80.11,Pro plan - 2023-11
il_000038_024,in_000038_024,sub_000038,76.08,Pro plan - 2023-12
il_000038_025,in_000038_025,sub_000038,77.63,Pro plan - 2024-01
il_000038_026,in_000038_026,sub_000038,82.11,Pro plan - 2024-02
il_000038_027,in_000038_027,sub_000038,81.16,Pro plan - 2024-03
il_000038_028,in_000038_028,sub_000038,78.11,Pro plan - 2024-04
il_000038_029,in_000038_029,sub_000038,84.37,Pro plan - 2024-05
il_000038_030,in_000038_030,sub_000038,80.87,Pro plan - 2024-06
il_000038_031,in_000038_031,sub_000038,78.71,Pro plan - 2024-07
il_000038_032,in_000038_032,sub_000038,80.48,Pro plan - 2024-08
il_000038_033,in_000038_033,sub_000038,84.86,Pro plan - 2024-09
il_000038_034,in_000038_034,sub_000038,79.43,Pro plan - 2024-10
il_000038_035,in_000038_035,sub_000038,85.13,Pro plan - 2024-11
il_000038_036,in_000038_036,sub_000038,88.0,Pro plan - 2024-12
il_000038_037,in_000038_037,sub_000038,84.39,Pro plan - 2025-01
il_000038_038,in_000038_038,sub_000038,89.11,Pro plan - 2025-02
il_000038_039,in_000038_039,sub_000038,86.52,Pro plan - 2025-03
il_000038_040,in_000038_040,sub_000038,83.38,Pro plan - 2025-04
il_000038_041,in_000038_041,sub_000038,82.31,Pro plan - 2025-05
il_000038_042,in_000038_042,sub_000038,88.42,Pro plan - 2025-06
il_000038_043,in_000038_043,sub_000038,86.18,Pro plan - 2025-07
il_000038_044,in_000038_044,sub_000038,83.44,Pro plan - 2025-08
il_000038_045,in_000038_045,sub_000038,84.69,Pro plan - 2025-09
il_000038_046,in_000038_046,sub_000038,86.41,Pro plan - 2025-10
il_000038_047,in_000038_047,sub_000038,90.48,Pro plan - 2025-11
il_000038_048,in_000038_048,sub_000038,86.9,Pro plan - 2025-12
il_000038_049,in_000038_049,sub_000038,84.81,Pro plan - 2026-01
il_000038_050,in_000038_050,sub_000038,61.7,Pro plan - 2026-02
il_000038_051,in_000038_051,sub_000038,90.56,Pro plan - 2026-03
il_000038_052,in_000038_052,sub_000038,91.12,Pro plan - 2026-04
il_000038_053,in_000038_053,sub_000038,86.54,Pro plan - 2026-05
il_000038_054,in_000038_054,sub_000038,89.02,Pro plan - 2026-06
il_000038_055,in_000038_055,sub_000038,85.7,Pro plan - 2026-07
il_000038_056,in_000038_056,sub_000038,89.65,Pro plan - 2026-08
il_000038_057,in_000038_057,sub_000038,90.64,Pro plan - 2026-09
il_000038_058,in_000038_058,sub_000038,85.82,Pro plan - 2026-10
il_000038_059,in_000038_059,sub_000038,88.93,Pro plan - 2026-11
il_000038_060,in_000038_060,sub_000038,91.93,Pro plan - 2026-12
il_000038_061,in_000038_061,sub_000038,91.81,Pro plan - 2027-01
il_000038_062,in_000038_062,sub_000038,78.08,Pro plan - 2027-02
il_000038_063,in_000038_063,sub_000038,87.73,Pro plan - 2027-03
il_000038_064,in_000038_064,sub_000038,85.78,Pro plan - 2027-04
il_000038_065,in_000038_065,sub_000038,86.0,Pro plan - 2027-05
il_000038_066,in_000038_066,sub_000038,91.02,Pro plan - 2027-06
il_000038_067,in_000038_067,sub_000038,90.27,Pro plan - 2027-07
il_000038_068,in_000038_068,sub_000038,90.0,Pro plan - 2027-08
il_000038_069,in_000038_069,sub_000038,92.59,Pro plan - 2027-09
il_000038_070,in_000038_070,sub_000038,86.53,Pro plan - 2027-10
il_000038_071,in_000038_071,sub_000038,90.09,Pro plan - 2027-11
il_000038_072,in_000038_072,sub_000038,89.88,Pro plan - 2027-12
il_000038_073,in_000038_073,sub_000038,90.24,Pro plan - 2028-01
il_000038_074,in_000038_074,sub_000038,86.69,Pro plan - 2028-02
il_000038_075,in_000038_075,sub_000038,87.22,Pro plan - 2028-03
il_000038_076,in_000038_076,sub_000038,88.3,Pro plan - 2028-04
il_000038_077,in_000038_077,sub_000038,85.98,Pro plan - 2028-05
il_000038_078,in_000038_078,sub_000038,85.41,Pro plan - 2028-06
il_000038_079,in_000038_079,sub_000038,92.64,Pro plan - 2028-07
il_000038_080,in_000038_080,sub_000038,92.26,Pro plan - 2028-08
il_000038_081,in_000038_081,sub_000038,84.65,Pro plan - 2028-09
il_000038_082,in_000038_082,sub_000038,91.02,Pro plan - 2028-10
il_000038_083,in_000038_083,sub_000038,84.77,Pro plan - 2028-11
il_000038_084,in_000038_084,sub_000038,87.61,Pro plan - 2028-12
il_000039_001,in_000039_001,sub_000039,58.04,Pro plan - 2022-01
il_000039_002,in_000039_002,sub_000039,58.09,Pro plan - 2022-02
il_000039_003,in_000039_003,sub_000039,62.33,Pro plan - 2022-03
il_000039_004,in_000039_004,sub_000039,63.53,Pro plan - 2022-04
il_000039_005,in_000039_005,sub_000039,47.56,Pro plan - 2022-05
il_000039_006,in_000039_006,sub_000039,62.75,Pro plan - 2022-06
il_000039_007,in_000039_007,sub_000039,62.39,Pro plan - 2022-07
il_000039_008,in_000039_008,sub_000039,62.53,Pro plan - 2022-08
il_000039_009,in_000039_009,sub_000039,69.01,Pro plan - 2022-09
il_000039_010,in_000039_010,sub_000039,70.42,Pro plan - 2022-10
il_000039_011,in_000039_011,sub_000039,65.66,Pro plan - 2022-11
il_000039_012,in_000039_012,sub_000039,69.71,Pro plan - 2022-12
il_000039_013,in_000039_013,sub_000039,67.11,Pro plan - 2023-01
il_000039_014,in_000039_014,sub_000039,67.79,Pro plan - 2023-02
il_000039_015,in_000039_015,sub_000039,75.13,Pro plan - 2023-03
il_000039_016,in_000039_016,sub_000039,74.02,Pro plan - 2023-04
il_000039_017,in_000039_017,sub_000039,54.24,Pro plan - 2023-05
il_000039_018,in_000039_018,sub_000039,58.45,Pro plan - 2023-06
il_000039_019,in_000039_019,sub_000039,78.33,Pro plan - 2023-07
il_000039_020,in_000039_020,sub_000039,75.84,Pro plan - 2023-08
il_000039_021,in_000039_021,sub_000039,73.37,Pro plan - 2023-09
il_000039_022,in_000039_022,sub_000039,79.38,Pro plan - 2023-10
il_000039_023,in_000039_023,sub_000039,75.67,Pro plan - 2023-11
il_000039_024,in_000039_024,sub_000039,60.7,Pro plan - 2023-12
il_000039_025,in_000039_025,sub_000039,81.34,Pro plan - 2024-01
il_000039_026,in_000039_026,sub_000039,79.27,Pro plan - 2024-02
il_000039_027,in_000039_027,sub_000039,77.32,Pro plan - 2024-03
il_000039_028,in_000039_028,sub_000039,84.52,Pro plan - 2024-04
il_000039_029,in_000039_029,sub_000039,84.89,Pro plan - 2024-05
il_000039_030,in_000039_030,sub_000039,83.09,Pro plan - 2024-06
il_000039_031,in_000039_031,sub_000039,72.42,Pro plan - 2024-07
il_000039_032,in_000039_032,sub_000039,79.49,Pro plan - 2024-08
il_000039_033,in_000039_033,sub_000039,81.91,Pro plan - 2024-09
il_000039_034,in_000039_034,sub_000039,85.99,Pro plan - 2024-10
il_000039_035,in_000039_035,sub_000039,81.02,Pro plan - 2024-11
il_000039_036,in_000039_036,sub_000039,70.2,Pro plan - 2024-12
il_000039_037,in_000039_037,sub_000039,83.4,Pro plan - 2025-01
il_000039_038,in_000039_038,sub_000039,87.72,Pro plan - 2025-02
il_000039_039,in_000039_039,sub_000039,86.97,Pro plan - 2025-03
il_000039_040,in_000039_040,sub_000039,88.16,Pro plan - 2025-04
il_000039_041,in_000039_041,sub_000039,83.14,Pro plan - 2025-05
il_000039_042,in_000039_042,sub_000039,85.85,Pro plan - 2025-06
il_000039_043,in_000039_043,sub_000039,82.88,Pro plan - 2025-07
il_000039_044,in_000039_044,sub_000039,82.99,Pro plan - 2025-08
il_000039_045,in_000039_045,sub_000039,83.49,Pro plan - 2025-09
il_000039_046,in_000039_046,sub_000039,85.04,Pro plan - 2025-10
il_000039_047,in_000039_047,sub_000039,85.59,Pro plan - 2025-11
il_000039_048,in_000039_048,sub_000039,87.92,Pro plan - 2025-12
il_000039_049,in_000039_049,sub_000039,85.85,Pro plan - 2026-01
il_000039_050,in_000039_050,sub_000039,88.18,Pro plan - 2026-02
il_000039_051,in_000039_051,sub_000039,90.43,Pro plan - 2026-03
il_000039_052,in_000039_052,sub_000039,87.63,Pro plan - 2026-04
il_000039_053,in_000039_053,sub_000039,88.43,Pro plan - 2026-05
il_000039_054,in_000039_054,sub_000039,65.02,Pro plan - 2026-06
il_000039_055,in_000039_055,sub_000039,84.64,Pro plan - 2026-07
il_000039_056,in_000039_056,sub_000039,78.53,Pro plan - 2026-08
il_000039_057,in_000039_057,sub_000039,90.07,Pro plan - 2026-09
il_000039_058,in_000039_058,sub_000039,88.23,Pro plan - 2026-10
il_000039_059,in_000039_059,sub_000039,86.11,Pro plan - 2026-11
il_000039_060,in_000039_060,sub_000039,90.95,Pro plan - 2026-12
il_000039_061,in_000039_061,sub_000039,85.51,Pro plan - 2027-01
il_000039_062,in_000039_062,sub_000039,89.54,Pro plan - 2027-02
il_000039_063,in_000039_063,sub_000039,90.57,Pro plan - 2027-03
il_000039_064,in_000039_064,sub_000039,91.54,Pro plan - 2027-04
il_000039_065,in_000039_065,sub_000039,89.0,Pro plan - 2027-05
il_000039_066,in_000039_066,sub_000039,85.2,Pro plan - 2027-06
il_000039_067,in_000039_067,sub_000039,84.57,Pro plan - 2027-07
il_000039_068,in_000039_068,sub_000039,85.1,Pro plan - 2027-08
il_000039_069,in_000039_069,sub_000039,89.93,Pro plan - 2027-09
il_000039_070,in_000039_070,sub_000039,88.0,Pro plan - 2027-10
il_000039_071,in_000039_071,sub_000039,88.11,Pro plan - 2027-11
il_000039_072,in_000039_072,sub_000039,90.66,Pro plan - 2027-12
il_000039_073,in_000039_073,sub_000039,88.63,Pro plan - 2028-01
il_000039_074,in_000039_074,sub_000039,92.84,Pro plan - 2028-02
il_000039_075,in_000039_075,sub_000039,88.68,Pro plan - 2028-03
il_000039_076,in_000039_076,sub_000039,84.5,Pro plan - 2028-04
il_000039_077,in_000039_077,sub_000039,87.1,Pro plan - 2028-05
il_000039_078,in_000039_078,sub_000039,93.13,Pro plan - 2028-06
il_000039_079,in_000039_079,sub_000039,84.69,Pro plan - 2028-07
il_000039_080,in_000039_080,sub_000039,84.5,Pro plan - 2028-08
il_000039_081,in_000039_081,sub_000039,84.9,Pro plan - 2028-09
il_000039_082,in_000039_082,sub_000039,92.58,Pro plan - 2028-10
il_000039_083,in_000039_083,sub_000039,89.74,Pro plan - 2028-11
il_000039_084,in_000039_084,sub_000039,84.84,Pro plan - 2028-12
il_000040_001,in_000040_001,sub_000040,57.61,Pro plan - 2022-01
il_000040_002,in_000040_002,sub_000040,48.46,Pro plan - 2022-02
il_000040_003,in_000040_003,sub_000040,62.75,Pro plan - 2022-03
il_000040_004,in_000040_004,sub_000040,62.86,Pro plan - 2022-04
il_000040_005,in_000040_005,sub_000040,62.36,Pro plan - 2022-05
il_000040_006,in_000040_006,sub_000040,63.72,Pro plan - 2022-06
il_000040_007,in_000040_007,sub_000040,67.28,Pro plan - 2022-07
il_000040_008,in_000040_008,sub_000040,62.24,Pro plan - 2022-08
il_000040_009,in_000040_009,sub_000040,65.37,Pro plan - 2022-09
il_000040_010,in_000040_010,sub_000040,67.34,Pro plan - 2022-10
il_000040_011,in_000040_011,sub_000040,66.68,Pro plan - 2022-11
il_000040_012,in_000040_012,sub_000040,67.91,Pro plan - 2022-12
il_000040_013,in_000040_013,sub_000040,67.54,Pro plan - 2023-01
il_000040_014,in_000040_014,sub_000040,70.81,Pro plan - 2023-02
il_000040_015,in_000040_015,sub_000040,73.76,Pro plan - 2023-03
il_000040_016,in_000040_016,sub_000040,74.48,Pro plan - 2023-04
il_000040_017,in_000040_017,sub_000040,69.92,Pro plan - 2023-05
il_000040_018,in_000040_018,sub_000040,70.78,Pro plan - 2023-06
il_000040_019,in_000040_019,sub_000040,75.02,Pro plan - 2023-07
il_000040_020,in_000040_020,sub_000040,76.37,Pro plan - 2023-08
il_000040_021,in_000040_021,sub_000040,78.13,Pro plan - 2023-09
il_000040_022,in_000040_022,sub_000040,76.2,Pro plan - 2023-10
il_000040_023,in_000040_023,sub_000040,79.14,Pro plan - 2023-11
il_000040_024,in_000040_024,sub_000040,77.85,Pro plan - 2023-12
il_000040_025,in_000040_025,sub_000040,81.29,Pro plan - 2024-01
il_000040_026,in_000040_026,sub_000040,77.24,Pro plan - 2024-02
il_000040_027,in_000040_027,sub_000040,61.06,Pro plan - 2024-03
il_000040_028,in_000040_028,sub_000040,78.29,Pro plan - 2024-04
il_000040_029,in_000040_029,sub_000040,57.95,Pro plan - 2024-05
il_000040_030,in_000040_030,sub_000040,81.5,Pro plan - 2024-06
il_000040_031,in_000040_031,sub_000040,80.54,Pro plan - 2024-07
il_000040_032,in_000040_032,sub_000040,86.21,Pro plan - 2024-08
il_000040_033,in_000040_033,sub_000040,80.67,Pro plan - 2024-09
il_000040_034,in_000040_034,sub_000040,83.98,Pro plan - 2024-10
il_000040_035,in_000040_035,sub_000040,83.48,Pro plan - 2024-11
il_000040_036,in_000040_036,sub_000040,81.36,Pro plan - 2024-12
il_000040_037,in_000040_037,sub_000040,66.82,Pro plan - 2025-01
il_000040_038,in_000040_038,sub_000040,88.7,Pro plan - 2025-02
il_000040_039,in_000040_039,sub_000040,81.97,Pro plan - 2025-03
il_000040_040,in_000040_040,sub_000040,86.8,Pro plan - 2025-04
il_000040_041,in_000040_041,sub_000040,88.63,Pro plan - 2025-05
il_000040_042,in_000040_042,sub_000040,89.49,Pro plan - 2025-06
il_000040_043,in_000040_043,sub_000040,88.91,Pro plan - 2025-07
il_000040_044,in_000040_044,sub_000040,84.3,Pro plan - 2025-08
il_000040_045,in_000040_045,sub_000040,83.22,Pro plan - 2025-09
il_000040_046,in_000040_046,sub_000040,83.73,Pro plan - 2025-10
il_000040_047,in_000040_047,sub_000040,83.26,Pro plan - 2025-11
il_000040_048,in_000040_048,sub_000040,85.03,Pro plan - 2025-12
il_000040_049,in_000040_049,sub_000040,90.11,Pro plan - 2026-01
il_000040_050,in_000040_050,sub_000040,90.76,Pro plan - 2026-02
il_000040_051,in_000040_051,sub_000040,86.4,Pro plan - 2026-03
il_000040_052,in_000040_052,sub_000040,87.02,Pro plan - 2026-04
il_000040_053,in_000040_053,sub_000040,88.22,Pro plan - 2026-05
il_000040_054,in_000040_054,sub_000040,91.39,Pro plan - 2026-06
il_000040_055,in_000040_055,sub_000040,90.99,Pro plan - 2026-07
il_000040_056,in_000040_056,sub_000040,88.75,Pro plan - 2026-08
il_000040_057,in_000040_057,sub_000040,86.11,Pro plan - 2026-09
il_000040_058,in_000040_058,sub_000040,88.98,Pro plan - 2026-10
il_000040_059,in_000040_059,sub_000040,67.88,Pro plan - 2026-11
il_000040_060,in_000040_060,sub_000040,86.52,Pro plan - 2026-12
il_000040_061,in_000040_061,sub_000040,84.63,Pro plan - 2027-01
il_000040_062,in_000040_062,sub_000040,92.07,Pro plan - 2027-02
il_000040_063,in_000040_063,sub_000040,90.29,Pro plan - 2027-03
il_000040_064,in_000040_064,sub_000040,87.18,Pro plan - 2027-04
il_000040_065,in_000040_065,sub_000040,90.41,Pro plan - 2027-05
il_000040_066,in_000040_066,sub_000040,59.15,Pro plan - 2027-06
il_000040_067,in_000040_067,sub_000040,91.21,Pro plan - 2027-07
il_000040_068,in_000040_068,sub_000040,68.43,Pro plan - 2027-08
il_000040_069,in_000040_069,sub_000040,88.27,Pro plan - 2027-09
il_000040_070,in_000040_070,sub_000040,84.33,Pro plan - 2027-10
il_000040_071,in_000040_071,sub_000040,90.93,Pro plan - 2027-11
il_000040_072,in_000040_072,sub_000040,89.77,Pro plan - 2027-12
il_000040_073,in_000040_073,sub_000040,87.02,Pro plan - 2028-01
il_000040_074,in_000040_074,sub_000040,88.16,Pro plan - 2028-02
il_000040_075,in_000040_075,sub_000040,89.17,Pro plan - 2028-03
il_000040_076,in_000040_076,sub_000040,89.17,Pro plan - 2028-04
il_000040_077,in_000040_077,sub_000040,91.6,Pro plan - 2028-05
il_000040_078,in_000040_078,sub_000040,92.54,Pro plan - 2028-06
il_000040_079,in_000040_079,sub_000040,88.19,Pro plan - 2028-07
il_000040_080,in_000040_080,sub_000040,91.71,Pro plan - 2028-08
il_000040_081,in_000040_081,sub_000040,90.48,Pro plan - 2028-09
il_000040_082,in_000040_082,sub_000040,90.27,Pro plan - 2028-10
il_000040_083,in_000040_083,sub_000040,86.12,Pro plan - 2028-11
il_000040_084,in_000040_084,sub_000040,65.22,Pro plan - 2028-12
il_000041_001,in_000041_001,sub_000041,60.66,Pro plan - 2022-01
il_000041_002,in_000041_002,sub_000041,62.66,Pro plan - 2022-02
il_000041_003,in_000041_003,sub_000041,63.06,Pro plan - 2022-03
il_000041_004,in_000041_004,sub_000041,64.41,Pro plan - 2022-04
il_000041_005,in_000041_005,sub_000041,48.87,Pro plan - 2022-05
il_000041_006,in_000041_006,sub_000041,65.07,Pro plan - 2022-06
il_000041_007,in_000041_007,sub_000041,64.39,Pro plan - 2022-07
il_000041_008,in_000041_008,sub_000041,66.52,Pro plan - 2022-08
il_000041_009,in_000041_009,sub_000041,69.3,Pro plan - 2022-09
il_000041_010,in_000041_010,sub_000041,70.45,Pro plan - 2022-10
il_000041_011,in_000041_011,sub_000041,70.95,Pro plan - 2022-11
il_000041_012,in_000041_012,sub_000041,69.77,Pro plan - 2022-12
il_000041_013,in_000041_013,sub_000041,70.24,Pro plan - 2023-01
il_000041_014,in_000041_014,sub_000041,70.94,Pro plan - 2023-02
il_000041_015,in_000041_015,sub_000041,68.85,Pro plan - 2023-03
il_000041_016,in_000041_016,sub_000041,72.54,Pro plan - 2023-04
il_000041_017,in_000041_017,sub_000041,70.48,Pro plan - 2023-05
il_000041_018,in_000041_018,sub_000041,76.71,Pro plan - 2023-06
il_000041_019,in_000041_019,sub_000041,57.71,Pro plan - 2023-07
il_000041_020,in_000041_020,sub_000041,73.36,Pro plan - 2023-08
il_000041_021,in_000041_021,sub_000041,79.03,Pro plan - 2023-09
il_000041_022,in_000041_022,sub_000041,78.33,Pro plan - 2023-10
il_000041_023,in_000041_023,sub_000041,76.93,Pro plan - 2023-11
il_000041_024,in_000041_024,sub_000041,79.67,Pro plan - 2023-12
il_000041_025,in_000041_025,sub_000041,77.55,Pro plan - 2024-01
il_000041_026,in_000041_026,sub_000041,79.94,Pro plan - 2024-02
il_000041_027,in_000041_027,sub_000041,84.6,Pro plan - 2024-03
il_000041_028,in_000041_028,sub_000041,83.87,Pro plan - 2024-04
il_000041_029,in_000041_029,sub_000041,81.88,Pro plan - 2024-05
il_000041_030,in_000041_030,sub_000041,82.03,Pro plan - 2024-06
il_000041_031,in_000041_031,sub_000041,84.75,Pro plan - 2024-07
il_000041_032,in_000041_032,sub_000041,86.24,Pro plan - 2024-08
il_000041_033,in_000041_033,sub_000041,83.26,Pro plan - 2024-09
il_000041_034,in_000041_034,sub_000041,83.6,Pro plan - 2024-10
il_000041_035,in_000041_035,sub_000041,81.34,Pro plan - 2024-11
il_000041_036,in_000041_036,sub_000041,87.05,Pro plan - 2024-12
il_000041_037,in_000041_037,sub_000041,84.69,Pro plan - 2025-01
il_000041_038,in_000041_038,sub_000041,83.43,Pro plan - 2025-02
il_000041_039,in_000041_039,sub_000041,82.23,Pro plan - 2025-03
il_000041_040,in_000041_040,sub_000041,85.07,Pro plan - 2025-04
il_000041_041,in_000041_041,sub_000041,84.79,Pro plan - 2025-05
il_000041_042,in_000041_042,sub_000041,83.9,Pro plan - 2025-06
il_000041_043,in_000041_043,sub_000041,82.54,Pro plan - 2025-07
il_000041_044,in_000041_044,sub_000041,88.97,Pro plan - 2025-08
il_000041_045,in_000041_045,sub_000041,88.61,Pro plan - 2025-09
il_000041_046,in_000041_046,sub_000041,89.52,Pro plan - 2025-10
il_000041_047,in_000041_047,sub_000041,87.0,Pro plan - 2025-11
il_000041_048,in_000041_048,sub_000041,85.56,Pro plan - 2025-12
il_000041_049,in_000041_049,sub_000041,86.09,Pro plan - 2026-01
il_000041_050,in_000041_050,sub_000041,58.89,Pro plan - 2026-02
il_000041_051,in_000041_051,sub_000041,91.03,Pro plan - 2026-03
il_000041_052,in_000041_052,sub_000041,91.84,Pro plan - 2026-04
il_000041_053,in_000041_053,sub_000041,86.09,Pro plan - 2026-05
il_000041_054,in_000041_054,sub_000041,88.07,Pro plan - 2026-06
il_000041_055,in_000041_055,sub_000041,80.16,Pro plan - 2026-07
il_000041_056,in_000041_056,sub_000041,86.01,Pro plan - 2026-08
il_000041_057,in_000041_057,sub_000041,85.91,Pro plan - 2026-09
il_000041_058,in_000041_058,sub_000041,86.9,Pro plan - 2026-10
il_000041_059,in_000041_059,sub_000041,91.97,Pro plan - 2026-11
il_000041_060,in_000041_060,sub_000041,90.34,Pro plan - 2026-12
il_000041_061,in_000041_061,sub_000041,85.69,Pro plan - 2027-01
il_000041_062,in_000041_062,sub_000041,92.82,Pro plan - 2027-02
il_000041_063,in_000041_063,sub_000041,86.73,Pro plan - 2027-03
il_000041_064,in_000041_064,sub_000041,91.68,Pro plan - 2027-04
il_000041_065,in_000041_065,sub_000041,89.24,Pro plan - 2027-05
il_000041_066,in_000041_066,sub_000041,90.23,Pro plan - 2027-06
il_000041_067,in_000041_067,sub_000041,85.95,Pro plan - 2027-07
il_000041_068,in_000041_068,sub_000041,92.83,Pro plan - 2027-08
il_000041_069,in_000041_069,sub_000041,87.96,Pro plan - 2027-09
il_000041_070,in_000041_070,sub_000041,84.82,Pro plan - 2027-10
il_000041_071,in_000041_071,sub_000041,86.19,Pro plan - 2027-11
il_000041_072,in_000041_072,sub_000041,89.01,Pro plan - 2027-12
il_000041_073,in_000041_073,sub_000041,84.54,Pro plan - 2028-01
il_000041_074,in_000041_074,sub_000041,85.83,Pro plan - 2028-02
il_000041_075,in_000041_075,sub_000041,90.97,Pro plan - 2028-03
il_000041_076,in_000041_076,sub_000041,87.72,Pro plan - 2028-04
il_000041_077,in_000041_077,sub_000041,91.89,Pro plan - 2028-05
il_000041_078,in_000041_078,sub_000041,86.13,Pro plan - 2028-06
il_000041_079,in_000041_079,sub_000041,86.07,Pro plan - 2028-07
il_000041_080,in_000041_080,sub_000041,85.0,Pro plan - 2028-08
il_000041_081,in_000041_081,sub_000041,87.97,Pro plan - 2028-09
il_000041_082,in_000041_082,sub_000041,84.78,Pro plan - 2028-10
il_000041_083,in_000041_083,sub_000041,92.33,Pro plan - 2028-11
il_000041_084,in_000041_084,sub_000041,90.3,Pro plan - 2028-12
il_000042_001,in_000042_001,sub_000042,19.37,Basic plan - 2022-01
il_000043_001,in_000043_001,sub_000043,19.65,Basic plan - 2022-01
il_000043_002,in_000043_002,sub_000043,20.31,Basic plan - 2022-02
il_000044_001,in_000044_001,sub_000044,20.81,Basic plan - 2022-01
il_000044_002,in_000044_002,sub_000044,20.39,Basic plan - 2022-02
il_000044_003,in_000044_003,sub_000044,19.74,Basic plan - 2022-03
il_000045_001,in_000045_001,sub_000045,19.19,Basic plan - 2022-01
il_000045_002,in_000045_002,sub_000045,20.52,Basic plan - 2022-02
il_000045_003,in_000045_003,sub_000045,20.17,Basic plan - 2022-03
il_000045_004,in_000045_004,sub_000045,20.86,Basic plan - 2022-04
il_000045_005,in_000045_005,sub_000045,20.27,Basic plan - 2022-05
il_000045_006,in_000045_006,sub_000045,19.86,Basic plan - 2022-06
il_000045_007,in_000045_007,sub_000045,21.14,Basic plan - 2022-07
il_000045_008,in_000045_008,sub_000045,20.47,Basic plan - 2022-08
il_000045_009,in_000045_009,sub_000045,21.21,Basic plan - 2022-09
il_000045_010,in_000045_010,sub_000045,20.46,Basic plan - 2022-10
il_000045_011,in_000045_011,sub_000045,20.08,Basic plan - 2022-11
il_000045_012,in_000045_012,sub_000045,20.86,Basic plan - 2022-12
il_000045_013,in_000045_013,sub_000045,21.86,Basic plan - 2023-01
il_000045_014,in_000045_014,sub_000045,21.36,Basic plan - 2023-02
il_000045_015,in_000045_015,sub_000045,21.2,Basic plan - 2023-03
il_000045_016,in_000045_016,sub_000045,20.25,Basic plan - 2023-04
il_000045_017,in_000045_017,sub_000045,22.12,Basic plan - 2023-05
il_000045_018,in_000045_018,sub_000045,22.09,Basic plan - 2023-06
il_000045_019,in_000045_019,sub_000045,17.79,Basic plan - 2023-07
il_000045_020,in_000045_020,sub_000045,21.58,Basic plan - 2023-08
il_000045_021,in_000045_021,sub_000045,20.71,Basic plan - 2023-09
il_000045_022,in_000045_022,sub_000045,21.68,Basic plan - 2023-10
il_000045_023,in_000045_023,sub_000045,21.36,Basic plan - 2023-11
il_000045_024,in_000045_024,sub_000045,21.86,Basic plan - 2023-12
il_000045_025,in_000045_025,sub_000045,15.97,Basic plan - 2024-01
il_000045_026,in_000045_026,sub_000045,21.14,Basic plan - 2024-02
il_000045_027,in_000045_027,sub_000045,21.49,Basic plan - 2024-03
il_000045_028,in_000045_028,sub_000045,21.7,Basic plan - 2024-04
il_000045_029,in_000045_029,sub_000045,22.0,Basic plan - 2024-05
il_000045_030,in_000045_030,sub_000045,17.79,Basic plan - 2024-06
il_000046_001,in_000046_001,sub_000046,20.07,Basic plan - 2022-01
il_000046_002,in_000046_002,sub_000046,20.99,Basic plan - 2022-02
il_000046_003,in_000046_003,sub_000046,21.13,Basic plan - 2022-03
il_000046_004,in_000046_004,sub_000046,20.78,Basic plan - 2022-04
il_000046_005,in_000046_005,sub_000046,20.49,Basic plan - 2022-05
il_000046_006,in_000046_006,sub_000046,20.65,Basic plan - 2022-06
il_000046_007,in_000046_007,sub_000046,20.86,Basic plan - 2022-07
il_000046_008,in_000046_008,sub_000046,20.91,Basic plan - 2022-08
il_000046_009,in_000046_009,sub_000046,21.46,Basic plan - 2022-09
il_000046_010,in_000046_010,sub_000046,19.88,Basic plan - 2022-10
il_000046_011,in_000046_011,sub_000046,19.9,Basic plan - 2022-11
il_000046_012,in_000046_012,sub_000046,20.02,Basic plan - 2022-12
il_000046_013,in_000046_013,sub_000046,21.11,Basic plan - 2023-01
il_000046_014,in_000046_014,sub_000046,20.63,Basic plan - 2023-02
il_000046_015,in_000046_015,sub_000046,20.37,Basic plan - 2023-03
il_000046_016,in_000046_016,sub_000046,20.58,Basic plan - 2023-04
il_000046_017,in_000046_017,sub_000046,20.73,Basic plan - 2023-05
il_000046_018,in_000046_018,sub_000046,20.61,Basic plan - 2023-06
il_000046_019,in_000046_019,sub_000046,22.08,Basic plan - 2023-07
il_000046_020,in_000046_020,sub_000046,20.97,Basic plan - 2023-08
il_000046_021,in_000046_021,sub_000046,21.62,Basic plan - 2023-09
il_000046_022,in_000046_022,sub_000046,22.25,Basic plan - 2023-10
il_000046_023,in_000046_023,sub_000046,21.8,Basic plan - 2023-11
il_000046_024,in_000046_024,sub_000046,22.15,Basic plan - 2023-12
il_000046_025,in_000046_025,sub_000046,22.44,Basic plan - 2024-01
il_000046_026,in_000046_026,sub_000046,23.14,Basic plan - 2024-02
il_000046_027,in_000046_027,sub_000046,17.86,Basic plan - 2024-03
il_000046_028,in_000046_028,sub_000046,21.41,Basic plan - 2024-04
il_000046_029,in_000046_029,sub_000046,23.06,Basic plan - 2024-05
il_000046_030,in_000046_030,sub_000046,21.56,Basic plan - 2024-06
il_000046_031,in_000046_031,sub_000046,21.78,Basic plan - 2024-07
il_000046_032,in_000046_032,sub_000046,21.32,Basic plan - 2024-08
il_000046_033,in_000046_033,sub_000046,23.03,Basic plan - 2024-09
il_000046_034,in_000046_034,sub_000046,21.72,Basic plan - 2024-10
il_000046_035,in_000046_035,sub_000046,23.34,Basic plan - 2024-11
il_000046_036,in_000046_036,sub_000046,22.9,Basic plan - 2024-12
il_000046_037,in_000046_037,sub_000046,23.34,Basic plan - 2025-01
il_000046_038,in_000046_038,sub_000046,22.65,Basic plan - 2025-02
il_000046_039,in_000046_039,sub_000046,22.13,Basic plan - 2025-03
il_000046_040,in_000046_040,sub_000046,21.61,Basic plan - 2025-04
il_000046_041,in_000046_041,sub_000046,23.42,Basic plan - 2025-05
il_000046_042,in_000046_042,sub_000046,21.97,Basic plan - 2025-06
il_000046_043,in_000046_043,sub_000046,22.87,Basic plan - 2025-07
il_000046_044,in_000046_044,sub_000046,17.63,Basic plan - 2025-08
il_000046_045,in_000046_045,sub_000046,23.91,Basic plan - 2025-09
il_000046_046,in_000046_046,sub_000046,23.95,Basic plan - 2025-10
il_000046_047,in_000046_047,sub_000046,22.44,Basic plan - 2025-11
il_000046_048,in_000046_048,sub_000046,23.39,Basic plan - 2025-12
il_000046_049,in_000046_049,sub_000046,22.82,Basic plan - 2026-01
il_000046_050,in_000046_050,sub_000046,23.67,Basic plan - 2026-02
il_000046_051,in_000046_051,sub_000046,24.15,Basic plan - 2026-03
il_000046_052,in_000046_052,sub_000046,23.71,Basic plan - 2026-04
il_000046_053,in_000046_053,sub_000046,18.29,Basic plan - 2026-05
il_000046_054,in_000046_054,sub_000046,23.82,Basic plan - 2026-06
il_000046_055,in_000046_055,sub_000046,19.45,Basic plan - 2026-07
il_000046_056,in_000046_056,sub_000046,23.27,Basic plan - 2026-08
il_000046_057,in_000046_057,sub_000046,23.91,Basic plan - 2026-09
il_000046_058,in_000046_058,sub_000046,23.94,Basic plan - 2026-10
il_000046_059,in_000046_059,sub_000046,24.14,Basic plan - 2026-11
il_000046_060,in_000046_060,sub_000046,22.04,Basic plan - 2026-12
il_000046_061,in_000046_061,sub_000046,22.02,Basic plan - 2027-01
il_000046_062,in_000046_062,sub_000046,23.71,Basic plan - 2027-02
il_000046_063,in_000046_063,sub_000046,22.87,Basic plan - 2027-03
il_000046_064,in_000046_064,sub_000046,23.08,Basic plan - 2027-04
il_000046_065,in_000046_065,sub_000046,22.94,Basic plan - 2027-05
il_000046_066,in_000046_066,sub_000046,24.14,Basic plan - 2027-06
il_000046_067,in_000046_067,sub_000046,21.88,Basic plan - 2027-07
il_000046_068,in_000046_068,sub_000046,23.12,Basic plan - 2027-08
il_000046_069,in_000046_069,sub_000046,24.01,Basic plan - 2027-09
il_000046_070,in_000046_070,sub_000046,23.05,Basic plan - 2027-10
il_000046_071,in_000046_071,sub_000046,22.44,Basic plan - 2027-11
il_000046_072,in_000046_072,sub_000046,21.86,Basic plan - 2027-12
il_000046_073,in_000046_073,sub_000046,24.0,Basic plan - 2028-01
il_000046_074,in_000046_074,sub_000046,23.81,Basic plan - 2028-02
il_000046_075,in_000046_075,sub_000046,23.75,Basic plan - 2028-03
il_000046_076,in_000046_076,sub_000046,23.27,Basic plan - 2028-04
il_000046_077,in_000046_077,sub_000046,22.31,Basic plan - 2028-05
il_000046_078,in_000046_078,sub_000046,21.99,Basic plan - 2028-06
il_000046_079,in_000046_079,sub_000046,23.78,Basic plan - 2028-07
il_000046_080,in_000046_080,sub_000046,22.08,Basic plan - 2028-08
il_000046_081,in_000046_081,sub_000046,22.01,Basic plan - 2028-09
il_000046_082,in_000046_082,sub_000046,23.78,Basic plan - 2028-10
il_000046_083,in_000046_083,sub_000046,17.46,Basic plan - 2028-11
il_000046_084,in_000046_084,sub_000046,23.72,Basic plan - 2028-12
il_000047_001,in_000047_001,sub_000047,19.25,Basic plan - 2022-01
il_000047_002,in_000047_002,sub_000047,19.53,Basic plan - 2022-02
il_000047_003,in_000047_003,sub_000047,21.04,Basic plan - 2022-03
il_000047_004,in_000047_004,sub_000047,20.96,Basic plan - 2022-04
il_000047_005,in_000047_005,sub_000047,20.94,Basic plan - 2022-05
il_000047_006,in_000047_006,sub_000047,19.46,Basic plan - 2022-06
il_000047_007,in_000047_007,sub_000047,19.49,Basic plan - 2022-07
il_000047_008,in_000047_008,sub_000047,20.89,Basic plan - 2022-08
il_000047_009,in_000047_009,sub_000047,20.22,Basic plan - 2022-09
il_000047_010,in_000047_010,sub_000047,21.2,Basic plan - 2022-10
il_000047_011,in_000047_011,sub_000047,20.89,Basic plan - 2022-11
il_000047_012,in_000047_012,sub_000047,21.9,Basic plan - 2022-12
il_000047_013,in_000047_013,sub_000047,20.2,Basic plan - 2023-01
il_000047_014,in_000047_014,sub_000047,21.28,Basic plan - 2023-02
il_000047_015,in_000047_015,sub_000047,21.04,Basic plan - 2023-03
il_000047_016,in_000047_016,sub_000047,20.46,Basic plan - 2023-04
il_000047_017,in_000047_017,sub_000047,20.65,Basic plan - 2023-05
il_000047_018,in_000047_018,sub_000047,20.75,Basic plan - 2023-06
il_000047_019,in_000047_019,sub_000047,20.89,Basic plan - 2023-07
il_000047_020,in_000047_020,sub_000047,20.61,Basic plan - 2023-08
il_000047_021,in_000047_021,sub_000047,21.34,Basic plan - 2023-09
il_000047_022,in_000047_022,sub_000047,21.76,Basic plan - 2023-10
il_000047_023,in_000047_023,sub_000047,22.82,Basic plan - 2023-11
il_000047_024,in_000047_024,sub_000047,21.24,Basic plan - 2023-12
il_000047_025,in_000047_025,sub_000047,22.23,Basic plan - 2024-01
il_000047_026,in_000047_026,sub_000047,22.67,Basic plan - 2024-02
il_000047_027,in_000047_027,sub_000047,22.48,Basic plan - 2024-03
il_000047_028,in_000047_028,sub_000047,22.05,Basic plan - 2024-04
il_000047_029,in_000047_029,sub_000047,22.8,Basic plan - 2024-05
il_000047_030,in_000047_030,sub_000047,22.9,Basic plan - 2024-06
il_000047_031,in_000047_031,sub_000047,19.34,Basic plan - 2024-07
il_000047_032,in_000047_032,sub_000047,22.3,Basic plan - 2024-08
il_000047_033,in_000047_033,sub_000047,23.36,Basic plan - 2024-09
il_000047_034,in_000047_034,sub_000047,23.3,Basic plan - 2024-10
il_000047_035,in_000047_035,sub_000047,22.22,Basic plan - 2024-11
il_000047_036,in_000047_036,sub_000047,23.1,Basic plan - 2024-12
il_000047_037,in_000047_037,sub_000047,22.05,Basic plan - 2025-01
il_000047_038,in_000047_038,sub_000047,20.43,Basic plan - 2025-02
il_000047_039,in_000047_039,sub_000047,22.69,Basic plan - 2025-03
il_000047_040,in_000047_040,sub_000047,21.97,Basic plan - 2025-04
il_000047_041,in_000047_041,sub_000047,22.12,Basic plan - 2025-05
il_000047_042,in_000047_042,sub_000047,22.49,Basic plan - 2025-06
il_000047_043,in_000047_043,sub_000047,21.97,Basic plan - 2025-07
il_000047_044,in_000047_044,sub_000047,21.76,Basic plan - 2025-08
il_000047_045,in_000047_045,sub_000047,23.79,Basic plan - 2025-09
il_000047_046,in_000047_046,sub_000047,22.61,Basic plan - 2025-10
il_000047_047,in_000047_047,sub_000047,23.09,Basic plan - 2025-11
il_000047_048,in_000047_048,sub_000047,22.36,Basic plan - 2025-12
il_000047_049,in_000047_049,sub_000047,18.87,Basic plan - 2026-01
il_000047_050,in_000047_050,sub_000047,23.87,Basic plan - 2026-02
il_000047_051,in_000047_051,sub_000047,22.1,Basic plan - 2026-03
il_000047_052,in_000047_052,sub_000047,22.73,Basic plan - 2026-04
il_000047_053,in_000047_053,sub_000047,16.92,Basic plan - 2026-05
il_000047_054,in_000047_054,sub_000047,24.09,Basic plan - 2026-06
il_000047_055,in_000047_055,sub_000047,23.37,Basic plan - 2026-07
il_000047_056,in_000047_056,sub_000047,22.62,Basic plan - 2026-08
il_000047_057,in_000047_057,sub_000047,17.05,Basic plan - 2026-09
il_000047_058,in_000047_058,sub_000047,22.82,Basic plan - 2026-10
il_000047_059,in_000047_059,sub_000047,22.6,Basic plan - 2026-11
il_000047_060,in_000047_060,sub_000047,22.25,Basic plan - 2026-12
il_000047_061,in_000047_061,sub_000047,22.23,Basic plan - 2027-01
il_000047_062,in_000047_062,sub_000047,24.13,Basic plan - 2027-02
il_000047_063,in_000047_063,sub_000047,23.93,Basic plan - 2027-03
il_000047_064,in_000047_064,sub_000047,18.69,Basic plan - 2027-04
il_000047_065,in_000047_065,sub_000047,23.36,Basic plan - 2027-05
il_000047_066,in_000047_066,sub_000047,22.4,Basic plan - 2027-06
il_000047_067,in_000047_067,sub_000047,24.08,Basic plan - 2027-07
il_000047_068,in_000047_068,sub_000047,23.31,Basic plan - 2027-08
il_000047_069,in_000047_069,sub_000047,22.41,Basic plan - 2027-09
il_000047_070,in_000047_070,sub_000047,22.49,Basic plan - 2027-10
il_000047_071,in_000047_071,sub_000047,22.11,Basic plan - 2027-11
il_000047_072,in_000047_072,sub_000047,23.08,Basic plan - 2027-12
il_000047_073,in_000047_073,sub_000047,23.81,Basic plan - 2028-01
il_000047_074,in_000047_074,sub_000047,22.1,Basic plan - 2028-02
il_000047_075,in_000047_075,sub_000047,22.67,Basic plan - 2028-03
il_000047_076,in_000047_076,sub_000047,22.99,Basic plan - 2028-04
il_000047_077,in_000047_077,sub_000047,19.11,Basic plan - 2028-05
il_000047_078,in_000047_078,sub_000047,23.27,Basic plan - 2028-06
il_000047_079,in_000047_079,sub_000047,22.15,Basic plan - 2028-07
il_000047_080,in_000047_080,sub_000047,22.8,Basic plan - 2028-08
il_000047_081,in_000047_081,sub_000047,23.59,Basic plan - 2028-09
il_000047_082,in_000047_082,sub_000047,23.2,Basic plan - 2028-10
il_000047_083,in_000047_083,sub_000047,23.87,Basic plan - 2028-11
il_000047_084,in_000047_084,sub_000047,22.11,Basic plan - 2028-12
il_000048_001,in_000048_001,sub_000048,19.86,Basic plan - 2022-01
il_000048_002,in_000048_002,sub_000048,20.59,Basic plan - 2022-02
il_000048_003,in_000048_003,sub_000048,19.3,Basic plan - 2022-03
il_000048_004,in_000048_004,sub_000048,20.75,Basic plan - 2022-04
il_000048_005,in_000048_005,sub_000048,20.74,Basic plan - 2022-05
il_000048_006,in_000048_006,sub_000048,20.79,Basic plan - 2022-06
il_000048_007,in_000048_007,sub_000048,19.86,Basic plan - 2022-07
il_000048_008,in_000048_008,sub_000048,21.05,Basic plan - 2022-08
il_000048_009,in_000048_009,sub_000048,20.92,Basic plan - 2022-09
il_000048_010,in_000048_010,sub_000048,20.71,Basic plan - 2022-10
il_000048_011,in_000048_011,sub_000048,21.15,Basic plan - 2022-11
il_000048_012,in_000048_012,sub_000048,20.15,Basic plan - 2022-12
il_000048_013,in_000048_013,sub_000048,14.08,Basic plan - 2023-01
il_000048_014,in_000048_014,sub_000048,21.08,Basic plan - 2023-02
il_000048_015,in_000048_015,sub_000048,20.7,Basic plan - 2023-03
il_000048_016,in_000048_016,sub_000048,20.75,Basic plan - 2023-04
il_000048_017,in_000048_017,sub_000048,20.9,Basic plan - 2023-05
il_000048_018,in_000048_018,sub_000048,16.71,Basic plan - 2023-06
il_000048_019,in_000048_019,sub_000048,21.01,Basic plan - 2023-07
il_000048_020,in_000048_020,sub_000048,22.22,Basic plan - 2023-08
il_000048_021,in_000048_021,sub_000048,20.69,Basic plan - 2023-09
il_000048_022,in_000048_022,sub_000048,22.89,Basic plan - 2023-10
il_000048_023,in_000048_023,sub_000048,21.41,Basic plan - 2023-11
il_000048_024,in_000048_024,sub_000048,21.25,Basic plan - 2023-12
il_000048_025,in_000048_025,sub_000048,17.84,Basic plan - 2024-01
il_000048_026,in_000048_026,sub_000048,22.26,Basic plan - 2024-02
il_000048_027,in_000048_027,sub_000048,22.97,Basic plan - 2024-03
il_000048_028,in_000048_028,sub_000048,21.88,Basic plan - 2024-04
il_000048_029,in_000048_029,sub_000048,21.54,Basic plan - 2024-05
il_000048_030,in_000048_030,sub_000048,21.34,Basic plan - 2024-06
il_000048_031,in_000048_031,sub_000048,21.38,Basic plan - 2024-07
il_000048_032,in_000048_032,sub_000048,23.02,Basic plan - 2024-08
il_000048_033,in_000048_033,sub_000048,23.49,Basic plan - 2024-09
il_000048_034,in_000048_034,sub_000048,23.07,Basic plan - 2024-10
il_000048_035,in_000048_035,sub_000048,23.44,Basic plan - 2024-11
il_000048_036,in_000048_036,sub_000048,23.42,Basic plan - 2024-12
il_000048_037,in_000048_037,sub_000048,22.59,Basic plan - 2025-01
il_000048_038,in_000048_038,sub_000048,21.96,Basic plan - 2025-02
il_000048_039,in_000048_039,sub_000048,23.75,Basic plan - 2025-03
il_000048_040,in_000048_040,sub_000048,21.98,Basic plan - 2025-04
il_000048_041,in_000048_041,sub_000048,22.5,Basic plan - 2025-05
il_000048_042,in_000048_042,sub_000048,23.73,Basic plan - 2025-06
il_000048_043,in_000048_043,sub_000048,23.15,Basic plan - 2025-07
il_000048_044,in_000048_044,sub_000048,22.43,Basic plan - 2025-08
il_000048_045,in_000048_045,sub_000048,22.22,Basic plan - 2025-09
il_000048_046,in_000048_046,sub_000048,23.98,Basic plan - 2025-10
il_000048_047,in_000048_047,sub_000048,22.48,Basic plan - 2025-11
il_000048_048,in_000048_048,sub_000048,22.89,Basic plan - 2025-12
il_000048_049,in_000048_049,sub_000048,22.51,Basic plan - 2026-01
il_000048_050,in_000048_050,sub_000048,23.11,Basic plan - 2026-02
il_000048_051,in_000048_051,sub_000048,23.03,Basic plan - 2026-03
il_000048_052,in_000048_052,sub_000048,24.01,Basic plan - 2026-04
il_000048_053,in_000048_053,sub_000048,23.92,Basic plan - 2026-05
il_000048_054,in_000048_054,sub_000048,23.28,Basic plan - 2026-06
il_000048_055,in_000048_055,sub_000048,22.61,Basic plan - 2026-07
il_000048_056,in_000048_056,sub_000048,22.46,Basic plan - 2026-08
il_000048_057,in_000048_057,sub_000048,22.88,Basic plan - 2026-09
il_000048_058,in_000048_058,sub_000048,22.47,Basic plan - 2026-10
il_000048_059,in_000048_059,sub_000048,21.97,Basic plan - 2026-11
il_000048_060,in_000048_060,sub_000048,23.44,Basic plan - 2026-12
il_000048_061,in_000048_061,sub_000048,22.36,Basic plan - 2027-01
il_000048_062,in_000048_062,sub_000048,21.85,Basic plan - 2027-02
il_000048_063,in_000048_063,sub_000048,21.94,Basic plan - 2027-03
il_000048_064,in_000048_064,sub_000048,24.14,Basic plan - 2027-04
il_000048_065,in_000048_065,sub_000048,22.34,Basic plan - 2027-05
il_000048_066,in_000048_066,sub_000048,22.92,Basic plan - 2027-06
il_000048_067,in_000048_067,sub_000048,23.7,Basic plan - 2027-07
il_000048_068,in_000048_068,sub_000048,22.14,Basic plan - 2027-08
il_000048_069,in_000048_069,sub_000048,23.85,Basic plan - 2027-09
il_000048_070,in_000048_070,sub_000048,22.1,Basic plan - 2027-10
il_000048_071,in_000048_071,sub_000048,22.21,Basic plan - 2027-11
il_000048_072,in_000048_072,sub_000048,23.96,Basic plan - 2027-12
il_000048_073,in_000048_073,sub_000048,22.04,Basic plan - 2028-01
il_000048_074,in_000048_074,sub_000048,22.79,Basic plan - 2028-02
il_000048_075,in_000048_075,sub_000048,22.63,Basic plan - 2028-03
il_000048_076,in_000048_076,sub_000048,22.48,Basic plan - 2028-04
il_000048_077,in_000048_077,sub_000048,19.03,Basic plan - 2028-05
il_000048_078,in_000048_078,sub_000048,23.37,Basic plan - 2028-06
il_000048_079,in_000048_079,sub_000048,22.11,Basic plan - 2028-07
il_000048_080,in_000048_080,sub_000048,22.03,Basic plan - 2028-08
il_000048_081,in_000048_081,sub_000048,17.97,Basic plan - 2028-09
il_000048_082,in_000048_082,sub_000048,23.55,Basic plan - 2028-10
il_000048_083,in_000048_083,sub_000048,22.65,Basic plan - 2028-11
il_000048_084,in_000048_084,sub_000048,22.89,Basic plan - 2028-12
il_000049_001,in_000049_001,sub_000049,20.46,Basic plan - 2022-01
il_000049_002,in_000049_002,sub_000049,19.55,Basic plan - 2022-02
il_000049_003,in_000049_003,sub_000049,20.85,Basic plan - 2022-03
il_000049_004,in_000049_004,sub_000049,20.54,Basic plan - 2022-04
il_000049_005,in_000049_005,sub_000049,20.22,Basic plan - 2022-05
il_000049_006,in_000049_006,sub_000049,20.89,Basic plan - 2022-06
il_000049_007,in_000049_007,sub_000049,20.29,Basic plan - 2022-07
il_000049_008,in_000049_008,sub_000049,20.24,Basic plan - 2022-08
il_000049_009,in_000049_009,sub_000049,20.18,Basic plan - 2022-09
il_000049_010,in_000049_010,sub_000049,20.55,Basic plan - 2022-10
il_000049_011,in_000049_011,sub_000049,20.48,Basic plan - 2022-11
il_000049_012,in_000049_012,sub_000049,20.37,Basic plan - 2022-12
il_000049_013,in_000049_013,sub_000049,21.84,Basic plan - 2023-01
il_000049_014,in_000049_014,sub_000049,20.45,Basic plan - 2023-02
il_000049_015,in_000049_015,sub_000049,21.37,Basic plan - 2023-03
il_000049_016,in_000049_016,sub_000049,20.53,Basic plan - 2023-04
il_000049_017,in_000049_017,sub_000049,21.46,Basic plan - 2023-05
il_000049_018,in_000049_018,sub_000049,21.7,Basic plan - 2023-06
il_000049_019,in_000049_019,sub_000049,21.19,Basic plan - 2023-07
il_000049_020,in_000049_020,sub_000049,21.12,Basic plan - 2023-08
il_000049_021,in_000049_021,sub_000049,21.53,Basic plan - 2023-09
il_000049_022,in_000049_022,sub_000049,22.73,Basic plan - 2023-10
il_000049_023,in_000049_023,sub_000049,21.33,Basic plan - 2023-11
il_000049_024,in_000049_024,sub_000049,22.54,Basic plan - 2023-12
il_000049_025,in_000049_025,sub_000049,21.05,Basic plan - 2024-01
il_000049_026,in_000049_026,sub_000049,22.4,Basic plan - 2024-02
il_000049_027,in_000049_027,sub_000049,21.53,Basic plan - 2024-03
il_000049_028,in_000049_028,sub_000049,21.71,Basic plan - 2024-04
il_000049_029,in_000049_029,sub_000049,21.2,Basic plan - 2024-05
il_000049_030,in_000049_030,sub_000049,22.54,Basic plan - 2024-06
il_000049_031,in_000049_031,sub_000049,21.45,Basic plan - 2024-07
il_000049_032,in_000049_032,sub_000049,22.44,Basic plan - 2024-08
il_000049_033,in_000049_033,sub_000049,22.38,Basic plan - 2024-09
il_000049_034,in_000049_034,sub_000049,22.56,Basic plan - 2024-10
il_000049_035,in_000049_035,sub_000049,23.61,Basic plan - 2024-11
il_000049_036,in_000049_036,sub_000049,23.53,Basic plan - 2024-12
il_000049_037,in_000049_037,sub_000049,22.61,Basic plan - 2025-01
il_000049_038,in_000049_038,sub_000049,22.65,Basic plan - 2025-02
il_000049_039,in_000049_039,sub_000049,22.15,Basic plan - 2025-03
il_000049_040,in_000049_040,sub_000049,22.86,Basic plan - 2025-04
il_000049_041,in_000049_041,sub_000049,23.21,Basic plan - 2025-05
il_000049_042,in_000049_042,sub_000049,18.27,Basic plan - 2025-06
il_000049_043,in_000049_043,sub_000049,21.67,Basic plan - 2025-07
il_000049_044,in_000049_044,sub_000049,22.67,Basic plan - 2025-08
il_000049_045,in_000049_045,sub_000049,22.35,Basic plan - 2025-09
il_000049_046,in_000049_046,sub_000049,22.46,Basic plan - 2025-10
il_000049_047,in_000049_047,sub_000049,23.89,Basic plan - 2025-11
il_000049_048,in_000049_048,sub_000049,24.04,Basic plan - 2025-12
il_000049_049,in_000049_049,sub_000049,22.58,Basic plan - 2026-01
il_000049_050,in_000049_050,sub_000049,22.16,Basic plan - 2026-02
il_000049_051,in_000049_051,sub_000049,19.42,Basic plan - 2026-03
il_000049_052,in_000049_052,sub_000049,24.05,Basic plan - 2026-04
il_000049_053,in_000049_053,sub_000049,22.27,Basic plan - 2026-05
il_000049_054,in_000049_054,sub_000049,22.95,Basic plan - 2026-06
il_000049_055,in_000049_055,sub_000049,23.59,Basic plan - 2026-07
il_000049_056,in_000049_056,sub_000049,18.03,Basic plan - 2026-08
il_000049_057,in_000049_057,sub_000049,23.72,Basic plan - 2026-09
il_000049_058,in_000049_058,sub_000049,22.79,Basic plan - 2026-10
il_000049_059,in_000049_059,sub_000049,22.85,Basic plan - 2026-11
il_000049_060,in_000049_060,sub_000049,23.04,Basic plan - 2026-12
il_000049_061,in_000049_061,sub_000049,23.02,Basic plan - 2027-01
il_000049_062,in_000049_062,sub_000049,19.47,Basic plan - 2027-02
il_000049_063,in_000049_063,sub_000049,23.0,Basic plan - 2027-03
il_000049_064,in_000049_064,sub_000049,23.12,Basic plan - 2027-04
il_000049_065,in_000049_065,sub_000049,22.48,Basic plan - 2027-05
il_000049_066,in_000049_066,sub_000049,23.47,Basic plan - 2027-06
il_000049_067,in_000049_067,sub_000049,22.77,Basic plan - 2027-07
il_000049_068,in_000049_068,sub_000049,22.8,Basic plan - 2027-08
il_000049_069,in_000049_069,sub_000049,23.94,Basic plan - 2027-09
il_000049_070,in_000049_070,sub_000049,22.54,Basic plan - 2027-10
il_000049_071,in_000049_071,sub_000049,23.55,Basic plan - 2027-11
il_000049_072,in_000049_072,sub_000049,23.75,Basic plan - 2027-12
il_000049_073,in_000049_073,sub_000049,21.87,Basic plan - 2028-01
il_000049_074,in_000049_074,sub_000049,22.21,Basic plan - 2028-02
il_000049_075,in_000049_075,sub_000049,22.83,Basic plan - 2028-03
il_000049_076,in_000049_076,sub_000049,22.84,Basic plan - 2028-04
il_000049_077,in_000049_077,sub_000049,22.54,Basic plan - 2028-05
il_000049_078,in_000049_078,sub_000049,23.36,Basic plan - 2028-06
il_000049_079,in_000049_079,sub_000049,23.63,Basic plan - 2028-07
il_000049_080,in_000049_080,sub_000049,23.53,Basic plan - 2028-08
il_000049_081,in_000049_081,sub_000049,22.14,Basic plan - 2028-09
il_000049_082,in_000049_082,sub_000049,24.03,Basic plan - 2028-10
il_000049_083,in_000049_083,sub_000049,19.67,Basic plan - 2028-11
il_000049_084,in_000049_084,sub_000049,23.01,Basic plan - 2028-12
