id,source,type,amount,fee,net,created
txn_000001_001,in_000001_001,charge,1918,86,1832,2022-01-07
txn_000002_001,in_000002_001,charge,1992,88,1904,2022-01-25
txn_000003_001,in_000003_001,charge,2000,88,1912,2022-01-15
txn_000004_001,in_000004_001,charge,2039,89,1950,2022-01-13
txn_000005_001,in_000005_001,charge,1976,87,1889,2022-01-11
txn_000005_002,in_000005_002,charge,2032,89,1943,2022-02-11
txn_000006_001,in_000006_001,charge,1918,86,1832,2022-01-23
txn_000006_002,in_000006_002,charge,2099,91,2008,2022-02-23
txn_000006_003,in_000006_003,charge,2052,90,1962,2022-03-23
txn_000007_001,in_000007_001,charge,2094,91,2003,2022-01-23
txn_000007_002,in_000007_002,charge,2050,89,1961,2022-02-23
txn_000007_003,in_000007_003,charge,1966,87,1879,2022-03-23
txn_000007_004,in_000007_004,charge,2100,91,2009,2022-04-23
txn_000007_005,in_000007_005,charge,1964,87,1877,2022-05-23
txn_000008_001,in_000008_001,charge,2016,88,1928,2022-01-18
txn_000008_002,in_000008_002,charge,2078,90,1988,2022-02-18
txn_000008_003,in_000008_003,charge,2056,90,1966,2022-03-18
txn_000008_004,in_000008_004,charge,2044,89,1955,2022-04-18
txn_000008_005,in_000008_005,charge,2055,90,1965,2022-05-18
txn_000008_006,in_000008_006,charge,1613,77,1536,2022-06-18
txn_000008_007,in_000008_007,charge,2002,88,1914,2022-07-18
txn_000009_001,in_000009_001,charge,1921,86,1835,2022-01-22
txn_000009_002,in_000009_002,charge,1940,86,1854,2022-02-22
txn_000009_003,in_000009_003,charge,2029,89,1940,2022-03-22
txn_000009_004,in_000009_004,charge,1443,72,1371,2022-04-22
txn_000009_005,in_000009_005,charge,2021,89,1932,2022-05-22
txn_000009_006,in_000009_006,charge,1946,86,1860,2022-06-22
txn_000009_007,in_000009_007,charge,2035,89,1946,2022-07-22
txn_000009_008,in_000009_008,charge,2061,90,1971,2022-08-22
txn_000009_009,in_000009_009,charge,2007,88,1919,2022-09-22
txn_000009_010,in_000009_010,charge,2069,90,1979,2022-10-22
txn_000009_011,in_000009_011,charge,1974,87,1887,2022-11-22
txn_000010_001,in_000010_001,charge,2079,90,1989,2022-01-12
txn_000010_002,in_000010_002,charge,2017,88,1929,2022-02-12
txn_000010_003,in_000010_003,charge,2047,89,1958,2022-03-12
txn_000010_004,in_000010_004,charge,2051,89,1962,2022-04-12
txn_000010_005,in_000010_005,charge,2079,90,1989,2022-05-12
txn_000010_006,in_000010_006,charge,2115,91,2024,2022-06-12
txn_000010_007,in_000010_007,charge,1943,86,1857,2022-07-12
txn_000010_008,in_000010_008,charge,2020,89,1931,2022-08-12
txn_000010_009,in_000010_009,charge,2119,91,2028,2022-09-12
txn_000010_010,in_000010_010,charge,2158,93,2065,2022-10-12
txn_000010_011,in_000010_011,charge,2077,90,1987,2022-11-12
txn_000010_012,in_000010_012,charge,2174,93,2081,2022-12-12
txn_000010_013,in_000010_013,charge,1997,88,1909,2023-01-12
txn_000010_014,in_000010_014,charge,2204,94,2110,2023-02-12
txn_000010_015,in_000010_015,charge,2161,93,2068,2023-03-12
txn_000010_016,in_000010_016,charge,2200,94,2106,2023-04-12
txn_000011_001,in_000011_001,charge,1963,87,1876,2022-01-01
txn_000011_002,in_000011_002,charge,2039,89,1950,2022-02-01
txn_000011_003,in_000011_003,charge,1931,86,1845,2022-03-01
txn_000011_004,in_000011_004,charge,1970,87,1883,2022-04-01
txn_000011_005,in_000011_005,charge,1972,87,1885,2022-05-01
txn_000011_006,in_000011_006,charge,2098,91,2007,2022-06-01
txn_000011_007,in_000011_007,charge,1971,87,1884,2022-07-01
txn_000011_008,in_000011_008,charge,2123,92,2031,2022-08-01
txn_000011_009,in_000011_009,charge,2016,88,1928,2022-09-01
txn_000011_010,in_000011_010,charge,2162,93,2069,2022-10-01
txn_000011_011,in_000011_011,charge,1708,80,1628,2022-11-01
txn_000011_012,in_000011_012,charge,2006,88,1918,2022-12-01
txn_000011_013,in_000011_013,charge,2013,88,1925,2023-01-01
txn_000011_014,in_000011_014,charge,2141,92,2049,2023-02-01
txn_000011_015,in_000011_015,charge,2045,89,1956,2023-03-01
txn_000011_016,in_000011_016,charge,2163,93,2070,2023-04-01
txn_000011_017,in_000011_017,charge,2047,89,1958,2023-05-01
txn_000011_018,in_000011_018,charge,2225,95,2130,2023-06-01
txn_000011_019,in_000011_019,charge,2100,91,2009,2023-07-01
txn_000011_020,in_000011_020,charge,2186,93,2093,2023-08-01
txn_000012_001,in_000012_001,charge,1957,87,1870,2022-01-20
txn_000012_002,in_000012_002,charge,1911,85,1826,2022-02-20
txn_000012_003,in_000012_003,charge,2039,89,1950,2022-03-20
txn_000012_004,in_000012_004,charge,1946,86,1860,2022-04-20
txn_000012_005,in_000012_005,charge,2119,91,2028,2022-05-20
txn_000012_006,in_000012_006,charge,2119,91,2028,2022-06-20
txn_000012_007,in_000012_007,charge,2030,89,1941,2022-07-20
txn_000012_008,in_000012_008,charge,1947,86,1861,2022-08-20
txn_000012_009,in_000012_009,charge,2123,92,2031,2022-09-20
txn_000012_010,in_000012_010,charge,2009,88,1921,2022-10-20
txn_000012_011,in_000012_011,charge,2096,91,2005,2022-11-20
txn_000012_012,in_000012_012,charge,2104,91,2013,2022-12-20
txn_000012_013,in_000012_013,charge,2066,90,1976,2023-01-20
txn_000012_014,in_000012_014,charge,2132,92,2040,2023-02-20
txn_000012_015,in_000012_015,charge,2099,91,2008,2023-03-20
txn_000012_016,in_000012_016,charge,2061,90,1971,2023-04-20
txn_000012_017,in_000012_017,charge,2193,94,2099,2023-05-20
txn_000012_018,in_000012_018,charge,2041,89,1952,2023-06-20
txn_000012_019,in_000012_019,charge,2066,90,1976,2023-07-20
txn_000012_020,in_000012_020,charge,2110,91,2019,2023-08-20
txn_000012_021,in_000012_021,charge,2250,95,2155,2023-09-20
txn_000012_022,in_000012_022,charge,2121,92,2029,2023-10-20
txn_000012_023,in_000012_023,charge,1860,84,1776,2023-11-20
txn_000012_024,in_000012_024,charge,2113,91,2022,2023-12-20
txn_000012_025,in_000012_025,charge,2208,94,2114,2024-01-20
txn_000012_026,in_000012_026,charge,2169,93,2076,2024-02-20
txn_000012_027,in_000012_027,charge,2198,94,2104,2024-03-20
txn_000012_028,in_000012_028,charge,1968,87,1881,2024-04-20
txn_000012_029,in_000012_029,charge,2147,92,2055,2024-05-20
txn_000012_030,in_000012_030,charge,2225,95,2130,2024-06-20
txn_000013_001,in_000013_001,charge,1910,85,1825,2022-01-19
txn_000013_002,in_000013_002,charge,2011,88,1923,2022-02-19
txn_000013_003,in_000013_003,charge,2079,90,1989,2022-03-19
txn_000013_004,in_000013_004,charge,2104,91,2013,2022-04-19
txn_000013_005,in_000013_005,charge,2094,91,2003,2022-05-19
txn_000013_006,in_000013_006,charge,2128,92,2036,2022-06-19
txn_000013_007,in_000013_007,charge,2094,91,2003,2022-07-19
txn_000013_008,in_000013_008,charge,2103,91,2012,2022-08-19
txn_000013_009,in_000013_009,charge,2063,90,1973,2022-09-19
txn_000013_010,in_000013_010,charge,2138,92,2046,2022-10-19
txn_000013_011,in_000013_011,charge,2050,89,1961,2022-11-19
txn_000013_012,in_000013_012,charge,2034,89,1945,2022-12-19
txn_000013_013,in_000013_013,charge,2087,91,1996,2023-01-19
txn_000013_014,in_000013_014,charge,2044,89,1955,2023-02-19
txn_000013_015,in_000013_015,charge,2081,90,1991,2023-03-19
txn_000013_016,in_000013_016,charge,2092,91,2001,2023-04-19
txn_000013_017,in_000013_017,charge,2082,90,1992,2023-05-19
txn_000013_018,in_000013_018,charge,2223,94,2129,2023-06-19
txn_000013_019,in_000013_019,charge,2105,91,2014,2023-07-19
txn_000013_020,in_000013_020,charge,2226,95,2131,2023-08-19
txn_000013_021,in_000013_021,charge,2225,95,2130,2023-09-19
txn_000013_022,in_000013_022,charge,2196,94,2102,2023-10-19
txn_000013_023,in_000013_023,charge,2227,95,2132,2023-11-19
txn_000013_024,in_000013_024,charge,2227,95,2132,2023-12-19
txn_000013_025,in_000013_025,charge,2108,91,2017,2024-01-19
txn_000013_026,in_000013_026,charge,2104,91,2013,2024-02-19
txn_000013_027,in_000013_027,charge,2105,91,2014,2024-03-19
txn_000013_028,in_000013_028,charge,2121,92,2029,2024-04-19
txn_000013_029,in_000013_029,charge,2272,96,2176,2024-05-19
txn_000013_030,in_000013_030,charge,2272,96,2176,2024-06-19
txn_000013_031,in_000013_031,charge,2312,97,2215,2024-07-19
txn_000013_032,in_000013_032,charge,2238,95,2143,2024-08-19
txn_000013_033,in_000013_033,charge,2248,95,2153,2024-09-19
txn_000013_034,in_000013_034,charge,2241,95,2146,2024-10-19
txn_000013_035,in_000013_035,charge,2223,94,2129,2024-11-19
txn_000013_036,in_000013_036,charge,2294,97,2197,2024-12-19
txn_000013_037,in_000013_037,charge,2237,95,2142,2025-01-19
txn_000013_038,in_000013_038,charge,2339,98,2241,2025-02-19
txn_000013_039,in_000013_039,charge,2159,93,2066,2025-03-19
txn_000013_040,in_000013_040,charge,2284,96,2188,2025-04-19
txn_000013_041,in_000013_041,charge,2313,97,2216,2025-05-19
txn_000013_042,in_000013_042,charge,2217,94,2123,2025-06-19
txn_000013_043,in_000013_043,charge,2317,97,2220,2025-07-19
txn_000013_044,in_000013_044,charge,2230,95,2135,2025-08-19
txn_000013_045,in_000013_045,charge,2186,93,2093,2025-09-19
txn_000013_046,in_000013_046,charge,2366,99,2267,2025-10-19
txn_000013_047,in_000013_047,charge,2243,95,2148,2025-11-19
txn_000013_048,in_000013_048,charge,2285,96,2189,2025-12-19
txn_000013_049,in_000013_049,charge,2340,98,2242,2026-01-19
txn_000013_050,in_000013_050,charge,2248,95,2153,2026-02-19
txn_000013_051,in_000013_051,charge,2326,97,2229,2026-03-19
txn_000013_052,in_000013_052,charge,2189,93,2096,2026-04-19
txn_000013_053,in_000013_053,charge,2307,97,2210,2026-05-19
txn_000013_054,in_000013_054,charge,2296,97,2199,2026-06-19
txn_000013_055,in_000013_055,charge,2165,93,2072,2026-07-19
txn_000013_056,in_000013_056,charge,2350,98,2252,2026-08-19
txn_000013_057,in_000013_057,charge,2267,96,2171,2026-09-19
txn_000013_058,in_000013_058,charge,2231,95,2136,2026-10-19
txn_000013_059,in_000013_059,charge,2340,98,2242,2026-11-19
txn_000013_060,in_000013_060,charge,2389,99,2290,2026-12-19
txn_000013_061,in_000013_061,charge,2227,95,2132,2027-01-19
txn_000013_062,in_000013_062,charge,2186,93,2093,2027-02-19
txn_000013_063,in_000013_063,charge,2314,97,2217,2027-03-19
txn_000013_064,in_000013_064,charge,2183,93,2090,2027-04-19
txn_000013_065,in_000013_065,charge,2169,93,2076,2027-05-19
txn_000013_066,in_000013_066,charge,2195,94,2101,2027-06-19
txn_000013_067,in_000013_067,charge,2207,94,2113,2027-07-19
txn_000013_068,in_000013_068,charge,2078,90,1988,2027-08-19
txn_000013_069,in_000013_069,charge,2174,93,2081,2027-09-19
txn_000013_070,in_000013_070,charge,2345,98,2247,2027-10-19
txn_000013_071,in_000013_071,charge,2356,98,2258,2027-11-19
txn_000013_072,in_000013_072,charge,2344,98,2246,2027-12-19
txn_000013_073,in_000013_073,charge,2338,98,2240,2028-01-19
txn_000013_074,in_000013_074,charge,2023,89,1934,2028-02-19
txn_000013_075,in_000013_075,charge,2191,94,2097,2028-03-19
txn_000013_076,in_000013_076,charge,2332,98,2234,2028-04-19
txn_000013_077,in_000013_077,charge,2356,98,2258,2028-05-19
txn_000013_078,in_000013_078,charge,2329,98,2231,2028-06-19
txn_000013_079,in_000013_079,charge,2224,94,2130,2028-07-19
txn_000013_080,in_000013_080,charge,2385,99,2286,2028-08-19
txn_000013_081,in_000013_081,charge,2175,93,2082,2028-09-19
txn_000013_082,in_000013_082,charge,2172,93,2079,2028-10-19
txn_000013_083,in_000013_083,charge,2324,97,2227,2028-11-19
txn_000013_084,in_000013_084,charge,2183,93,2090,2028-12-19
txn_000014_001,in_000014_001,charge,2096,91,2005,2022-01-01
txn_000014_002,in_000014_002,charge,2063,90,1973,2022-02-01
txn_000014_003,in_000014_003,charge,2027,89,1938,2022-03-01
txn_000014_004,in_000014_004,charge,2108,91,2017,2022-04-01
txn_000014_005,in_000014_005,charge,2040,89,1951,2022-05-01
txn_000014_006,in_000014_006,charge,2061,90,1971,2022-06-01
txn_000014_007,in_000014_007,charge,1965,87,1878,2022-07-01
txn_000014_008,in_000014_008,charge,2026,89,1937,2022-08-01
txn_000014_009,in_000014_009,charge,1977,87,1890,2022-09-01
txn_000014_010,in_000014_010,charge,2019,89,1930,2022-10-01
txn_000014_011,in_000014_011,charge,2059,90,1969,2022-11-01
txn_000014_012,in_000014_012,charge,2111,91,2020,2022-12-01
txn_000014_013,in_000014_013,charge,2073,90,1983,2023-01-01
txn_000014_014,in_000014_014,charge,2119,91,2028,2023-02-01
txn_000014_015,in_000014_015,charge,2011,88,1923,2023-03-01
txn_000014_016,in_000014_016,charge,2112,91,2021,2023-04-01
txn_000014_017,in_000014_017,charge,2141,92,2049,2023-05-01
txn_000014_018,in_000014_018,charge,2177,93,2084,2023-06-01
txn_000014_019,in_000014_019,charge,2175,93,2082,2023-07-01
txn_000014_020,in_000014_020,charge,2212,94,2118,2023-08-01
txn_000014_021,in_000014_021,charge,2144,92,2052,2023-09-01
txn_000014_022,in_000014_022,charge,2137,92,2045,2023-10-01
txn_000014_023,in_000014_023,charge,2227,95,2132,2023-11-01
txn_000014_024,in_000014_024,charge,2276,96,2180,2023-12-01
txn_000014_025,in_000014_025,charge,2193,94,2099,2024-01-01
txn_000014_026,in_000014_026,charge,2152,92,2060,2024-02-01
txn_000014_027,in_000014_027,charge,2195,94,2101,2024-03-01
txn_000014_028,in_000014_028,charge,2107,91,2016,2024-04-01
txn_000014_029,in_000014_029,charge,2107,91,2016,2024-05-01
txn_000014_030,in_000014_030,charge,2173,93,2080,2024-06-01
txn_000014_031,in_000014_031,charge,2173,93,2080,2024-07-01
txn_000014_032,in_000014_032,charge,2110,91,2019,2024-08-01
txn_000014_033,in_000014_033,charge,2301,97,2204,2024-09-01
txn_000014_034,in_000014_034,charge,2149,92,2057,2024-10-01
txn_000014_035,in_000014_035,charge,2146,92,2054,2024-11-01
txn_000014_036,in_000014_036,charge,2337,98,2239,2024-12-01
txn_000014_037,in_000014_037,charge,2300,97,2203,2025-01-01
txn_000014_038,in_000014_038,charge,2284,96,2188,2025-02-01
txn_000014_039,in_000014_039,charge,2220,94,2126,2025-03-01
txn_000014_040,in_000014_040,charge,2138,92,2046,2025-04-01
txn_000014_041,in_000014_041,charge,2257,95,2162,2025-05-01
txn_000014_042,in_000014_042,charge,2179,93,2086,2025-06-01
txn_000014_043,in_000014_043,charge,2368,99,2269,2025-07-01
txn_000014_044,in_000014_044,charge,2337,98,2239,2025-08-01
txn_000014_045,in_000014_045,charge,2183,93,2090,2025-09-01
txn_000014_046,in_000014_046,charge,2242,95,2147,2025-10-01
txn_000014_047,in_000014_047,charge,2328,98,2230,2025-11-01
txn_000014_048,in_000014_048,charge,2266,96,2170,2025-12-01
txn_000014_049,in_000014_049,charge,2203,94,2109,2026-01-01
txn_000014_050,in_000014_050,charge,2172,93,2079,2026-02-01
txn_000014_051,in_000014_051,charge,2229,95,2134,2026-03-01
txn_000014_052,in_000014_052,charge,2296,97,2199,2026-04-01
txn_000014_053,in_000014_053,charge,2181,93,2088,2026-05-01
txn_000014_054,in_000014_054,charge,2354,98,2256,2026-06-01
txn_000014_055,in_000014_055,charge,2310,97,2213,2026-07-01
txn_000014_056,in_000014_056,charge,2336,98,2238,2026-08-01
txn_000014_057,in_000014_057,charge,2246,95,2151,2026-09-01
txn_000014_058,in_000014_058,charge,2239,95,2144,2026-10-01
txn_000014_059,in_000014_059,charge,2272,96,2176,2026-11-01
txn_000014_060,in_000014_060,charge,2356,98,2258,2026-12-01
txn_000014_061,in_000014_061,charge,2369,99,2270,2027-01-01
txn_000014_062,in_000014_062,charge,2356,98,2258,2027-02-01
txn_000014_063,in_000014_063,charge,2276,96,2180,2027-03-01
txn_000014_064,in_000014_064,charge,2186,93,2093,2027-04-01
txn_000014_065,in_000014_065,charge,2371,99,2272,2027-05-01
txn_000014_066,in_000014_066,charge,2203,94,2109,2027-06-01
txn_000014_067,in_000014_067,charge,1576,76,1500,2027-07-01
txn_000014_068,in_000014_068,charge,2264,96,2168,2027-08-01
txn_000014_069,in_000014_069,charge,1941,86,1855,2027-09-01
txn_000014_070,in_000014_070,charge,2322,97,2225,2027-10-01
txn_000014_071,in_000014_071,charge,2386,99,2287,2027-11-01
txn_000014_072,in_000014_072,charge,2271,96,2175,2027-12-01
txn_000014_073,in_000014_073,charge,2368,99,2269,2028-01-01
txn_000014_074,in_000014_074,charge,2381,99,2282,2028-02-01
txn_000014_075,in_000014_075,charge,2359,98,2261,2028-03-01
txn_000014_076,in_000014_076,charge,2329,98,2231,2028-04-01
txn_000014_077,in_000014_077,charge,2288,96,2192,2028-05-01
txn_000014_078,in_000014_078,charge,2383,99,2284,2028-06-01
txn_000014_079,in_000014_079,charge,2228,95,2133,2028-07-01
txn_000014_080,in_000014_080,charge,2333,98,2235,2028-08-01
txn_000014_081,in_000014_081,charge,1631,77,1554,2028-09-01
txn_000014_082,in_000014_082,charge,2274,96,2178,2028-10-01
txn_000014_083,in_000014_083,charge,2268,96,2172,2028-11-01
txn_000014_084,in_000014_084,charge,2256,95,2161,2028-12-01
txn_000015_001,in_000015_001,charge,1917,86,1831,2022-01-25
txn_000015_002,in_000015_002,charge,2067,90,1977,2022-02-25
txn_000015_003,in_000015_003,charge,1715,80,1635,2022-03-25
txn_000015_004,in_000015_004,charge,1927,86,1841,2022-04-25
txn_000015_005,in_000015_005,charge,2060,90,1970,2022-05-25
txn_000015_006,in_000015_006,charge,2086,90,1996,2022-06-25
txn_000015_007,in_000015_007,charge,2086,90,1996,2022-07-25
txn_000015_008,in_000015_008,charge,1954,87,1867,2022-08-25
txn_000015_009,in_000015_009,charge,2080,90,1990,2022-09-25
txn_000015_010,in_000015_010,charge,1962,87,1875,2022-10-25
txn_000015_011,in_000015_011,charge,1730,80,1650,2022-11-25
txn_000015_012,in_000015_012,charge,2165,93,2072,2022-12-25
txn_000015_013,in_000015_013,charge,2037,89,1948,2023-01-25
txn_000015_014,in_000015_014,charge,2068,90,1978,2023-02-25
txn_000015_015,in_000015_015,charge,2066,90,1976,2023-03-25
txn_000015_016,in_000015_016,charge,2095,91,2004,2023-04-25
txn_000015_017,in_000015_017,charge,2208,94,2114,2023-05-25
txn_000015_018,in_000015_018,charge,2045,89,1956,2023-06-25
txn_000015_019,in_000015_019,charge,2189,93,2096,2023-07-25
txn_000015_020,in_000015_020,charge,2258,95,2163,2023-08-25
txn_000015_021,in_000015_021,charge,2139,92,2047,2023-09-25
txn_000015_022,in_000015_022,charge,2183,93,2090,2023-10-25
txn_000015_023,in_000015_023,charge,2219,94,2125,2023-11-25
txn_000015_024,in_000015_024,charge,2160,93,2067,2023-12-25
txn_000015_025,in_000015_025,charge,2188,93,2095,2024-01-25
txn_000015_026,in_000015_026,charge,2163,93,2070,2024-02-25
txn_000015_027,in_000015_027,charge,1725,80,1645,2024-03-25
txn_000015_028,in_000015_028,charge,2231,95,2136,2024-04-25
txn_000015_029,in_000015_029,charge,2188,93,2095,2024-05-25
txn_000015_030,in_000015_030,charge,2265,96,2169,2024-06-25
txn_000015_031,in_000015_031,charge,2166,93,2073,2024-07-25
txn_000015_032,in_000015_032,charge,2159,93,2066,2024-08-25
txn_000015_033,in_000015_033,charge,2313,97,2216,2024-09-25
txn_000015_034,in_000015_034,charge,2280,96,2184,2024-10-25
txn_000015_035,in_000015_035,charge,2265,96,2169,2024-11-25
txn_000015_036,in_000015_036,charge,2177,93,2084,2024-12-25
txn_000015_037,in_000015_037,charge,2162,93,2069,2025-01-25
txn_000015_038,in_000015_038,charge,2194,94,2100,2025-02-25
txn_000015_039,in_000015_039,charge,2311,97,2214,2025-03-25
txn_000015_040,in_000015_040,charge,2235,95,2140,2025-04-25
txn_000015_041,in_000015_041,charge,2363,99,2264,2025-05-25
txn_000015_042,in_000015_042,charge,2325,97,2228,2025-06-25
txn_000015_043,in_000015_043,charge,2323,97,2226,2025-07-25
txn_000015_044,in_000015_044,charge,2275,96,2179,2025-08-25
txn_000015_045,in_000015_045,charge,2298,97,2201,2025-09-25
txn_000015_046,in_000015_046,charge,2270,96,2174,2025-10-25
txn_000015_047,in_000015_047,charge,2165,93,2072,2025-11-25
txn_000015_048,in_000015_048,charge,1857,84,1773,2025-12-25
txn_000015_049,in_000015_049,charge,2177,93,2084,2026-01-25
txn_000015_050,in_000015_050,charge,2280,96,2184,2026-02-25
txn_000015_051,in_000015_051,charge,2174,93,2081,2026-03-25
txn_000015_052,in_000015_052,charge,2250,95,2155,2026-04-25
txn_000015_053,in_000015_053,charge,2321,97,2224,2026-05-25
txn_000015_054,in_000015_054,charge,2231,95,2136,2026-06-25
txn_000015_055,in_000015_055,charge,1981,87,1894,2026-07-25
txn_000015_056,in_000015_056,charge,1883,85,1798,2026-08-25
txn_000015_057,in_000015_057,charge,2274,96,2178,2026-09-25
txn_000015_058,in_000015_058,charge,2260,96,2164,2026-10-25
txn_000015_059,in_000015_059,charge,2354,98,2256,2026-11-25
txn_000015_060,in_000015_060,charge,2236,95,2141,2026-12-25
txn_000015_061,in_000015_061,charge,2271,96,2175,2027-01-25
txn_000015_062,in_000015_062,charge,2214,94,2120,2027-02-25
txn_000015_063,in_000015_063,charge,1918,86,1832,2027-03-25
txn_000015_064,in_000015_064,charge,2324,97,2227,2027-04-25
txn_000015_065,in_000015_065,charge,2173,93,2080,2027-05-25
txn_000015_066,in_000015_066,charge,2045,89,1956,2027-06-25
txn_000015_067,in_000015_067,charge,2169,93,2076,2027-07-25
txn_000015_068,in_000015_068,charge,2303,97,2206,2027-08-25
txn_000015_069,in_000015_069,charge,2292,96,2196,2027-09-25
txn_000015_070,in_000015_070,charge,1718,80,1638,2027-10-25
txn_000015_071,in_000015_071,charge,2303,97,2206,2027-11-25
txn_000015_072,in_000015_072,charge,2338,98,2240,2027-12-25
txn_000015_073,in_000015_073,charge,2220,94,2126,2028-01-25
txn_000015_074,in_000015_074,charge,2266,96,2170,2028-02-25
txn_000015_075,in_000015_075,charge,2386,99,2287,2028-03-25
txn_000015_076,in_000015_076,charge,2347,98,2249,2028-04-25
txn_000015_077,in_000015_077,charge,2344,98,2246,2028-05-25
txn_000015_078,in_000015_078,charge,2211,94,2117,2028-06-25
txn_000015_079,in_000015_079,charge,2234,95,2139,2028-07-25
txn_000015_080,in_000015_080,charge,2169,93,2076,2028-08-25
txn_000015_081,in_000015_081,charge,2167,93,2074,2028-09-25
txn_000015_082,in_000015_082,charge,2327,97,2230,2028-10-25
txn_000015_083,in_000015_083,charge,2330,98,2232,2028-11-25
txn_000015_084,in_000015_084,charge,2365,99,2266,2028-12-25
txn_000016_001,in_000016_001,charge,1925,86,1839,2022-01-27
txn_000016_002,in_000016_002,charge,2045,89,1956,2022-02-27
txn_000016_003,in_000016_003,charge,2014,88,1926,2022-03-27
txn_000016_004,in_000016_004,charge,1345,69,1276,2022-04-27
txn_000016_005,in_000016_005,charge,2042,89,1953,2022-05-27
txn_000016_006,in_000016_006,charge,2111,91,2020,2022-06-27
txn_000016_007,in_000016_007,charge,2044,89,1955,2022-07-27
txn_000016_008,in_000016_008,charge,2000,88,1912,2022-08-27
txn_000016_009,in_000016_009,charge,2075,90,1985,2022-09-27
txn_000016_010,in_000016_010,charge,2098,91,2007,2022-10-27
txn_000016_011,in_000016_011,charge,1974,87,1887,2022-11-27
txn_000016_012,in_000016_012,charge,2027,89,1938,2022-12-27
txn_000016_013,in_000016_013,charge,2040,89,1951,2023-01-27
txn_000016_014,in_000016_014,charge,2112,91,2021,2023-02-27
txn_000016_015,in_000016_015,charge,2146,92,2054,2023-03-27
txn_000016_016,in_000016_016,charge,2131,92,2039,2023-04-27
txn_000016_017,in_000016_017,charge,2228,95,2133,2023-05-27
txn_000016_018,in_000016_018,charge,1583,76,1507,2023-06-27
txn_000016_019,in_000016_019,charge,2147,92,2055,2023-07-27
txn_000016_020,in_000016_020,charge,2063,90,1973,2023-08-27
txn_000016_021,in_000016_021,charge,2136,92,2044,2023-09-27
txn_000016_022,in_000016_022,charge,2091,91,2000,2023-10-27
txn_000016_023,in_000016_023,charge,2106,91,2015,2023-11-27
txn_000016_024,in_000016_024,charge,2262,96,2166,2023-12-27
txn_000016_025,in_000016_025,charge,2125,92,2033,2024-01-27
txn_000016_026,in_000016_026,charge,2244,95,2149,2024-02-27
txn_000016_027,in_000016_027,charge,2170,93,2077,2024-03-27
txn_000016_028,in_000016_028,charge,2254,95,2159,2024-04-27
txn_000016_029,in_000016_029,charge,2268,96,2172,2024-05-27
txn_000016_030,in_000016_030,charge,2122,92,2030,2024-06-27
txn_000016_031,in_000016_031,charge,2295,97,2198,2024-07-27
txn_000016_032,in_000016_032,charge,2129,92,2037,2024-08-27
txn_000016_033,in_000016_033,charge,1603,76,1527,2024-09-27
txn_000016_034,in_000016_034,charge,2199,94,2105,2024-10-27
txn_000016_035,in_000016_035,charge,2317,97,2220,2024-11-27
txn_000016_036,in_000016_036,charge,2195,94,2101,2024-12-27
txn_000016_037,in_000016_037,charge,2257,95,2162,2025-01-27
txn_000016_038,in_000016_038,charge,2265,96,2169,2025-02-27
txn_000016_039,in_000016_039,charge,2238,95,2143,2025-03-27
txn_000016_040,in_000016_040,charge,2221,94,2127,2025-04-27
txn_000016_041,in_000016_041,charge,2168,93,2075,2025-05-27
txn_000016_042,in_000016_042,charge,2296,97,2199,2025-06-27
txn_000016_043,in_000016_043,charge,2360,98,2262,2025-07-27
txn_000016_044,in_000016_044,charge,2170,93,2077,2025-08-27
txn_000016_045,in_000016_045,charge,2350,98,2252,2025-09-27
txn_000016_046,in_000016_046,charge,2199,94,2105,2025-10-27
txn_000016_047,in_000016_047,charge,2275,96,2179,2025-11-27
txn_000016_048,in_000016_048,charge,1783,82,1701,2025-12-27
txn_000016_049,in_000016_049,charge,2381,99,2282,2026-01-27
txn_000016_050,in_000016_050,charge,2275,96,2179,2026-02-27
txn_000016_051,in_000016_051,charge,2220,94,2126,2026-03-27
txn_000016_052,in_000016_052,charge,2336,98,2238,2026-04-27
txn_000016_053,in_000016_053,charge,2367,99,2268,2026-05-27
txn_000016_054,in_000016_054,charge,2386,99,2287,2026-06-27
txn_000016_055,in_000016_055,charge,2179,93,2086,2026-07-27
txn_000016_056,in_000016_056,charge,2231,95,2136,2026-08-27
txn_000016_057,in_000016_057,charge,2184,93,2091,2026-09-27
txn_000016_058,in_000016_058,charge,2303,97,2206,2026-10-27
txn_000016_059,in_000016_059,charge,2200,94,2106,2026-11-27
txn_000016_060,in_000016_060,charge,2199,94,2105,2026-12-27
txn_000016_061,in_000016_061,charge,2295,97,2198,2027-01-27
txn_000016_062,in_000016_062,charge,2230,95,2135,2027-02-27
txn_000016_063,in_000016_063,charge,2254,95,2159,2027-03-27
txn_000016_064,in_000016_064,charge,2338,98,2240,2027-04-27
txn_000016_065,in_000016_065,charge,2376,99,2277,2027-05-27
txn_000016_066,in_000016_066,charge,2366,99,2267,2027-06-27
txn_000016_067,in_000016_067,charge,2222,94,2128,2027-07-27
txn_000016_068,in_000016_068,charge,2203,94,2109,2027-08-27
txn_000016_069,in_000016_069,charge,2265,96,2169,2027-09-27
txn_000016_070,in_000016_070,charge,2324,97,2227,2027-10-27
txn_000016_071,in_000016_071,charge,2361,98,2263,2027-11-27
txn_000016_072,in_000016_072,charge,2283,96,2187,2027-12-27
txn_000016_073,in_000016_073,charge,2218,94,2124,2028-01-27
txn_000016_074,in_000016_074,charge,2376,99,2277,2028-02-27
txn_000016_075,in_000016_075,charge,2339,98,2241,2028-03-27
txn_000016_076,in_000016_076,charge,2274,96,2178,2028-04-27
txn_000016_077,in_000016_077,charge,2284,96,2188,2028-05-27
txn_000016_078,in_000016_078,charge,2192,94,2098,2028-06-27
txn_000016_079,in_000016_079,charge,2379,99,2280,2028-07-27
txn_000016_080,in_000016_080,charge,2379,99,2280,2028-08-27
txn_000016_081,in_000016_081,charge,2288,96,2192,2028-09-27
txn_000016_082,in_000016_082,charge,1945,86,1859,2028-10-27
txn_000016_083,in_000016_083,charge,2371,99,2272,2028-11-27
txn_000016_084,in_000016_084,charge,2301,97,2204,2028-12-27
txn_000017_001,in_000017_001,charge,1980,87,1893,2022-01-12
txn_000017_002,in_000017_002,charge,1943,86,1857,2022-02-12
txn_000017_003,in_000017_003,charge,2076,90,1986,2022-03-12
txn_000017_004,in_000017_004,charge,2012,88,1924,2022-04-12
txn_000017_005,in_000017_005,charge,2110,91,2019,2022-05-12
txn_000017_006,in_000017_006,charge,1939,86,1853,2022-06-12
txn_000017_007,in_000017_007,charge,2097,91,2006,2022-07-12
txn_000017_008,in_000017_008,charge,2097,91,2006,2022-08-12
txn_000017_009,in_000017_009,charge,1996,88,1908,2022-09-12
txn_000017_010,in_000017_010,charge,2052,90,1962,2022-10-12
txn_000017_011,in_000017_011,charge,1970,87,1883,2022-11-12
txn_000017_012,in_000017_012,charge,2037,89,1948,2022-12-12
txn_000017_013,in_000017_013,charge,2083,90,1993,2023-01-12
txn_000017_014,in_000017_014,charge,2027,89,1938,2023-02-12
txn_000017_015,in_000017_015,charge,2086,90,1996,2023-03-12
txn_000017_016,in_000017_016,charge,2079,90,1989,2023-04-12
txn_000017_017,in_000017_017,charge,2117,91,2026,2023-05-12
txn_000017_018,in_000017_018,charge,2155,92,2063,2023-06-12
txn_000017_019,in_000017_019,charge,2239,95,2144,2023-07-12
txn_000017_020,in_000017_020,charge,2081,90,1991,2023-08-12
txn_000017_021,in_000017_021,charge,1809,82,1727,2023-09-12
txn_000017_022,in_000017_022,charge,2252,95,2157,2023-10-12
txn_000017_023,in_000017_023,charge,2283,96,2187,2023-11-12
txn_000017_024,in_000017_024,charge,2219,94,2125,2023-12-12
txn_000017_025,in_000017_025,charge,2286,96,2190,2024-01-12
txn_000017_026,in_000017_026,charge,2245,95,2150,2024-02-12
txn_000017_027,in_000017_027,charge,2210,94,2116,2024-03-12
txn_000017_028,in_000017_028,charge,2203,94,2109,2024-04-12
txn_000017_029,in_000017_029,charge,2187,93,2094,2024-05-12
txn_000017_030,in_000017_030,charge,2175,93,2082,2024-06-12
txn_000017_031,in_000017_031,charge,2200,94,2106,2024-07-12
txn_000017_032,in_000017_032,charge,2127,92,2035,2024-08-12
txn_000017_033,in_000017_033,charge,2257,95,2162,2024-09-12
txn_000017_034,in_000017_034,charge,2120,91,2029,2024-10-12
txn_000017_035,in_000017_035,charge,2163,93,2070,2024-11-12
txn_000017_036,in_000017_036,charge,2316,97,2219,2024-12-12
txn_000017_037,in_000017_037,charge,2277,96,2181,2025-01-12
txn_000017_038,in_000017_038,charge,2192,94,2098,2025-02-12
txn_000017_039,in_000017_039,charge,2197,94,2103,2025-03-12
txn_000017_040,in_000017_040,charge,2341,98,2243,2025-04-12
txn_000017_041,in_000017_041,charge,2261,96,2165,2025-05-12
txn_000017_042,in_000017_042,charge,2357,98,2259,2025-06-12
txn_000017_043,in_000017_043,charge,2202,94,2108,2025-07-12
txn_000017_044,in_000017_044,charge,2220,94,2126,2025-08-12
txn_000017_045,in_000017_045,charge,2241,95,2146,2025-09-12
txn_000017_046,in_000017_046,charge,2159,93,2066,2025-10-12
txn_000017_047,in_000017_047,charge,2355,98,2257,2025-11-12
txn_000017_048,in_000017_048,charge,2260,96,2164,2025-12-12
txn_000017_049,in_000017_049,charge,2357,98,2259,2026-01-12
txn_000017_050,in_000017_050,charge,2286,96,2190,2026-02-12
txn_000017_051,in_000017_051,charge,2306,97,2209,2026-03-12
txn_000017_052,in_000017_052,charge,2218,94,2124,2026-04-12
txn_000017_053,in_000017_053,charge,2372,99,2273,2026-05-12
txn_000017_054,in_000017_054,charge,2385,99,2286,2026-06-12
txn_000017_055,in_000017_055,charge,2336,98,2238,2026-07-12
txn_000017_056,in_000017_056,charge,2272,96,2176,2026-08-12
txn_000017_057,in_000017_057,charge,2217,94,2123,2026-09-12
txn_000017_058,in_000017_058,charge,2228,95,2133,2026-10-12
txn_000017_059,in_000017_059,charge,2296,97,2199,2026-11-12
txn_000017_060,in_000017_060,charge,2212,94,2118,2026-12-12
txn_000017_061,in_000017_061,charge,2358,98,2260,2027-01-12
txn_000017_062,in_000017_062,charge,2164,93,2071,2027-02-12
txn_000017_063,in_000017_063,charge,2344,98,2246,2027-03-12
txn_000017_064,in_000017_064,charge,2194,94,2100,2027-04-12
txn_000017_065,in_000017_065,charge,2189,93,2096,2027-05-12
txn_000017_066,in_000017_066,charge,2389,99,2290,2027-06-12
txn_000017_067,in_000017_067,charge,2197,94,2103,2027-07-12
txn_000017_068,in_000017_068,charge,2303,97,2206,2027-08-12
txn_000017_069,in_000017_069,charge,2385,99,2286,2027-09-12
txn_000017_070,in_000017_070,charge,2194,94,2100,2027-10-12
txn_000017_071,in_000017_071,charge,2224,94,2130,2027-11-12
txn_000017_072,in_000017_072,charge,2313,97,2216,2027-12-12
txn_000017_073,in_000017_073,charge,2352,98,2254,2028-01-12
txn_000017_074,in_000017_074,charge,2259,96,2163,2028-02-12
txn_000017_075,in_000017_075,charge,2276,96,2180,2028-03-12
txn_000017_076,in_000017_076,charge,2311,97,2214,2028-04-12
txn_000017_077,in_000017_077,charge,2390,99,2291,2028-05-12
txn_000017_078,in_000017_078,charge,2184,93,2091,2028-06-12
txn_000017_079,in_000017_079,charge,2384,99,2285,2028-07-12
txn_000017_080,in_000017_080,charge,2267,96,2171,2028-08-12
txn_000017_081,in_000017_081,charge,2174,93,2081,2028-09-12
txn_000017_082,in_000017_082,charge,2243,95,2148,2028-10-12
txn_000017_083,in_000017_083,charge,2352,98,2254,2028-11-12
txn_000017_084,in_000017_084,charge,2257,95,2162,2028-12-12
txn_000018_001,in_000018_001,charge,2050,89,1961,2022-01-23
txn_000018_002,in_000018_002,charge,2004,88,1916,2022-02-23
txn_000018_003,in_000018_003,charge,1941,86,1855,2022-03-23
txn_000018_004,in_000018_004,charge,1937,86,1851,2022-04-23
txn_000018_005,in_000018_005,charge,2031,89,1942,2022-05-23
txn_000018_006,in_000018_006,charge,1577,76,1501,2022-06-23
txn_000018_007,in_000018_007,charge,1610,77,1533,2022-07-23
txn_000018_008,in_000018_008,charge,2112,91,2021,2022-08-23
txn_000018_009,in_000018_009,charge,1983,88,1895,2022-09-23
txn_000018_010,in_000018_010,charge,2131,92,2039,2022-10-23
txn_000018_011,in_000018_011,charge,2140,92,2048,2022-11-23
txn_000018_012,in_000018_012,charge,2061,90,1971,2022-12-23
txn_000018_013,in_000018_013,charge,2041,89,1952,2023-01-23
txn_000018_014,in_000018_014,charge,2101,91,2010,2023-02-23
txn_000018_015,in_000018_015,charge,2101,91,2010,2023-03-23
txn_000018_016,in_000018_016,charge,2058,90,1968,2023-04-23
txn_000018_017,in_000018_017,charge,2179,93,2086,2023-05-23
txn_000018_018,in_000018_018,charge,2045,89,1956,2023-06-23
txn_000018_019,in_000018_019,charge,2073,90,1983,2023-07-23
txn_000018_020,in_000018_020,charge,2129,92,2037,2023-08-23
txn_000018_021,in_000018_021,charge,2081,90,1991,2023-09-23
txn_000018_022,in_000018_022,charge,2156,93,2063,2023-10-23
txn_000018_023,in_000018_023,charge,2257,95,2162,2023-11-23
txn_000018_024,in_000018_024,charge,2265,96,2169,2023-12-23
txn_000018_025,in_000018_025,charge,2127,92,2035,2024-01-23
txn_000018_026,in_000018_026,charge,2146,92,2054,2024-02-23
txn_000018_027,in_000018_027,charge,2211,94,2117,2024-03-23
txn_000018_028,in_000018_028,charge,2273,96,2177,2024-04-23
txn_000018_029,in_000018_029,charge,1638,78,1560,2024-05-23
txn_000018_030,in_000018_030,charge,2206,94,2112,2024-06-23
txn_000018_031,in_000018_031,charge,2196,94,2102,2024-07-23
txn_000018_032,in_000018_032,charge,2290,96,2194,2024-08-23
txn_000018_033,in_000018_033,charge,2197,94,2103,2024-09-23
txn_000018_034,in_000018_034,charge,2231,95,2136,2024-10-23
txn_000018_035,in_000018_035,charge,2245,95,2150,2024-11-23
txn_000018_036,in_000018_036,charge,1833,83,1750,2024-12-23
txn_000018_037,in_000018_037,charge,2328,98,2230,2025-01-23
txn_000018_038,in_000018_038,charge,2169,93,2076,2025-02-23
txn_000018_039,in_000018_039,charge,2239,95,2144,2025-03-23
txn_000018_040,in_000018_040,charge,2346,98,2248,2025-04-23
txn_000018_041,in_000018_041,charge,2187,93,2094,2025-05-23
txn_000018_042,in_000018_042,charge,2186,93,2093,2025-06-23
txn_000018_043,in_000018_043,charge,2193,94,2099,2025-07-23
txn_000018_044,in_000018_044,charge,2194,94,2100,2025-08-23
txn_000018_045,in_000018_045,charge,2190,94,2096,2025-09-23
txn_000018_046,in_000018_046,charge,2348,98,2250,2025-10-23
txn_000018_047,in_000018_047,charge,2238,95,2143,2025-11-23
txn_000018_048,in_000018_048,charge,2241,95,2146,2025-12-23
txn_000018_049,in_000018_049,charge,2301,97,2204,2026-01-23
txn_000018_050,in_000018_050,charge,2364,99,2265,2026-02-23
txn_000018_051,in_000018_051,charge,2185,93,2092,2026-03-23
txn_000018_052,in_000018_052,charge,2188,93,2095,2026-04-23
txn_000018_053,in_000018_053,charge,2190,94,2096,2026-05-23
txn_000018_054,in_000018_054,charge,2334,98,2236,2026-06-23
txn_000018_055,in_000018_055,charge,2282,96,2186,2026-07-23
txn_000018_056,in_000018_056,charge,2172,93,2079,2026-08-23
txn_000018_057,in_000018_057,charge,2236,95,2141,2026-09-23
txn_000018_058,in_000018_058,charge,2293,96,2197,2026-10-23
txn_000018_059,in_000018_059,charge,2201,94,2107,2026-11-23
txn_000018_060,in_000018_060,charge,2276,96,2180,2026-12-23
txn_000018_061,in_000018_061,charge,2383,99,2284,2027-01-23
txn_000018_062,in_000018_062,charge,2253,95,2158,2027-02-23
txn_000018_063,in_000018_063,charge,2191,94,2097,2027-03-23
txn_000018_064,in_000018_064,charge,2206,94,2112,2027-04-23
txn_000018_065,in_000018_065,charge,2359,98,2261,2027-05-23
txn_000018_066,in_000018_066,charge,2244,95,2149,2027-06-23
txn_000018_067,in_000018_067,charge,2260,96,2164,2027-07-23
txn_000018_068,in_000018_068,charge,2373,99,2274,2027-08-23
txn_000018_069,in_000018_069,charge,2251,95,2156,2027-09-23
txn_000018_070,in_000018_070,charge,2265,96,2169,2027-10-23
txn_000018_071,in_000018_071,charge,2267,96,2171,2027-11-23
txn_000018_072,in_000018_072,charge,2288,96,2192,2027-12-23
txn_000018_073,in_000018_073,charge,2241,95,2146,2028-01-23
txn_000018_074,in_000018_074,charge,2184,93,2091,2028-02-23
txn_000018_075,in_000018_075,charge,2327,97,2230,2028-03-23
txn_000018_076,in_000018_076,charge,2211,94,2117,2028-04-23
txn_000018_077,in_000018_077,charge,2334,98,2236,2028-05-23
txn_000018_078,in_000018_078,charge,2350,98,2252,2028-06-23
txn_000018_079,in_000018_079,charge,2298,97,2201,2028-07-23
txn_000018_080,in_000018_080,charge,2174,93,2081,2028-08-23
txn_000018_081,in_000018_081,charge,2252,95,2157,2028-09-23
txn_000018_082,in_000018_082,charge,2047,89,1958,2028-10-23
txn_000018_083,in_000018_083,charge,2317,97,2220,2028-11-23
txn_000018_084,in_000018_084,charge,2168,93,2075,2028-12-23
txn_000019_001,in_000019_001,charge,2070,90,1980,2022-01-27
txn_000019_002,in_000019_002,charge,1485,73,1412,2022-02-27
txn_000019_003,in_000019_003,charge,1978,87,1891,2022-03-27
txn_000019_004,in_000019_004,charge,1993,88,1905,2022-04-27
txn_000019_005,in_000019_005,charge,1978,87,1891,2022-05-27
txn_000019_006,in_000019_006,charge,2086,90,1996,2022-06-27
txn_000019_007,in_000019_007,charge,2044,89,1955,2022-07-27
txn_000019_008,in_000019_008,charge,2141,92,2049,2022-08-27
txn_000019_009,in_000019_009,charge,1991,88,1903,2022-09-27
txn_000019_010,in_000019_010,charge,2142,92,2050,2022-10-27
txn_000019_011,in_000019_011,charge,1991,88,1903,2022-11-27
txn_000019_012,in_000019_012,charge,2079,90,1989,2022-12-27
txn_000019_013,in_000019_013,charge,2193,94,2099,2023-01-27
txn_000019_014,in_000019_014,charge,2085,90,1995,2023-02-27
txn_000019_015,in_000019_015,charge,2091,91,2000,2023-03-27
txn_000019_016,in_000019_016,charge,2179,93,2086,2023-04-27
txn_000019_017,in_000019_017,charge,2080,90,1990,2023-05-27
txn_000019_018,in_000019_018,charge,1762,81,1681,2023-06-27
txn_000019_019,in_000019_019,charge,2134,92,2042,2023-07-27
txn_000019_020,in_000019_020,charge,2078,90,1988,2023-08-27
txn_000019_021,in_000019_021,charge,2132,92,2040,2023-09-27
txn_000019_022,in_000019_022,charge,2068,90,1978,2023-10-27
txn_000019_023,in_000019_023,charge,2180,93,2087,2023-11-27
txn_000019_024,in_000019_024,charge,2105,91,2014,2023-12-27
txn_000019_025,in_000019_025,charge,2154,92,2062,2024-01-27
txn_000019_026,in_000019_026,charge,2291,96,2195,2024-02-27
txn_000019_027,in_000019_027,charge,2265,96,2169,2024-03-27
txn_000019_028,in_000019_028,charge,2109,91,2018,2024-04-27
txn_000019_029,in_000019_029,charge,2287,96,2191,2024-05-27
txn_000019_030,in_000019_030,charge,2194,94,2100,2024-06-27
txn_000019_031,in_000019_031,charge,2111,91,2020,2024-07-27
txn_000019_032,in_000019_032,charge,2327,97,2230,2024-08-27
txn_000019_033,in_000019_033,charge,2120,91,2029,2024-09-27
txn_000019_034,in_000019_034,charge,2182,93,2089,2024-10-27
txn_000019_035,in_000019_035,charge,2129,92,2037,2024-11-27
txn_000019_036,in_000019_036,charge,2310,97,2213,2024-12-27
txn_000019_037,in_000019_037,charge,2141,92,2049,2025-01-27
txn_000019_038,in_000019_038,charge,2165,93,2072,2025-02-27
txn_000019_039,in_000019_039,charge,2339,98,2241,2025-03-27
txn_000019_040,in_000019_040,charge,2225,95,2130,2025-04-27
txn_000019_041,in_000019_041,charge,2153,92,2061,2025-05-27
txn_000019_042,in_000019_042,charge,2212,94,2118,2025-06-27
txn_000019_043,in_000019_043,charge,2209,94,2115,2025-07-27
txn_000019_044,in_000019_044,charge,2169,93,2076,2025-08-27
txn_000019_045,in_000019_045,charge,2311,97,2214,2025-09-27
txn_000019_046,in_000019_046,charge,2375,99,2276,2025-10-27
txn_000019_047,in_000019_047,charge,2371,99,2272,2025-11-27
txn_000019_048,in_000019_048,charge,2340,98,2242,2025-12-27
txn_000019_049,in_000019_049,charge,2286,96,2190,2026-01-27
txn_000019_050,in_000019_050,charge,2383,99,2284,2026-02-27
txn_000019_051,in_000019_051,charge,2272,96,2176,2026-03-27
txn_000019_052,in_000019_052,charge,2250,95,2155,2026-04-27
txn_000019_053,in_000019_053,charge,2251,95,2156,2026-05-27
txn_000019_054,in_000019_054,charge,2180,93,2087,2026-06-27
txn_000019_055,in_000019_055,charge,2264,96,2168,2026-07-27
txn_000019_056,in_000019_056,charge,1999,88,1911,2026-08-27
txn_000019_057,in_000019_057,charge,2209,94,2115,2026-09-27
txn_000019_058,in_000019_058,charge,2212,94,2118,2026-10-27
txn_000019_059,in_000019_059,charge,2375,99,2276,2026-11-27
txn_000019_060,in_000019_060,charge,1926,86,1840,2026-12-27
txn_000019_061,in_000019_061,charge,2177,93,2084,2027-01-27
txn_000019_062,in_000019_062,charge,2292,96,2196,2027-02-27
txn_000019_063,in_000019_063,charge,2284,96,2188,2027-03-27
txn_000019_064,in_000019_064,charge,2208,94,2114,2027-04-27
txn_000019_065,in_000019_065,charge,2303,97,2206,2027-05-27
txn_000019_066,in_000019_066,charge,2378,99,2279,2027-06-27
txn_000019_067,in_000019_067,charge,2183,93,2090,2027-07-27
txn_000019_068,in_000019_068,charge,2262,96,2166,2027-08-27
txn_000019_069,in_000019_069,charge,2248,95,2153,2027-09-27
txn_000019_070,in_000019_070,charge,2285,96,2189,2027-10-27
txn_000019_071,in_000019_071,charge,2235,95,2140,2027-11-27
txn_000019_072,in_000019_072,charge,2315,97,2218,2027-12-27
txn_000019_073,in_000019_073,charge,2214,94,2120,2028-01-27
txn_000019_074,in_000019_074,charge,2201,94,2107,2028-02-27
txn_000019_075,in_000019_075,charge,2205,94,2111,2028-03-27
txn_000019_076,in_000019_076,charge,2275,96,2179,2028-04-27
txn_000019_077,in_000019_077,charge,2278,96,2182,2028-05-27
txn_000019_078,in_000019_078,charge,2389,99,2290,2028-06-27
txn_000019_079,in_000019_079,charge,2271,96,2175,2028-07-27
txn_000019_080,in_000019_080,charge,2177,93,2084,2028-08-27
txn_000019_081,in_000019_081,charge,2214,94,2120,2028-09-27
txn_000019_082,in_000019_082,charge,2174,93,2081,2028-10-27
txn_000019_083,in_000019_083,charge,2269,96,2173,2028-11-27
txn_000019_084,in_000019_084,charge,2270,96,2174,2028-12-27
txn_000020_001,in_000020_001,charge,2064,90,1974,2022-01-04
txn_000020_002,in_000020_002,charge,2063,90,1973,2022-02-04
txn_000020_003,in_000020_003,charge,2040,89,1951,2022-03-04
txn_000020_004,in_000020_004,charge,2045,89,1956,2022-04-04
txn_000020_005,in_000020_005,charge,2057,90,1967,2022-05-04
txn_000020_006,in_000020_006,charge,2124,92,2032,2022-06-04
txn_000020_007,in_000020_007,charge,2022,89,1933,2022-07-04
txn_000020_008,in_000020_008,charge,2047,89,1958,2022-08-04
txn_000020_009,in_000020_009,charge,2047,89,1958,2022-09-04
txn_000020_010,in_000020_010,charge,2115,91,2024,2022-10-04
txn_000020_011,in_000020_011,charge,2011,88,1923,2022-11-04
txn_000020_012,in_000020_012,charge,2134,92,2042,2022-12-04
txn_000020_013,in_000020_013,charge,2044,89,1955,2023-01-04
txn_000020_014,in_000020_014,charge,2196,94,2102,2023-02-04
txn_000020_015,in_000020_015,charge,2045,89,1956,2023-03-04
txn_000020_016,in_000020_016,charge,2123,92,2031,2023-04-04
txn_000020_017,in_000020_017,charge,2181,93,2088,2023-05-04
txn_000020_018,in_000020_018,charge,2065,90,1975,2023-06-04
txn_000020_019,in_000020_019,charge,2138,92,2046,2023-07-04
txn_000020_020,in_000020_020,charge,2102,91,2011,2023-08-04
txn_000020_021,in_000020_021,charge,2078,90,1988,2023-09-04
txn_000020_022,in_000020_022,charge,2212,94,2118,2023-10-04
txn_000020_023,in_000020_023,charge,2172,93,2079,2023-11-04
txn_000020_024,in_000020_024,charge,2238,95,2143,2023-12-04
txn_000020_025,in_000020_025,charge,2177,93,2084,2024-01-04
txn_000020_026,in_000020_026,charge,2136,92,2044,2024-02-04
txn_000020_027,in_000020_027,charge,2126,92,2034,2024-03-04
txn_000020_028,in_000020_028,charge,2177,93,2084,2024-04-04
txn_000020_029,in_000020_029,charge,2261,96,2165,2024-05-04
txn_000020_030,in_000020_030,charge,2159,93,2066,2024-06-04
txn_000020_031,in_000020_031,charge,2200,94,2106,2024-07-04
txn_000020_032,in_000020_032,charge,2189,93,2096,2024-08-04
txn_000020_033,in_000020_033,charge,2281,96,2185,2024-09-04
txn_000020_034,in_000020_034,charge,2226,95,2131,2024-10-04
txn_000020_035,in_000020_035,charge,2313,97,2216,2024-11-04
txn_000020_036,in_000020_036,charge,2260,96,2164,2024-12-04
txn_000020_037,in_000020_037,charge,2331,98,2233,2025-01-04
txn_000020_038,in_000020_038,charge,2234,95,2139,2025-02-04
txn_000020_039,in_000020_039,charge,2137,92,2045,2025-03-04
txn_000020_040,in_000020_040,charge,2247,95,2152,2025-04-04
txn_000020_041,in_000020_041,charge,2267,96,2171,2025-05-04
txn_000020_042,in_000020_042,charge,2330,98,2232,2025-06-04
txn_000020_043,in_000020_043,charge,2196,94,2102,2025-07-04
txn_000020_044,in_000020_044,charge,2339,98,2241,2025-08-04
txn_000020_045,in_000020_045,charge,2348,98,2250,2025-09-04
txn_000020_046,in_000020_046,charge,2225,95,2130,2025-10-04
txn_000020_047,in_000020_047,charge,2217,94,2123,2025-11-04
txn_000020_048,in_000020_048,charge,2373,99,2274,2025-12-04
txn_000020_049,in_000020_049,charge,2289,96,2193,2026-01-04
txn_000020_050,in_000020_050,charge,2201,94,2107,2026-02-04
txn_000020_051,in_000020_051,charge,2175,93,2082,2026-03-04
txn_000020_052,in_000020_052,charge,2254,95,2159,2026-04-04
txn_000020_053,in_000020_053,charge,2317,97,2220,2026-05-04
txn_000020_054,in_000020_054,charge,2202,94,2108,2026-06-04
txn_000020_055,in_000020_055,charge,2222,94,2128,2026-07-04
txn_000020_056,in_000020_056,charge,2194,94,2100,2026-08-04
txn_000020_057,in_000020_057,charge,2348,98,2250,2026-09-04
txn_000020_058,in_000020_058,charge,2225,95,2130,2026-10-04
txn_000020_059,in_000020_059,charge,2222,94,2128,2026-11-04
txn_000020_060,in_000020_060,charge,2261,96,2165,2026-12-04
txn_000020_061,in_000020_061,charge,2339,98,2241,2027-01-04
txn_000020_062,in_000020_062,charge,2248,95,2153,2027-02-04
txn_000020_063,in_000020_063,charge,1737,80,1657,2027-03-04
txn_000020_064,in_000020_064,charge,2050,89,1961,2027-04-04
txn_000020_065,in_000020_065,charge,2280,96,2184,2027-05-04
txn_000020_066,in_000020_066,charge,2182,93,2089,2027-06-04
txn_000020_067,in_000020_067,charge,2332,98,2234,2027-07-04
txn_000020_068,in_000020_068,charge,2205,94,2111,2027-08-04
txn_000020_069,in_000020_069,charge,2256,95,2161,2027-09-04
txn_000020_070,in_000020_070,charge,2358,98,2260,2027-10-04
txn_000020_071,in_000020_071,charge,2319,97,2222,2027-11-04
txn_000020_072,in_000020_072,charge,2256,95,2161,2027-12-04
txn_000020_073,in_000020_073,charge,2372,99,2273,2028-01-04
txn_000020_074,in_000020_074,charge,2328,98,2230,2028-02-04
txn_000020_075,in_000020_075,charge,2184,93,2091,2028-03-04
txn_000020_076,in_000020_076,charge,2208,94,2114,2028-04-04
txn_000020_077,in_000020_077,charge,2268,96,2172,2028-05-04
txn_000020_078,in_000020_078,charge,2343,98,2245,2028-06-04
txn_000020_079,in_000020_079,charge,2345,98,2247,2028-07-04
txn_000020_080,in_000020_080,charge,2225,95,2130,2028-08-04
txn_000020_081,in_000020_081,charge,2193,94,2099,2028-09-04
txn_000020_082,in_000020_082,charge,2254,95,2159,2028-10-04
txn_000020_083,in_000020_083,charge,2355,98,2257,2028-11-04
txn_000020_084,in_000020_084,charge,2170,93,2077,2028-12-04
txn_000021_001,in_000021_001,charge,2028,89,1939,2022-01-19
txn_000021_002,in_000021_002,charge,1948,86,1862,2022-02-19
txn_000021_003,in_000021_003,charge,2083,90,1993,2022-03-19
txn_000021_004,in_000021_004,charge,1963,87,1876,2022-04-19
txn_000021_005,in_000021_005,charge,2099,91,2008,2022-05-19
txn_000021_006,in_000021_006,charge,2055,90,1965,2022-06-19
txn_000021_007,in_000021_007,charge,1961,87,1874,2022-07-19
txn_000021_008,in_000021_008,charge,2136,92,2044,2022-08-19
txn_000021_009,in_000021_009,charge,2043,89,1954,2022-09-19
txn_000021_010,in_000021_010,charge,2070,90,1980,2022-10-19
txn_000021_011,in_000021_011,charge,2140,92,2048,2022-11-19
txn_000021_012,in_000021_012,charge,2039,89,1950,2022-12-19
txn_000021_013,in_000021_013,charge,2037,89,1948,2023-01-19
txn_000021_014,in_000021_014,charge,2101,91,2010,2023-02-19
txn_000021_015,in_000021_015,charge,2087,91,1996,2023-03-19
txn_000021_016,in_000021_016,charge,2205,94,2111,2023-04-19
txn_000021_017,in_000021_017,charge,2176,93,2083,2023-05-19
txn_000021_018,in_000021_018,charge,2139,92,2047,2023-06-19
txn_000021_019,in_000021_019,charge,2205,94,2111,2023-07-19
txn_000021_020,in_000021_020,charge,2198,94,2104,2023-08-19
txn_000021_021,in_000021_021,charge,2263,96,2167,2023-09-19
txn_000021_022,in_000021_022,charge,2197,94,2103,2023-10-19
txn_000021_023,in_000021_023,charge,2282,96,2186,2023-11-19
txn_000021_024,in_000021_024,charge,2165,93,2072,2023-12-19
txn_000021_025,in_000021_025,charge,2141,92,2049,2024-01-19
txn_000021_026,in_000021_026,charge,2167,93,2074,2024-02-19
txn_000021_027,in_000021_027,charge,2281,96,2185,2024-03-19
txn_000021_028,in_000021_028,charge,2260,96,2164,2024-04-19
txn_000021_029,in_000021_029,charge,2229,95,2134,2024-05-19
txn_000021_030,in_000021_030,charge,1954,87,1867,2024-06-19
txn_000021_031,in_000021_031,charge,2261,96,2165,2024-07-19
txn_000021_032,in_000021_032,charge,2217,94,2123,2024-08-19
txn_000021_033,in_000021_033,charge,2188,93,2095,2024-09-19
txn_000021_034,in_000021_034,charge,2122,92,2030,2024-10-19
txn_000021_035,in_000021_035,charge,2330,98,2232,2024-11-19
txn_000021_036,in_000021_036,charge,2291,96,2195,2024-12-19
txn_000021_037,in_000021_037,charge,2321,97,2224,2025-01-19
txn_000021_038,in_000021_038,charge,2329,98,2231,2025-02-19
txn_000021_039,in_000021_039,charge,2252,95,2157,2025-03-19
txn_000021_040,in_000021_040,charge,2191,94,2097,2025-04-19
txn_000021_041,in_000021_041,charge,2145,92,2053,2025-05-19
txn_000021_042,in_000021_042,charge,2302,97,2205,2025-06-19
txn_000021_043,in_000021_043,charge,2313,97,2216,2025-07-19
txn_000021_044,in_000021_044,charge,2255,95,2160,2025-08-19
txn_000021_045,in_000021_045,charge,2296,97,2199,2025-09-19
txn_000021_046,in_000021_046,charge,2355,98,2257,2025-10-19
txn_000021_047,in_000021_047,charge,2236,95,2141,2025-11-19
txn_000021_048,in_000021_048,charge,2191,94,2097,2025-12-19
txn_000021_049,in_000021_049,charge,2368,99,2269,2026-01-19
txn_000021_050,in_000021_050,charge,2238,95,2143,2026-02-19
txn_000021_051,in_000021_051,charge,2210,94,2116,2026-03-19
txn_000021_052,in_000021_052,charge,2190,94,2096,2026-04-19
txn_000021_053,in_000021_053,charge,2387,99,2288,2026-05-19
txn_000021_054,in_000021_054,charge,2192,94,2098,2026-06-19
txn_000021_055,in_000021_055,charge,2294,97,2197,2026-07-19
txn_000021_056,in_000021_056,charge,2306,97,2209,2026-08-19
txn_000021_057,in_000021_057,charge,2308,97,2211,2026-09-19
txn_000021_058,in_000021_058,charge,2324,97,2227,2026-10-19
txn_000021_059,in_000021_059,charge,2241,95,2146,2026-11-19
txn_000021_060,in_000021_060,charge,2201,94,2107,2026-12-19
txn_000021_061,in_000021_061,charge,2222,94,2128,2027-01-19
txn_000021_062,in_000021_062,charge,2218,94,2124,2027-02-19
txn_000021_063,in_000021_063,charge,2237,95,2142,2027-03-19
txn_000021_064,in_000021_064,charge,2357,98,2259,2027-04-19
txn_000021_065,in_000021_065,charge,2336,98,2238,2027-05-19
txn_000021_066,in_000021_066,charge,2212,94,2118,2027-06-19
txn_000021_067,in_000021_067,charge,2369,99,2270,2027-07-19
txn_000021_068,in_000021_068,charge,2292,96,2196,2027-08-19
txn_000021_069,in_000021_069,charge,2288,96,2192,2027-09-19
txn_000021_070,in_000021_070,charge,2301,97,2204,2027-10-19
txn_000021_071,in_000021_071,charge,2193,94,2099,2027-11-19
txn_000021_072,in_000021_072,charge,2316,97,2219,2027-12-19
txn_000021_073,in_000021_073,charge,2179,93,2086,2028-01-19
txn_000021_074,in_000021_074,charge,2255,95,2160,2028-02-19
txn_000021_075,in_000021_075,charge,2213,94,2119,2028-03-19
txn_000021_076,in_000021_076,charge,2331,98,2233,2028-04-19
txn_000021_077,in_000021_077,charge,2351,98,2253,2028-05-19
txn_000021_078,in_000021_078,charge,2335,98,2237,2028-06-19
txn_000021_079,in_000021_079,charge,2276,96,2180,2028-07-19
txn_000021_080,in_000021_080,charge,2373,99,2274,2028-08-19
txn_000021_081,in_000021_081,charge,2283,96,2187,2028-09-19
txn_000021_082,in_000021_082,charge,2330,98,2232,2028-10-19
txn_000021_083,in_000021_083,charge,2280,96,2184,2028-11-19
txn_000021_084,in_000021_084,charge,2372,99,2273,2028-12-19
txn_000022_001,in_000022_001,charge,1994,88,1906,2022-01-05
txn_000022_002,in_000022_002,charge,1996,88,1908,2022-02-05
txn_000022_003,in_000022_003,charge,1955,87,1868,2022-03-05
txn_000022_004,in_000022_004,charge,1918,86,1832,2022-04-05
txn_000022_005,in_000022_005,charge,2079,90,1989,2022-05-05
txn_000022_006,in_000022_006,charge,1936,86,1850,2022-06-05
txn_000022_007,in_000022_007,charge,1966,87,1879,2022-07-05
txn_000022_008,in_000022_008,charge,1978,87,1891,2022-08-05
txn_000022_009,in_000022_009,charge,2019,89,1930,2022-09-05
txn_000022_010,in_000022_010,charge,2046,89,1957,2022-10-05
txn_000022_011,in_000022_011,charge,2018,89,1929,2022-11-05
txn_000022_012,in_000022_012,charge,2083,90,1993,2022-12-05
txn_000022_013,in_000022_013,charge,2165,93,2072,2023-01-05
txn_000022_014,in_000022_014,charge,2042,89,1953,2023-02-05
txn_000022_015,in_000022_015,charge,2056,90,1966,2023-03-05
txn_000022_016,in_000022_016,charge,2135,92,2043,2023-04-05
txn_000022_017,in_000022_017,charge,2230,95,2135,2023-05-05
txn_000022_018,in_000022_018,charge,2163,93,2070,2023-06-05
txn_000022_019,in_000022_019,charge,2235,95,2140,2023-07-05
txn_000022_020,in_000022_020,charge,2157,93,2064,2023-08-05
txn_000022_021,in_000022_021,charge,2116,91,2025,2023-09-05
txn_000022_022,in_000022_022,charge,2273,96,2177,2023-10-05
txn_000022_023,in_000022_023,charge,2264,96,2168,2023-11-05
txn_000022_024,in_000022_024,charge,2134,92,2042,2023-12-05
txn_000022_025,in_000022_025,charge,2199,94,2105,2024-01-05
txn_000022_026,in_000022_026,charge,2194,94,2100,2024-02-05
txn_000022_027,in_000022_027,charge,2177,93,2084,2024-03-05
txn_000022_028,in_000022_028,charge,2164,93,2071,2024-04-05
txn_000022_029,in_000022_029,charge,2123,92,2031,2024-05-05
txn_000022_030,in_000022_030,charge,2287,96,2191,2024-06-05
txn_000022_031,in_000022_031,charge,2153,92,2061,2024-07-05
txn_000022_032,in_000022_032,charge,1866,84,1782,2024-08-05
txn_000022_033,in_000022_033,charge,2150,92,2058,2024-09-05
txn_000022_034,in_000022_034,charge,2176,93,2083,2024-10-05
txn_000022_035,in_000022_035,charge,2131,92,2039,2024-11-05
txn_000022_036,in_000022_036,charge,2128,92,2036,2024-12-05
txn_000022_037,in_000022_037,charge,2162,93,2069,2025-01-05
txn_000022_038,in_000022_038,charge,2230,95,2135,2025-02-05
txn_000022_039,in_000022_039,charge,2149,92,2057,2025-03-05
txn_000022_040,in_000022_040,charge,2020,89,1931,2025-04-05
txn_000022_041,in_000022_041,charge,2342,98,2244,2025-05-05
txn_000022_042,in_000022_042,charge,2176,93,2083,2025-06-05
txn_000022_043,in_000022_043,charge,2294,97,2197,2025-07-05
txn_000022_044,in_000022_044,charge,2283,96,2187,2025-08-05
txn_000022_045,in_000022_045,charge,2262,96,2166,2025-09-05
txn_000022_046,in_000022_046,charge,2262,96,2166,2025-10-05
txn_000022_047,in_000022_047,charge,1831,83,1748,2025-11-05
txn_000022_048,in_000022_048,charge,1885,85,1800,2025-12-05
txn_000022_049,in_000022_049,charge,2309,97,2212,2026-01-05
txn_000022_050,in_000022_050,charge,2339,98,2241,2026-02-05
txn_000022_051,in_000022_051,charge,2324,97,2227,2026-03-05
txn_000022_052,in_000022_052,charge,2270,96,2174,2026-04-05
txn_000022_053,in_000022_053,charge,1897,85,1812,2026-05-05
txn_000022_054,in_000022_054,charge,2266,96,2170,2026-06-05
txn_000022_055,in_000022_055,charge,2202,94,2108,2026-07-05
txn_000022_056,in_000022_056,charge,2373,99,2274,2026-08-05
txn_000022_057,in_000022_057,charge,1697,79,1618,2026-09-05
txn_000022_058,in_000022_058,charge,1778,82,1696,2026-10-05
txn_000022_059,in_000022_059,charge,2383,99,2284,2026-11-05
txn_000022_060,in_000022_060,charge,2383,99,2284,2026-12-05
txn_000022_061,in_000022_061,charge,2180,93,2087,2027-01-05
txn_000022_062,in_000022_062,charge,2302,97,2205,2027-02-05
txn_000022_063,in_000022_063,charge,2257,95,2162,2027-03-05
txn_000022_064,in_000022_064,charge,2197,94,2103,2027-04-05
txn_000022_065,in_000022_065,charge,2179,93,2086,2027-05-05
txn_000022_066,in_000022_066,charge,2355,98,2257,2027-06-05
txn_000022_067,in_000022_067,charge,2278,96,2182,2027-07-05
txn_000022_068,in_000022_068,charge,2383,99,2284,2027-08-05
txn_000022_069,in_000022_069,charge,2246,95,2151,2027-09-05
txn_000022_070,in_000022_070,charge,2212,94,2118,2027-10-05
txn_000022_071,in_000022_071,charge,2377,99,2278,2027-11-05
txn_000022_072,in_000022_072,charge,2211,94,2117,2027-12-05
txn_000022_073,in_000022_073,charge,2248,95,2153,2028-01-05
txn_000022_074,in_000022_074,charge,2217,94,2123,2028-02-05
txn_000022_075,in_000022_075,charge,2373,99,2274,2028-03-05
txn_000022_076,in_000022_076,charge,2320,97,2223,2028-04-05
txn_000022_077,in_000022_077,charge,2196,94,2102,2028-05-05
txn_000022_078,in_000022_078,charge,2316,97,2219,2028-06-05
txn_000022_079,in_000022_079,charge,2178,93,2085,2028-07-05
txn_000022_080,in_000022_080,charge,2334,98,2236,2028-08-05
txn_000022_081,in_000022_081,charge,2238,95,2143,2028-09-05
txn_000022_082,in_000022_082,charge,2281,96,2185,2028-10-05
txn_000022_083,in_000022_083,charge,2264,96,2168,2028-11-05
txn_000022_084,in_000022_084,charge,2310,97,2213,2028-12-05
txn_000023_001,in_000023_001,charge,2077,90,1987,2022-01-15
txn_000023_002,in_000023_002,charge,1934,86,1848,2022-02-15
txn_000023_003,in_000023_003,charge,1727,80,1647,2022-03-15
txn_000023_004,in_000023_004,charge,1946,86,1860,2022-04-15
txn_000023_005,in_000023_005,charge,2007,88,1919,2022-05-15
txn_000023_006,in_000023_006,charge,1543,75,1468,2022-06-15
txn_000023_007,in_000023_007,charge,2011,88,1923,2022-07-15
txn_000023_008,in_000023_008,charge,1672,78,1594,2022-08-15
txn_000023_009,in_000023_009,charge,2046,89,1957,2022-09-15
txn_000023_010,in_000023_010,charge,2128,92,2036,2022-10-15
txn_000023_011,in_000023_011,charge,2080,90,1990,2022-11-15
txn_000023_012,in_000023_012,charge,1983,88,1895,2022-12-15
txn_000023_013,in_000023_013,charge,2060,90,1970,2023-01-15
txn_000023_014,in_000023_014,charge,2016,88,1928,2023-02-15
txn_000023_015,in_000023_015,charge,1717,80,1637,2023-03-15
txn_000023_016,in_000023_016,charge,2173,93,2080,2023-04-15
txn_000023_017,in_000023_017,charge,2187,93,2094,2023-05-15
txn_000023_018,in_000023_018,charge,2225,95,2130,2023-06-15
txn_000023_019,in_000023_019,charge,2044,89,1955,2023-07-15
txn_000023_020,in_000023_020,charge,2161,93,2068,2023-08-15
txn_000023_021,in_000023_021,charge,2124,92,2032,2023-09-15
txn_000023_022,in_000023_022,charge,2062,90,1972,2023-10-15
txn_000023_023,in_000023_023,charge,2250,95,2155,2023-11-15
txn_000023_024,in_000023_024,charge,2180,93,2087,2023-12-15
txn_000023_025,in_000023_025,charge,2183,93,2090,2024-01-15
txn_000023_026,in_000023_026,charge,2094,91,2003,2024-02-15
txn_000023_027,in_000023_027,charge,2145,92,2053,2024-03-15
txn_000023_028,in_000023_028,charge,2111,91,2020,2024-04-15
txn_000023_029,in_000023_029,charge,2300,97,2203,2024-05-15
txn_000023_030,in_000023_030,charge,2314,97,2217,2024-06-15
txn_000023_031,in_000023_031,charge,2215,94,2121,2024-07-15
txn_000023_032,in_000023_032,charge,2206,94,2112,2024-08-15
txn_000023_033,in_000023_033,charge,2301,97,2204,2024-09-15
txn_000023_034,in_000023_034,charge,2233,95,2138,2024-10-15
txn_000023_035,in_000023_035,charge,2161,93,2068,2024-11-15
txn_000023_036,in_000023_036,charge,2130,92,2038,2024-12-15
txn_000023_037,in_000023_037,charge,2172,93,2079,2025-01-15
txn_000023_038,in_000023_038,charge,2171,93,2078,2025-02-15
txn_000023_039,in_000023_039,charge,2192,94,2098,2025-03-15
txn_000023_040,in_000023_040,charge,2214,94,2120,2025-04-15
txn_000023_041,in_000023_041,charge,2244,95,2149,2025-05-15
txn_000023_042,in_000023_042,charge,2334,98,2236,2025-06-15
txn_000023_043,in_000023_043,charge,2193,94,2099,2025-07-15
txn_000023_044,in_000023_044,charge,1782,82,1700,2025-08-15
txn_000023_045,in_000023_045,charge,2179,93,2086,2025-09-15
txn_000023_046,in_000023_046,charge,2323,97,2226,2025-10-15
txn_000023_047,in_000023_047,charge,2340,98,2242,2025-11-15
txn_000023_048,in_000023_048,charge,2297,97,2200,2025-12-15
txn_000023_049,in_000023_049,charge,2325,97,2228,2026-01-15
txn_000023_050,in_000023_050,charge,2240,95,2145,2026-02-15
txn_000023_051,in_000023_051,charge,2280,96,2184,2026-03-15
txn_000023_052,in_000023_052,charge,2203,94,2109,2026-04-15
txn_000023_053,in_000023_053,charge,2165,93,2072,2026-05-15
txn_000023_054,in_000023_054,charge,1952,87,1865,2026-06-15
txn_000023_055,in_000023_055,charge,2217,94,2123,2026-07-15
txn_000023_056,in_000023_056,charge,2170,93,2077,2026-08-15
txn_000023_057,in_000023_057,charge,2206,94,2112,2026-09-15
txn_000023_058,in_000023_058,charge,2250,95,2155,2026-10-15
txn_000023_059,in_000023_059,charge,2237,95,2142,2026-11-15
txn_000023_060,in_000023_060,charge,2168,93,2075,2026-12-15
txn_000023_061,in_000023_061,charge,2334,98,2236,2027-01-15
txn_000023_062,in_000023_062,charge,2374,99,2275,2027-02-15
txn_000023_063,in_000023_063,charge,2283,96,2187,2027-03-15
txn_000023_064,in_000023_064,charge,2338,98,2240,2027-04-15
txn_000023_065,in_000023_065,charge,2354,98,2256,2027-05-15
txn_000023_066,in_000023_066,charge,2261,96,2165,2027-06-15
txn_000023_067,in_000023_067,charge,2346,98,2248,2027-07-15
txn_000023_068,in_000023_068,charge,2374,99,2275,2027-08-15
txn_000023_069,in_000023_069,charge,2388,99,2289,2027-09-15
txn_000023_070,in_000023_070,charge,2183,93,2090,2027-10-15
txn_000023_071,in_000023_071,charge,2170,93,2077,2027-11-15
txn_000023_072,in_000023_072,charge,2344,98,2246,2027-12-15
txn_000023_073,in_000023_073,charge,2357,98,2259,2028-01-15
txn_000023_074,in_000023_074,charge,2225,95,2130,2028-02-15
txn_000023_075,in_000023_075,charge,2172,93,2079,2028-03-15
txn_000023_076,in_000023_076,charge,2223,94,2129,2028-04-15
txn_000023_077,in_000023_077,charge,2259,96,2163,2028-05-15
txn_000023_078,in_000023_078,charge,2224,94,2130,2028-06-15
txn_000023_079,in_000023_079,charge,2259,96,2163,2028-07-15
txn_000023_080,in_000023_080,charge,2277,96,2181,2028-08-15
txn_000023_081,in_000023_081,charge,2221,94,2127,2028-09-15
txn_000023_082,in_000023_082,charge,2197,94,2103,2028-10-15
txn_000023_083,in_000023_083,charge,2291,96,2195,2028-11-15
txn_000023_084,in_000023_084,charge,2350,98,2252,2028-12-15
txn_000024_001,in_000024_001,charge,58267,1720,56547,2022-01-06
txn_000024_002,in_000024_002,charge,60643,1789,58854,2022-02-06
txn_000024_003,in_000024_003,charge,61881,1825,60056,2022-03-06
txn_000024_004,in_000024_004,charge,62833,1852,60981,2022-04-06
txn_000025_001,in_000025_001,charge,61744,1821,59923,2022-01-24
txn_000025_002,in_000025_002,charge,60288,1778,58510,2022-02-24
txn_000025_003,in_000025_003,charge,61368,1810,59558,2022-03-24
txn_000025_004,in_000025_004,charge,65666,1934,63732,2022-04-24
txn_000025_005,in_000025_005,charge,65033,1916,63117,2022-05-24
txn_000025_006,in_000025_006,charge,64789,1909,62880,2022-06-24
txn_000025_007,in_000025_007,charge,67242,1980,65262,2022-07-24
txn_000025_008,in_000025_008,charge,70927,2087,68840,2022-08-24
txn_000025_009,in_000025_009,charge,68642,2021,66621,2022-09-24
txn_000025_010,in_000025_010,charge,70791,2083,68708,2022-10-24
txn_000025_011,in_000025_011,charge,77546,2279,75267,2022-11-24
txn_000025_012,in_000025_012,charge,67957,2001,65956,2022-12-24
txn_000025_013,in_000025_013,charge,78765,2314,76451,2023-01-24
txn_000025_014,in_000025_014,charge,79246,2328,76918,2023-02-24
txn_000025_015,in_000025_015,charge,84870,2491,82379,2023-03-24
txn_000025_016,in_000025_016,charge,82381,2419,79962,2023-04-24
txn_000025_017,in_000025_017,charge,88835,2606,86229,2023-05-24
txn_000025_018,in_000025_018,charge,91449,2682,88767,2023-06-24
txn_000025_019,in_000025_019,charge,93724,2748,90976,2023-07-24
txn_000025_020,in_000025_020,charge,95746,2807,92939,2023-08-24
txn_000025_021,in_000025_021,charge,98548,2888,95660,2023-09-24
txn_000025_022,in_000025_022,charge,100325,2939,97386,2023-10-24
txn_000025_023,in_000025_023,charge,99146,2905,96241,2023-11-24
txn_000025_024,in_000025_024,charge,101551,2975,98576,2023-12-24
txn_000025_025,in_000025_025,charge,101758,2981,98777,2024-01-24
txn_000025_026,in_000025_026,charge,106622,3122,103500,2024-02-24
txn_000025_027,in_000025_027,charge,101959,2987,98972,2024-03-24
txn_000025_028,in_000025_028,charge,108360,3172,105188,2024-04-24
txn_000025_029,in_000025_029,charge,111050,3250,107800,2024-05-24
txn_000025_030,in_000025_030,charge,108622,3180,105442,2024-06-24
txn_000025_031,in_000025_031,charge,114000,3336,110664,2024-07-24
txn_000025_032,in_000025_032,charge,112362,3288,109074,2024-08-24
txn_000025_033,in_000025_033,charge,110302,3229,107073,2024-09-24
txn_000025_034,in_000025_034,charge,108531,3177,105354,2024-10-24
txn_000025_035,in_000025_035,charge,113199,3313,109886,2024-11-24
txn_000025_036,in_000025_036,charge,116615,3412,113203,2024-12-24
txn_000025_037,in_000025_037,charge,119536,3497,116039,2025-01-24
txn_000025_038,in_000025_038,charge,112416,3290,109126,2025-02-24
txn_000026_001,in_000026_001,charge,60069,1772,58297,2022-01-13
txn_000026_002,in_000026_002,charge,62923,1855,61068,2022-02-13
txn_000026_003,in_000026_003,charge,61780,1822,59958,2022-03-13
txn_000026_004,in_000026_004,charge,62717,1849,60868,2022-04-13
txn_000026_005,in_000026_005,charge,63326,1866,61460,2022-05-13
txn_000026_006,in_000026_006,charge,65742,1937,63805,2022-06-13
txn_000026_007,in_000026_007,charge,66564,1960,64604,2022-07-13
txn_000026_008,in_000026_008,charge,72154,2122,70032,2022-08-13
txn_000026_009,in_000026_009,charge,70787,2083,68704,2022-09-13
txn_000026_010,in_000026_010,charge,74764,2198,72566,2022-10-13
txn_000026_011,in_000026_011,charge,79129,2325,76804,2022-11-13
txn_000026_012,in_000026_012,charge,79942,2348,77594,2022-12-13
txn_000026_013,in_000026_013,charge,79251,2328,76923,2023-01-13
txn_000026_014,in_000026_014,charge,77897,2289,75608,2023-02-13
txn_000026_015,in_000026_015,charge,87183,2558,84625,2023-03-13
txn_000026_016,in_000026_016,charge,88210,2588,85622,2023-04-13
txn_000026_017,in_000026_017,charge,84957,2494,82463,2023-05-13
txn_000026_018,in_000026_018,charge,93180,2732,90448,2023-06-13
txn_000026_019,in_000026_019,charge,87964,2581,85383,2023-07-13
txn_000026_020,in_000026_020,charge,95221,2791,92430,2023-08-13
txn_000026_021,in_000026_021,charge,81459,2392,79067,2023-09-13
txn_000026_022,in_000026_022,charge,97992,2872,95120,2023-10-13
txn_000026_023,in_000026_023,charge,100873,2955,97918,2023-11-13
txn_000026_024,in_000026_024,charge,100541,2946,97595,2023-12-13
txn_000026_025,in_000026_025,charge,97498,2857,94641,2024-01-13
txn_000026_026,in_000026_026,charge,101581,2976,98605,2024-02-13
txn_000026_027,in_000026_027,charge,99566,2917,96649,2024-03-13
txn_000026_028,in_000026_028,charge,107401,3145,104256,2024-04-13
txn_000026_029,in_000026_029,charge,111357,3259,108098,2024-05-13
txn_000026_030,in_000026_030,charge,108499,3176,105323,2024-06-13
txn_000026_031,in_000026_031,charge,109528,3206,106322,2024-07-13
txn_000026_032,in_000026_032,charge,109133,3195,105938,2024-08-13
txn_000026_033,in_000026_033,charge,110153,3224,106929,2024-09-13
txn_000026_034,in_000026_034,charge,114097,3339,110758,2024-10-13
txn_000026_035,in_000026_035,charge,116113,3397,112716,2024-11-13
txn_000026_036,in_000026_036,charge,86552,2540,84012,2024-12-13
txn_000026_037,in_000026_037,charge,115718,3386,112332,2025-01-13
txn_000026_038,in_000026_038,charge,113895,3333,110562,2025-02-13
txn_000026_039,in_000026_039,charge,118030,3453,114577,2025-03-13
txn_000026_040,in_000026_040,charge,118688,3472,115216,2025-04-13
txn_000026_041,in_000026_041,charge,117608,3441,114167,2025-05-13
txn_000026_042,in_000026_042,charge,117936,3450,114486,2025-06-13
txn_000026_043,in_000026_043,charge,113850,3332,110518,2025-07-13
txn_000026_044,in_000026_044,charge,117425,3435,113990,2025-08-13
txn_000026_045,in_000026_045,charge,122443,3581,118862,2025-09-13
txn_000026_046,in_000026_046,charge,122723,3589,119134,2025-10-13
txn_000026_047,in_000026_047,charge,122202,3574,118628,2025-11-13
txn_000026_048,in_000026_048,charge,125313,3664,121649,2025-12-13
txn_000026_049,in_000026_049,charge,120804,3533,117271,2026-01-13
txn_000026_050,in_000026_050,charge,120960,3538,117422,2026-02-13
txn_000026_051,in_000026_051,charge,122589,3585,119004,2026-03-13
txn_000026_052,in_000026_052,charge,120692,3530,117162,2026-04-13
txn_000026_053,in_000026_053,charge,123623,3615,120008,2026-05-13
txn_000026_054,in_000026_054,charge,119414,3493,115921,2026-06-13
txn_000026_055,in_000026_055,charge,118969,3480,115489,2026-07-13
txn_000026_056,in_000026_056,charge,123135,3601,119534,2026-08-13
txn_000026_057,in_000026_057,charge,123116,3600,119516,2026-09-13
txn_000026_058,in_000026_058,charge,122504,3583,118921,2026-10-13
txn_000026_059,in_000026_059,charge,125365,3666,121699,2026-11-13
txn_000026_060,in_000026_060,charge,122276,3576,118700,2026-12-13
txn_000026_061,in_000026_061,charge,121441,3552,117889,2027-01-13
txn_000026_062,in_000026_062,charge,88771,2604,86167,2027-02-13
txn_000026_063,in_000026_063,charge,120180,3515,116665,2027-03-13
txn_000026_064,in_000026_064,charge,128985,3771,125214,2027-04-13
txn_000026_065,in_000026_065,charge,128927,3769,125158,2027-05-13
txn_000026_066,in_000026_066,charge,92907,2724,90183,2027-06-13
txn_000026_067,in_000026_067,charge,130651,3819,126832,2027-07-13
txn_000026_068,in_000026_068,charge,123144,3601,119543,2027-08-13
txn_000026_069,in_000026_069,charge,128302,3751,124551,2027-09-13
txn_000026_070,in_000026_070,charge,126532,3699,122833,2027-10-13
txn_000026_071,in_000026_071,charge,127756,3735,124021,2027-11-13
txn_000026_072,in_000026_072,charge,124978,3654,121324,2027-12-13
txn_000026_073,in_000026_073,charge,122356,3578,118778,2028-01-13
txn_000026_074,in_000026_074,charge,130157,3805,126352,2028-02-13
txn_000026_075,in_000026_075,charge,126623,3702,122921,2028-03-13
txn_000026_076,in_000026_076,charge,128367,3753,124614,2028-04-13
txn_000026_077,in_000026_077,charge,131053,3831,127222,2028-05-13
txn_000026_078,in_000026_078,charge,130278,3808,126470,2028-06-13
txn_000026_079,in_000026_079,charge,125918,3682,122236,2028-07-13
txn_000026_080,in_000026_080,charge,124806,3649,121157,2028-08-13
txn_000026_081,in_000026_081,charge,123777,3620,120157,2028-09-13
txn_000026_082,in_000026_082,charge,126806,3707,123099,2028-10-13
txn_000026_083,in_000026_083,charge,125363,3666,121697,2028-11-13
txn_000026_084,in_000026_084,charge,130871,3825,127046,2028-12-13
txn_000027_001,in_000027_001,charge,62538,1844,60694,2022-01-05
txn_000027_002,in_000027_002,charge,61749,1821,59928,2022-02-05
txn_000027_003,in_000027_003,charge,64823,1910,62913,2022-03-05
txn_000027_004,in_000027_004,charge,66769,1966,64803,2022-04-05
txn_000027_005,in_000027_005,charge,66084,1946,64138,2022-05-05
txn_000027_006,in_000027_006,charge,63796,1880,61916,2022-06-05
txn_000027_007,in_000027_007,charge,66666,1963,64703,2022-07-05
txn_000027_008,in_000027_008,charge,71166,2094,69072,2022-08-05
txn_000027_009,in_000027_009,charge,69033,2032,67001,2022-09-05
txn_000027_010,in_000027_010,charge,71480,2103,69377,2022-10-05
txn_000027_011,in_000027_011,charge,76459,2247,74212,2022-11-05
txn_000027_012,in_000027_012,charge,80438,2363,78075,2022-12-05
txn_000027_013,in_000027_013,charge,76077,2236,73841,2023-01-05
txn_000027_014,in_000027_014,charge,79663,2340,77323,2023-02-05
txn_000027_015,in_000027_015,charge,87160,2558,84602,2023-03-05
txn_000027_016,in_000027_016,charge,87176,2558,84618,2023-04-05
txn_000027_017,in_000027_017,charge,88164,2587,85577,2023-05-05
txn_000027_018,in_000027_018,charge,93350,2737,90613,2023-06-05
txn_000027_019,in_000027_019,charge,90413,2652,87761,2023-07-05
txn_000027_020,in_000027_020,charge,89914,2638,87276,2023-08-05
txn_000027_021,in_000027_021,charge,93221,2733,90488,2023-09-05
txn_000027_022,in_000027_022,charge,93396,2738,90658,2023-10-05
txn_000027_023,in_000027_023,charge,95995,2814,93181,2023-11-05
txn_000027_024,in_000027_024,charge,97783,2866,94917,2023-12-05
txn_000027_025,in_000027_025,charge,98824,2896,95928,2024-01-05
txn_000027_026,in_000027_026,charge,100386,2941,97445,2024-02-05
txn_000027_027,in_000027_027,charge,101471,2973,98498,2024-03-05
txn_000027_028,in_000027_028,charge,101837,2983,98854,2024-04-05
txn_000027_029,in_000027_029,charge,108328,3172,105156,2024-05-05
txn_000027_030,in_000027_030,charge,107134,3137,103997,2024-06-05
txn_000027_031,in_000027_031,charge,105938,3102,102836,2024-07-05
txn_000027_032,in_000027_032,charge,105187,3080,102107,2024-08-05
txn_000027_033,in_000027_033,charge,110585,3237,107348,2024-09-05
txn_000027_034,in_000027_034,charge,117574,3440,114134,2024-10-05
txn_000027_035,in_000027_035,charge,112207,3284,108923,2024-11-05
txn_000027_036,in_000027_036,charge,112125,3282,108843,2024-12-05
txn_000027_037,in_000027_037,charge,109603,3208,106395,2025-01-05
txn_000027_038,in_000027_038,charge,115348,3375,111973,2025-02-05
txn_000027_039,in_000027_039,charge,112854,3303,109551,2025-03-05
txn_000027_040,in_000027_040,charge,115594,3382,112212,2025-04-05
txn_000027_041,in_000027_041,charge,114905,3362,111543,2025-05-05
txn_000027_042,in_000027_042,charge,114902,3362,111540,2025-06-05
txn_000027_043,in_000027_043,charge,115193,3371,111822,2025-07-05
txn_000027_044,in_000027_044,charge,121377,3550,117827,2025-08-05
txn_000027_045,in_000027_045,charge,116765,3416,113349,2025-09-05
txn_000027_046,in_000027_046,charge,115862,3390,112472,2025-10-05
txn_000027_047,in_000027_047,charge,122689,3588,119101,2025-11-05
txn_000027_048,in_000027_048,charge,122210,3574,118636,2025-12-05
txn_000027_049,in_000027_049,charge,126212,3690,122522,2026-01-05
txn_000027_050,in_000027_050,charge,119917,3508,116409,2026-02-05
txn_000027_051,in_000027_051,charge,128927,3769,125158,2026-03-05
txn_000027_052,in_000027_052,charge,129719,3792,125927,2026-04-05
txn_000027_053,in_000027_053,charge,126427,3696,122731,2026-05-05
txn_000027_054,in_000027_054,charge,129680,3791,125889,2026-06-05
txn_000027_055,in_000027_055,charge,123050,3598,119452,2026-07-05
txn_000027_056,in_000027_056,charge,125667,3674,121993,2026-08-05
txn_000027_057,in_000027_057,charge,123976,3625,120351,2026-09-05
txn_000027_058,in_000027_058,charge,129904,3797,126107,2026-10-05
txn_000027_059,in_000027_059,charge,129825,3795,126030,2026-11-05
txn_000027_060,in_000027_060,charge,129204,3777,125427,2026-12-05
txn_000027_061,in_000027_061,charge,131601,3846,127755,2027-01-05
txn_000027_062,in_000027_062,charge,123208,3603,119605,2027-02-05
txn_000027_063,in_000027_063,charge,123274,3605,119669,2027-03-05
txn_000027_064,in_000027_064,charge,128986,3771,125215,2027-04-05
txn_000027_065,in_000027_065,charge,128374,3753,124621,2027-05-05
txn_000027_066,in_000027_066,charge,125591,3672,121919,2027-06-05
txn_000027_067,in_000027_067,charge,130654,3819,126835,2027-07-05
txn_000027_068,in_000027_068,charge,131964,3857,128107,2027-08-05
txn_000027_069,in_000027_069,charge,130028,3801,126227,2027-09-05
txn_000027_070,in_000027_070,charge,128811,3766,125045,2027-10-05
txn_000027_071,in_000027_071,charge,127327,3722,123605,2027-11-05
txn_000027_072,in_000027_072,charge,129890,3797,126093,2027-12-05
txn_000027_073,in_000027_073,charge,128704,3762,124942,2028-01-05
txn_000027_074,in_000027_074,charge,122213,3574,118639,2028-02-05
txn_000027_075,in_000027_075,charge,128097,3745,124352,2028-03-05
txn_000027_076,in_000027_076,charge,99989,2930,97059,2028-04-05
txn_000027_077,in_000027_077,charge,128124,3746,124378,2028-05-05
txn_000027_078,in_000027_078,charge,121900,3565,118335,2028-06-05
txn_000027_079,in_000027_079,charge,124592,3643,120949,2028-07-05
txn_000027_080,in_000027_080,charge,129134,3775,125359,2028-08-05
txn_000027_081,in_000027_081,charge,126747,3706,123041,2028-09-05
txn_000027_082,in_000027_082,charge,126736,3705,123031,2028-10-05
txn_000027_083,in_000027_083,charge,120853,3535,117318,2028-11-05
txn_000027_084,in_000027_084,charge,121202,3545,117657,2028-12-05
txn_000028_001,in_000028_001,charge,6171,209,5962,2022-01-04
txn_000029_001,in_000029_001,charge,6203,210,5993,2022-01-28
txn_000029_002,in_000029_002,charge,6090,207,5883,2022-02-28
txn_000030_001,in_000030_001,charge,6191,210,5981,2022-01-13
txn_000030_002,in_000030_002,charge,5930,202,5728,2022-02-13
txn_000030_003,in_000030_003,charge,5911,201,5710,2022-03-13
txn_000030_004,in_000030_004,charge,6358,214,6144,2022-04-13
txn_000031_001,in_000031_001,charge,6059,206,5853,2022-01-18
txn_000031_002,in_000031_002,charge,5811,199,5612,2022-02-18
txn_000031_003,in_000031_003,charge,5999,204,5795,2022-03-18
txn_000031_004,in_000031_004,charge,5984,204,5780,2022-04-18
txn_000031_005,in_000031_005,charge,6543,220,6323,2022-05-18
txn_000031_006,in_000031_006,charge,6255,211,6044,2022-06-18
txn_000031_007,in_000031_007,charge,6582,221,6361,2022-07-18
txn_000032_001,in_000032_001,charge,5794,198,5596,2022-01-27
txn_000032_002,in_000032_002,charge,6377,215,6162,2022-02-27
txn_000032_003,in_000032_003,charge,6376,215,6161,2022-03-27
txn_000032_004,in_000032_004,charge,6484,218,6266,2022-04-27
txn_000032_005,in_000032_005,charge,6051,205,5846,2022-05-27
txn_000032_006,in_000032_006,charge,6653,223,6430,2022-06-27
txn_000032_007,in_000032_007,charge,6348,214,6134,2022-07-27
txn_000032_008,in_000032_008,charge,6479,218,6261,2022-08-27
txn_000032_009,in_000032_009,charge,6890,230,6660,2022-09-27
txn_000032_010,in_000032_010,charge,6855,229,6626,2022-10-27
txn_000032_011,in_000032_011,charge,6496,218,6278,2022-11-27
txn_000032_012,in_000032_012,charge,6790,227,6563,2022-12-27
txn_000032_013,in_000032_013,charge,6710,225,6485,2023-01-27
txn_000032_014,in_000032_014,charge,7255,240,7015,2023-02-27
txn_000033_001,in_000033_001,charge,5782,198,5584,2022-01-12
txn_000033_002,in_000033_002,charge,5994,204,5790,2022-02-12
txn_000033_003,in_000033_003,charge,6022,205,5817,2022-03-12
txn_000033_004,in_000033_004,charge,6139,208,5931,2022-04-12
txn_000033_005,in_000033_005,charge,6223,210,6013,2022-05-12
txn_000033_006,in_000033_006,charge,6216,210,6006,2022-06-12
txn_000033_007,in_000033_007,charge,6370,215,6155,2022-07-12
txn_000033_008,in_000033_008,charge,6556,220,6336,2022-08-12
txn_000033_009,in_000033_009,charge,6545,220,6325,2022-09-12
txn_000033_010,in_000033_010,charge,7031,234,6797,2022-10-12
txn_000033_011,in_000033_011,charge,7089,236,6853,2022-11-12
txn_000033_012,in_000033_012,charge,6597,221,6376,2022-12-12
txn_000033_013,in_000033_013,charge,7132,237,6895,2023-01-12
txn_000033_014,in_000033_014,charge,7049,234,6815,2023-02-12
txn_000033_015,in_000033_015,charge,7209,239,6970,2023-03-12
txn_000033_016,in_000033_016,charge,7432,246,7186,2023-04-12
txn_000033_017,in_000033_017,charge,7499,247,7252,2023-05-12
txn_000033_018,in_000033_018,charge,7516,248,7268,2023-06-12
txn_000033_019,in_000033_019,charge,7697,253,7444,2023-07-12
txn_000033_020,in_000033_020,charge,6208,210,5998,2023-08-12
txn_000033_021,in_000033_021,charge,7458,246,7212,2023-09-12
txn_000033_022,in_000033_022,charge,7877,258,7619,2023-10-12
txn_000034_001,in_000034_001,charge,5813,199,5614,2022-01-23
txn_000034_002,in_000034_002,charge,6197,210,5987,2022-02-23
txn_000034_003,in_000034_003,charge,5897,201,5696,2022-03-23
txn_000034_004,in_000034_004,charge,6385,215,6170,2022-04-23
txn_000034_005,in_000034_005,charge,6164,209,5955,2022-05-23
txn_000034_006,in_000034_006,charge,6501,219,6282,2022-06-23
txn_000034_007,in_000034_007,charge,6318,213,6105,2022-07-23
txn_000034_008,in_000034_008,charge,6233,211,6022,2022-08-23
txn_000034_009,in_000034_009,charge,4768,168,4600,2022-09-23
txn_000034_010,in_000034_010,charge,7019,234,6785,2022-10-23
txn_000034_011,in_000034_011,charge,6790,227,6563,2022-11-23
txn_000034_012,in_000034_012,charge,6858,229,6629,2022-12-23
txn_000034_013,in_000034_013,charge,7009,233,6776,2023-01-23
txn_000034_014,in_000034_014,charge,7148,237,6911,2023-02-23
txn_000034_015,in_000034_015,charge,7519,248,7271,2023-03-23
txn_000034_016,in_000034_016,charge,7166,238,6928,2023-04-23
txn_000034_017,in_000034_017,charge,7226,240,6986,2023-05-23
txn_000034_018,in_000034_018,charge,7179,238,6941,2023-06-23
txn_000034_019,in_000034_019,charge,7503,248,7255,2023-07-23
txn_000034_020,in_000034_020,charge,7236,240,6996,2023-08-23
txn_000034_021,in_000034_021,charge,7602,250,7352,2023-09-23
txn_000034_022,in_000034_022,charge,7577,250,7327,2023-10-23
txn_000034_023,in_000034_023,charge,7618,251,7367,2023-11-23
txn_000034_024,in_000034_024,charge,7990,262,7728,2023-12-23
txn_000034_025,in_000034_025,charge,8039,263,7776,2024-01-23
txn_000034_026,in_000034_026,charge,8279,270,8009,2024-02-23
txn_000034_027,in_000034_027,charge,8002,262,7740,2024-03-23
txn_000034_028,in_000034_028,charge,8400,274,8126,2024-04-23
txn_000034_029,in_000034_029,charge,8199,268,7931,2024-05-23
txn_000034_030,in_000034_030,charge,7917,260,7657,2024-06-23
txn_000034_031,in_000034_031,charge,8417,274,8143,2024-07-23
txn_000034_032,in_000034_032,charge,8457,275,8182,2024-08-23
txn_000034_033,in_000034_033,charge,8616,280,8336,2024-09-23
txn_000034_034,in_000034_034,charge,7122,237,6885,2024-10-23
txn_000034_035,in_000034_035,charge,8696,282,8414,2024-11-23
txn_000034_036,in_000034_036,charge,8482,276,8206,2024-12-23
txn_000034_037,in_000034_037,charge,8735,283,8452,2025-01-23
txn_000034_038,in_000034_038,charge,8508,277,8231,2025-02-23
txn_000034_039,in_000034_039,charge,8232,269,7963,2025-03-23
txn_000034_040,in_000034_040,charge,8170,267,7903,2025-04-23
txn_000034_041,in_000034_041,charge,8907,288,8619,2025-05-23
txn_000034_042,in_000034_042,charge,8758,284,8474,2025-06-23
txn_000034_043,in_000034_043,charge,8552,278,8274,2025-07-23
txn_000034_044,in_000034_044,charge,8664,281,8383,2025-08-23
txn_000034_045,in_000034_045,charge,8518,277,8241,2025-09-23
txn_000034_046,in_000034_046,charge,8474,276,8198,2025-10-23
txn_000034_047,in_000034_047,charge,8409,274,8135,2025-11-23
txn_000034_048,in_000034_048,charge,8826,286,8540,2025-12-23
txn_000034_049,in_000034_049,charge,8930,289,8641,2026-01-23
txn_000034_050,in_000034_050,charge,8539,278,8261,2026-02-23
txn_000034_051,in_000034_051,charge,6240,211,6029,2026-03-23
txn_000034_052,in_000034_052,charge,6915,231,6684,2026-04-23
txn_000034_053,in_000034_053,charge,8420,274,8146,2026-05-23
txn_000034_054,in_000034_054,charge,9031,292,8739,2026-06-23
txn_000034_055,in_000034_055,charge,8384,273,8111,2026-07-23
txn_000034_056,in_000034_056,charge,9258,298,8960,2026-08-23
txn_000034_057,in_000034_057,charge,8559,278,8281,2026-09-23
txn_000034_058,in_000034_058,charge,8892,288,8604,2026-10-23
txn_000034_059,in_000034_059,charge,9111,294,8817,2026-11-23
txn_000034_060,in_000034_060,charge,9209,297,8912,2026-12-23
txn_000034_061,in_000034_061,charge,8646,281,8365,2027-01-23
txn_000034_062,in_000034_062,charge,8691,282,8409,2027-02-23
txn_000034_063,in_000034_063,charge,9254,298,8956,2027-03-23
txn_000034_064,in_000034_064,charge,9291,299,8992,2027-04-23
txn_000034_065,in_000034_065,charge,8904,288,8616,2027-05-23
txn_000034_066,in_000034_066,charge,8522,277,8245,2027-06-23
txn_000034_067,in_000034_067,charge,8895,288,8607,2027-07-23
txn_000034_068,in_000034_068,charge,9253,298,8955,2027-08-23
txn_000034_069,in_000034_069,charge,8602,279,8323,2027-09-23
txn_000034_070,in_000034_070,charge,8513,277,8236,2027-10-23
txn_000034_071,in_000034_071,charge,9071,293,8778,2027-11-23
txn_000034_072,in_000034_072,charge,9041,292,8749,2027-12-23
txn_000034_073,in_000034_073,charge,9099,294,8805,2028-01-23
txn_000034_074,in_000034_074,charge,9064,293,8771,2028-02-23
txn_000034_075,in_000034_075,charge,8713,283,8430,2028-03-23
txn_000034_076,in_000034_076,charge,9276,299,8977,2028-04-23
txn_000034_077,in_000034_077,charge,9016,291,8725,2028-05-23
txn_000034_078,in_000034_078,charge,9098,294,8804,2028-06-23
txn_000034_079,in_000034_079,charge,8569,279,8290,2028-07-23
txn_000034_080,in_000034_080,charge,8905,288,8617,2028-08-23
txn_000034_081,in_000034_081,charge,7318,242,7076,2028-09-23
txn_000034_082,in_000034_082,charge,8944,289,8655,2028-10-23
txn_000034_083,in_000034_083,charge,9010,291,8719,2028-11-23
txn_000034_084,in_000034_084,charge,8996,291,8705,2028-12-23
txn_000035_001,in_000035_001,charge,6075,206,5869,2022-01-13
txn_000035_002,in_000035_002,charge,6138,208,5930,2022-02-13
txn_000035_003,in_000035_003,charge,6008,204,5804,2022-03-13
txn_000035_004,in_000035_004,charge,6453,217,6236,2022-04-13
txn_000035_005,in_000035_005,charge,6037,205,5832,2022-05-13
txn_000035_006,in_000035_006,charge,6191,210,5981,2022-06-13
txn_000035_007,in_000035_007,charge,6653,223,6430,2022-07-13
txn_000035_008,in_000035_008,charge,6593,221,6372,2022-08-13
txn_000035_009,in_000035_009,charge,6590,221,6369,2022-09-13
txn_000035_010,in_000035_010,charge,6868,229,6639,2022-10-13
txn_000035_011,in_000035_011,charge,6720,225,6495,2022-11-13
txn_000035_012,in_000035_012,charge,6655,223,6432,2022-12-13
txn_000035_013,in_000035_013,charge,6905,230,6675,2023-01-13
txn_000035_014,in_000035_014,charge,7083,235,6848,2023-02-13
txn_000035_015,in_000035_015,charge,6882,230,6652,2023-03-13
txn_000035_016,in_000035_016,charge,7478,247,7231,2023-04-13
txn_000035_017,in_000035_017,charge,7535,249,7286,2023-05-13
txn_000035_018,in_000035_018,charge,7131,237,6894,2023-06-13
txn_000035_019,in_000035_019,charge,7850,258,7592,2023-07-13
txn_000035_020,in_000035_020,charge,7250,240,7010,2023-08-13
txn_000035_021,in_000035_021,charge,7971,261,7710,2023-09-13
txn_000035_022,in_000035_022,charge,7802,256,7546,2023-10-13
txn_000035_023,in_000035_023,charge,8097,265,7832,2023-11-13
txn_000035_024,in_000035_024,charge,7562,249,7313,2023-12-13
txn_000035_025,in_000035_025,charge,8334,272,8062,2024-01-13
txn_000035_026,in_000035_026,charge,7838,257,7581,2024-02-13
txn_000035_027,in_000035_027,charge,8414,274,8140,2024-03-13
txn_000035_028,in_000035_028,charge,8128,266,7862,2024-04-13
txn_000035_029,in_000035_029,charge,8114,265,7849,2024-05-13
txn_000035_030,in_000035_030,charge,7875,258,7617,2024-06-13
txn_000035_031,in_000035_031,charge,8009,262,7747,2024-07-13
txn_000035_032,in_000035_032,charge,7979,261,7718,2024-08-13
txn_000035_033,in_000035_033,charge,8355,272,8083,2024-09-13
txn_000035_034,in_000035_034,charge,8075,264,7811,2024-10-13
txn_000035_035,in_000035_035,charge,8288,270,8018,2024-11-13
txn_000035_036,in_000035_036,charge,8790,285,8505,2024-12-13
txn_000035_037,in_000035_037,charge,8835,286,8549,2025-01-13
txn_000035_038,in_000035_038,charge,8787,285,8502,2025-02-13
txn_000035_039,in_000035_039,charge,8632,280,8352,2025-03-13
txn_000035_040,in_000035_040,charge,6174,209,5965,2025-04-13
txn_000035_041,in_000035_041,charge,8649,281,8368,2025-05-13
txn_000035_042,in_000035_042,charge,6778,227,6551,2025-06-13
txn_000035_043,in_000035_043,charge,8628,280,8348,2025-07-13
txn_000035_044,in_000035_044,charge,8506,277,8229,2025-08-13
txn_000035_045,in_000035_045,charge,8692,282,8410,2025-09-13
txn_000035_046,in_000035_046,charge,9099,294,8805,2025-10-13
txn_000035_047,in_000035_047,charge,8557,278,8279,2025-11-13
txn_000035_048,in_000035_048,charge,8775,284,8491,2025-12-13
txn_000035_049,in_000035_049,charge,8886,288,8598,2026-01-13
txn_000035_050,in_000035_050,charge,8581,279,8302,2026-02-13
txn_000035_051,in_000035_051,charge,8361,272,8089,2026-03-13
txn_000035_052,in_000035_052,charge,6799,227,6572,2026-04-13
txn_000035_053,in_000035_053,charge,8954,290,8664,2026-05-13
txn_000035_054,in_000035_054,charge,8821,286,8535,2026-06-13
txn_000035_055,in_000035_055,charge,7677,253,7424,2026-07-13
txn_000035_056,in_000035_056,charge,8961,290,8671,2026-08-13
txn_000035_057,in_000035_057,charge,8406,274,8132,2026-09-13
txn_000035_058,in_000035_058,charge,9065,293,8772,2026-10-13
txn_000035_059,in_000035_059,charge,8892,288,8604,2026-11-13
txn_000035_060,in_000035_060,charge,9036,292,8744,2026-12-13
txn_000035_061,in_000035_061,charge,8535,278,8257,2027-01-13
txn_000035_062,in_000035_062,charge,8450,275,8175,2027-02-13
txn_000035_063,in_000035_063,charge,8495,276,8219,2027-03-13
txn_000035_064,in_000035_064,charge,8430,274,8156,2027-04-13
txn_000035_065,in_000035_065,charge,8723,283,8440,2027-05-13
txn_000035_066,in_000035_066,charge,8827,286,8541,2027-06-13
txn_000035_067,in_000035_067,charge,9108,294,8814,2027-07-13
txn_000035_068,in_000035_068,charge,9006,291,8715,2027-08-13
txn_000035_069,in_000035_069,charge,8689,282,8407,2027-09-13
txn_000035_070,in_000035_070,charge,8506,277,8229,2027-10-13
txn_000035_071,in_000035_071,charge,9263,299,8964,2027-11-13
txn_000035_072,in_000035_072,charge,8792,285,8507,2027-12-13
txn_000035_073,in_000035_073,charge,8832,286,8546,2028-01-13
txn_000035_074,in_000035_074,charge,8455,275,8180,2028-02-13
txn_000035_075,in_000035_075,charge,8972,290,8682,2028-03-13
txn_000035_076,in_000035_076,charge,9018,292,8726,2028-04-13
txn_000035_077,in_000035_077,charge,9213,297,8916,2028-05-13
txn_000035_078,in_000035_078,charge,8864,287,8577,2028-06-13
txn_000035_079,in_000035_079,charge,8667,281,8386,2028-07-13
txn_000035_080,in_000035_080,charge,8602,279,8323,2028-08-13
txn_000035_081,in_000035_081,charge,9157,296,8861,2028-09-13
txn_000035_082,in_000035_082,charge,9205,297,8908,2028-10-13
txn_000035_083,in_000035_083,charge,8629,280,8349,2028-11-13
txn_000035_084,in_000035_084,charge,8934,289,8645,2028-12-13
txn_000036_001,in_000036_001,charge,6036,205,5831,2022-01-05
txn_000036_002,in_000036_002,charge,5945,202,5743,2022-02-05
txn_000036_003,in_000036_003,charge,5891,201,5690,2022-03-05
txn_000036_004,in_000036_004,charge,6462,217,6245,2022-04-05
txn_000036_005,in_000036_005,charge,6308,213,6095,2022-05-05
txn_000036_006,in_000036_006,charge,6345,214,6131,2022-06-05
txn_000036_007,in_000036_007,charge,6650,223,6427,2022-07-05
txn_000036_008,in_000036_008,charge,6675,224,6451,2022-08-05
txn_000036_009,in_000036_009,charge,6675,224,6451,2022-09-05
txn_000036_010,in_000036_010,charge,6577,221,6356,2022-10-05
txn_000036_011,in_000036_011,charge,6966,232,6734,2022-11-05
txn_000036_012,in_000036_012,charge,7015,233,6782,2022-12-05
txn_000036_013,in_000036_013,charge,7338,243,7095,2023-01-05
txn_000036_014,in_000036_014,charge,7301,242,7059,2023-02-05
txn_000036_015,in_000036_015,charge,7130,237,6893,2023-03-05
txn_000036_016,in_000036_016,charge,7173,238,6935,2023-04-05
txn_000036_017,in_000036_017,charge,7046,234,6812,2023-05-05
txn_000036_018,in_000036_018,charge,7673,253,7420,2023-06-05
txn_000036_019,in_000036_019,charge,7426,245,7181,2023-07-05
txn_000036_020,in_000036_020,charge,7584,250,7334,2023-08-05
txn_000036_021,in_000036_021,charge,7979,261,7718,2023-09-05
txn_000036_022,in_000036_022,charge,7819,257,7562,2023-10-05
txn_000036_023,in_000036_023,charge,7936,260,7676,2023-11-05
txn_000036_024,in_000036_024,charge,7852,258,7594,2023-12-05
txn_000036_025,in_000036_025,charge,8040,263,7777,2024-01-05
txn_000036_026,in_000036_026,charge,7995,262,7733,2024-02-05
txn_000036_027,in_000036_027,charge,8257,269,7988,2024-03-05
txn_000036_028,in_000036_028,charge,8345,272,8073,2024-04-05
txn_000036_029,in_000036_029,charge,7862,258,7604,2024-05-05
txn_000036_030,in_000036_030,charge,8011,262,7749,2024-06-05
txn_000036_031,in_000036_031,charge,8014,262,7752,2024-07-05
txn_000036_032,in_000036_032,charge,8069,264,7805,2024-08-05
txn_000036_033,in_000036_033,charge,8687,282,8405,2024-09-05
txn_000036_034,in_000036_034,charge,8671,281,8390,2024-10-05
txn_000036_035,in_000036_035,charge,8714,283,8431,2024-11-05
txn_000036_036,in_000036_036,charge,7155,237,6918,2024-12-05
txn_000036_037,in_000036_037,charge,8799,285,8514,2025-01-05
txn_000036_038,in_000036_038,charge,8535,278,8257,2025-02-05
txn_000036_039,in_000036_039,charge,8796,285,8511,2025-03-05
txn_000036_040,in_000036_040,charge,8526,277,8249,2025-04-05
txn_000036_041,in_000036_041,charge,8344,272,8072,2025-05-05
txn_000036_042,in_000036_042,charge,8722,283,8439,2025-06-05
txn_000036_043,in_000036_043,charge,8404,274,8130,2025-07-05
txn_000036_044,in_000036_044,charge,8333,272,8061,2025-08-05
txn_000036_045,in_000036_045,charge,8431,274,8157,2025-09-05
txn_000036_046,in_000036_046,charge,7191,239,6952,2025-10-05
txn_000036_047,in_000036_047,charge,8725,283,8442,2025-11-05
txn_000036_048,in_000036_048,charge,8611,280,8331,2025-12-05
txn_000036_049,in_000036_049,charge,8469,276,8193,2026-01-05
txn_000036_050,in_000036_050,charge,9019,292,8727,2026-02-05
txn_000036_051,in_000036_051,charge,8685,282,8403,2026-03-05
txn_000036_052,in_000036_052,charge,8351,272,8079,2026-04-05
txn_000036_053,in_000036_053,charge,8845,287,8558,2026-05-05
txn_000036_054,in_000036_054,charge,8605,280,8325,2026-06-05
txn_000036_055,in_000036_055,charge,8534,277,8257,2026-07-05
txn_000036_056,in_000036_056,charge,9007,291,8716,2026-08-05
txn_000036_057,in_000036_057,charge,8474,276,8198,2026-09-05
txn_000036_058,in_000036_058,charge,8555,278,8277,2026-10-05
txn_000036_059,in_000036_059,charge,8729,283,8446,2026-11-05
txn_000036_060,in_000036_060,charge,8601,279,8322,2026-12-05
txn_000036_061,in_000036_061,charge,7581,250,7331,2027-01-05
txn_000036_062,in_000036_062,charge,9069,293,8776,2027-02-05
txn_000036_063,in_000036_063,charge,8499,276,8223,2027-03-05
txn_000036_064,in_000036_064,charge,9134,295,8839,2027-04-05
txn_000036_065,in_000036_065,charge,9046,292,8754,2027-05-05
txn_000036_066,in_000036_066,charge,8893,288,8605,2027-06-05
txn_000036_067,in_000036_067,charge,9242,298,8944,2027-07-05
txn_000036_068,in_000036_068,charge,8707,283,8424,2027-08-05
txn_000036_069,in_000036_069,charge,9265,299,8966,2027-09-05
txn_000036_070,in_000036_070,charge,9026,292,8734,2027-10-05
txn_000036_071,in_000036_071,charge,9306,300,9006,2027-11-05
txn_000036_072,in_000036_072,charge,9136,295,8841,2027-12-05
txn_000036_073,in_000036_073,charge,8470,276,8194,2028-01-05
txn_000036_074,in_000036_074,charge,8742,284,8458,2028-02-05
txn_000036_075,in_000036_075,charge,8883,288,8595,2028-03-05
txn_000036_076,in_000036_076,charge,8547,278,8269,2028-04-05
txn_000036_077,in_000036_077,charge,8519,277,8242,2028-05-05
txn_000036_078,in_000036_078,charge,8739,283,8456,2028-06-05
txn_000036_079,in_000036_079,charge,9041,292,8749,2028-07-05
txn_000036_080,in_000036_080,charge,8905,288,8617,2028-08-05
txn_000036_081,in_000036_081,charge,8769,284,8485,2028-09-05
txn_000036_082,in_000036_082,charge,8494,276,8218,2028-10-05
txn_000036_083,in_000036_083,charge,9304,300,9004,2028-11-05
txn_000036_084,in_000036_084,charge,8941,289,8652,2028-12-05
txn_000037_001,in_000037_001,charge,5912,201,5711,2022-01-17
txn_000037_002,in_000037_002,charge,6238,211,6027,2022-02-17
txn_000037_003,in_000037_003,charge,6143,208,5935,2022-03-17
txn_000037_004,in_000037_004,charge,6280,212,6068,2022-04-17
txn_000037_005,in_000037_005,charge,6134,208,5926,2022-05-17
txn_000037_006,in_000037_006,charge,6515,219,6296,2022-06-17
txn_000037_007,in_000037_007,charge,4516,161,4355,2022-07-17
txn_000037_008,in_000037_008,charge,5956,203,5753,2022-08-17
txn_000037_009,in_000037_009,charge,6664,223,6441,2022-09-17
txn_000037_010,in_000037_010,charge,6783,227,6556,2022-10-17
txn_000037_011,in_000037_011,charge,7098,236,6862,2022-11-17
txn_000037_012,in_000037_012,charge,7025,234,6791,2022-12-17
txn_000037_013,in_000037_013,charge,7312,242,7070,2023-01-17
txn_000037_014,in_000037_014,charge,7248,240,7008,2023-02-17
txn_000037_015,in_000037_015,charge,6964,232,6732,2023-03-17
txn_000037_016,in_000037_016,charge,7421,245,7176,2023-04-17
txn_000037_017,in_000037_017,charge,7299,242,7057,2023-05-17
txn_000037_018,in_000037_018,charge,7662,252,7410,2023-06-17
txn_000037_019,in_000037_019,charge,7613,251,7362,2023-07-17
txn_000037_020,in_000037_020,charge,7417,245,7172,2023-08-17
txn_000037_021,in_000037_021,charge,7327,242,7085,2023-09-17
txn_000037_022,in_000037_022,charge,7709,254,7455,2023-10-17
txn_000037_023,in_000037_023,charge,7647,252,7395,2023-11-17
txn_000037_024,in_000037_024,charge,8002,262,7740,2023-12-17
txn_000037_025,in_000037_025,charge,7627,251,7376,2024-01-17
txn_000037_026,in_000037_026,charge,7918,260,7658,2024-02-17
txn_000037_027,in_000037_027,charge,8004,262,7742,2024-03-17
txn_000037_028,in_000037_028,charge,7957,261,7696,2024-04-17
txn_000037_029,in_000037_029,charge,8502,277,8225,2024-05-17
txn_000037_030,in_000037_030,charge,8131,266,7865,2024-06-17
txn_000037_031,in_000037_031,charge,8195,268,7927,2024-07-17
txn_000037_032,in_000037_032,charge,8293,270,8023,2024-08-17
txn_000037_033,in_000037_033,charge,7985,262,7723,2024-09-17
txn_000037_034,in_000037_034,charge,8042,263,7779,2024-10-17
txn_000037_035,in_000037_035,charge,8447,275,8172,2024-11-17
txn_000037_036,in_000037_036,charge,8050,263,7787,2024-12-17
txn_000037_037,in_000037_037,charge,7182,238,6944,2025-01-17
txn_000037_038,in_000037_038,charge,8182,267,7915,2025-02-17
txn_000037_039,in_000037_039,charge,8338,272,8066,2025-03-17
txn_000037_040,in_000037_040,charge,7442,246,7196,2025-04-17
txn_000037_041,in_000037_041,charge,8227,269,7958,2025-05-17
txn_000037_042,in_000037_042,charge,8452,275,8177,2025-06-17
txn_000037_043,in_000037_043,charge,5966,203,5763,2025-07-17
txn_000037_044,in_000037_044,charge,8306,271,8035,2025-08-17
txn_000037_045,in_000037_045,charge,8362,272,8090,2025-09-17
txn_000037_046,in_000037_046,charge,8793,285,8508,2025-10-17
txn_000037_047,in_000037_047,charge,9138,295,8843,2025-11-17
txn_000037_048,in_000037_048,charge,9152,295,8857,2025-12-17
txn_000037_049,in_000037_049,charge,8868,287,8581,2026-01-17
txn_000037_050,in_000037_050,charge,8667,281,8386,2026-02-17
txn_000037_051,in_000037_051,charge,8470,276,8194,2026-03-17
txn_000037_052,in_000037_052,charge,8681,282,8399,2026-04-17
txn_000037_053,in_000037_053,charge,9208,297,8911,2026-05-17
txn_000037_054,in_000037_054,charge,9178,296,8882,2026-06-17
txn_000037_055,in_000037_055,charge,8995,291,8704,2026-07-17
txn_000037_056,in_000037_056,charge,8854,287,8567,2026-08-17
txn_000037_057,in_000037_057,charge,8795,285,8510,2026-09-17
txn_000037_058,in_000037_058,charge,8617,280,8337,2026-10-17
txn_000037_059,in_000037_059,charge,8440,275,8165,2026-11-17
txn_000037_060,in_000037_060,charge,8074,264,7810,2026-12-17
txn_000037_061,in_000037_061,charge,9025,292,8733,2027-01-17
txn_000037_062,in_000037_062,charge,8950,290,8660,2027-02-17
txn_000037_063,in_000037_063,charge,8949,290,8659,2027-03-17
txn_000037_064,in_000037_064,charge,9045,292,8753,2027-04-17
txn_000037_065,in_000037_065,charge,8611,280,8331,2027-05-17
txn_000037_066,in_000037_066,charge,9209,297,8912,2027-06-17
txn_000037_067,in_000037_067,charge,8845,287,8558,2027-07-17
txn_000037_068,in_000037_068,charge,8503,277,8226,2027-08-17
txn_000037_069,in_000037_069,charge,8437,275,8162,2027-09-17
txn_000037_070,in_000037_070,charge,8624,280,8344,2027-10-17
txn_000037_071,in_000037_071,charge,8576,279,8297,2027-11-17
txn_000037_072,in_000037_072,charge,8798,285,8513,2027-12-17
txn_000037_073,in_000037_073,charge,9135,295,8840,2028-01-17
txn_000037_074,in_000037_074,charge,9203,297,8906,2028-02-17
txn_000037_075,in_000037_075,charge,9116,294,8822,2028-03-17
txn_000037_076,in_000037_076,charge,9237,298,8939,2028-04-17
txn_000037_077,in_000037_077,charge,8725,283,8442,2028-05-17
txn_000037_078,in_000037_078,charge,8437,275,8162,2028-06-17
txn_000037_079,in_000037_079,charge,9238,298,8940,2028-07-17
txn_000037_080,in_000037_080,charge,9287,299,8988,2028-08-17
txn_000037_081,in_000037_081,charge,8952,290,8662,2028-09-17
txn_000037_082,in_000037_082,charge,8908,288,8620,2028-10-17
txn_000037_083,in_000037_083,charge,8678,282,8396,2028-11-17
txn_000037_084,in_000037_084,charge,8589,279,8310,2028-12-17
txn_000038_001,in_000038_001,charge,6090,207,5883,2022-01-01
txn_000038_002,in_000038_002,charge,6335,214,6121,2022-02-01
txn_000038_003,in_000038_003,charge,6344,214,6130,2022-03-01
txn_000038_004,in_000038_004,charge,6351,214,6137,2022-04-01
txn_000038_005,in_000038_005,charge,6531,219,6312,2022-05-01
txn_000038_006,in_000038_006,charge,6227,211,6016,2022-06-01
txn_000038_007,in_000038_007,charge,6510,219,6291,2022-07-01
txn_000038_008,in_000038_008,charge,6365,215,6150,2022-08-01
txn_000038_009,in_000038_009,charge,6658,223,6435,2022-09-01
txn_000038_010,in_000038_010,charge,6792,227,6565,2022-10-01
txn_000038_011,in_000038_011,charge,7029,234,6795,2022-11-01
txn_000038_012,in_000038_012,charge,6935,231,6704,2022-12-01
txn_000038_013,in_000038_013,charge,6975,232,6743,2023-01-01
txn_000038_014,in_000038_014,charge,6874,229,6645,2023-02-01
txn_000038_015,in_000038_015,charge,6876,229,6647,2023-03-01
txn_000038_016,in_000038_016,charge,7318,242,7076,2023-04-01
txn_000038_017,in_000038_017,charge,7515,248,7267,2023-05-01
txn_000038_018,in_000038_018,charge,7624,251,7373,2023-06-01
txn_000038_019,in_000038_019,charge,7213,239,6974,2023-07-01
txn_000038_020,in_000038_020,charge,7781,256,7525,2023-08-01
txn_000038_021,in_000038_021,charge,7975,261,7714,2023-09-01
txn_000038_022,in_000038_022,charge,7915,260,7655,2023-10-01
txn_000038_023,in_000038_023,charge,8011,262,7749,2023-11-01
txn_000038_024,in_000038_024,charge,7608,251,7357,2023-12-01
txn_000038_025,in_000038_025,charge,7763,255,7508,2024-01-01
txn_000038_026,in_000038_026,charge,8211,268,7943,2024-02-01
txn_000038_027,in_000038_027,charge,8116,265,7851,2024-03-01
txn_000038_028,in_000038_028,charge,7811,257,7554,2024-04-01
txn_000038_029,in_000038_029,charge,8437,275,8162,2024-05-01
txn_000038_030,in_000038_030,charge,8087,265,7822,2024-06-01
txn_000038_031,in_000038_031,charge,7871,258,7613,2024-07-01
txn_000038_032,in_000038_032,charge,8048,263,7785,2024-08-01
txn_000038_033,in_000038_033,charge,8486,276,8210,2024-09-01
txn_000038_034,in_000038_034,charge,7943,260,7683,2024-10-01
txn_000038_035,in_000038_035,charge,8513,277,8236,2024-11-01
txn_000038_036,in_000038_036,charge,8800,285,8515,2024-12-01
txn_000038_037,in_000038_037,charge,8439,275,8164,2025-01-01
txn_000038_038,in_000038_038,charge,8911,288,8623,2025-02-01
txn_000038_039,in_000038_039,charge,8652,281,8371,2025-03-01
txn_000038_040,in_000038_040,charge,8338,272,8066,2025-04-01
txn_000038_041,in_000038_041,charge,8231,269,7962,2025-05-01
txn_000038_042,in_000038_042,charge,8842,286,8556,2025-06-01
txn_000038_043,in_000038_043,charge,8618,280,8338,2025-07-01
txn_000038_044,in_000038_044,charge,8344,272,8072,2025-08-01
txn_000038_045,in_000038_045,charge,8469,276,8193,2025-09-01
txn_000038_046,in_000038_046,charge,8641,281,8360,2025-10-01
txn_000038_047,in_000038_047,charge,9048,292,8756,2025-11-01
txn_000038_048,in_000038_048,charge,8690,282,8408,2025-12-01
txn_000038_049,in_000038_049,charge,8481,276,8205,2026-01-01
txn_000038_050,in_000038_050,charge,6170,209,5961,2026-02-01
txn_000038_051,in_000038_051,charge,9056,293,8763,2026-03-01
txn_000038_052,in_000038_052,charge,9112,294,8818,2026-04-01
txn_000038_053,in_000038_053,charge,8654,281,8373,2026-05-01
txn_000038_054,in_000038_054,charge,8902,288,8614,2026-06-01
txn_000038_055,in_000038_055,charge,8570,279,8291,2026-07-01
txn_000038_056,in_000038_056,charge,8965,290,8675,2026-08-01
txn_000038_057,in_000038_057,charge,9064,293,8771,2026-09-01
txn_000038_058,in_000038_058,charge,8582,279,8303,2026-10-01
txn_000038_059,in_000038_059,charge,8893,288,8605,2026-11-01
txn_000038_060,in_000038_060,charge,9193,297,8896,2026-12-01
txn_000038_061,in_000038_061,charge,9181,296,8885,2027-01-01
txn_000038_062,in_000038_062,charge,7808,256,7552,2027-02-01
txn_000038_063,in_000038_063,charge,8773,284,8489,2027-03-01
txn_000038_064,in_000038_064,charge,8578,279,8299,2027-04-01
txn_000038_065,in_000038_065,charge,8600,279,8321,2027-05-01
txn_000038_066,in_000038_066,charge,9102,294,8808,2027-06-01
txn_000038_067,in_000038_067,charge,9027,292,8735,2027-07-01
txn_000038_068,in_000038_068,charge,9000,291,8709,2027-08-01
txn_000038_069,in_000038_069,charge,9259,299,8960,2027-09-01
txn_000038_070,in_000038_070,charge,8653,281,8372,2027-10-01
txn_000038_071,in_000038_071,charge,9009,291,8718,2027-11-01
txn_000038_072,in_000038_072,charge,8988,291,8697,2027-12-01
txn_000038_073,in_000038_073,charge,9024,292,8732,2028-01-01
txn_000038_074,in_000038_074,charge,8669,281,8388,2028-02-01
txn_000038_075,in_000038_075,charge,8722,283,8439,2028-03-01
txn_000038_076,in_000038_076,charge,8830,286,8544,2028-04-01
txn_000038_077,in_000038_077,charge,8598,279,8319,2028-05-01
txn_000038_078,in_000038_078,charge,8541,278,8263,2028-06-01
txn_000038_079,in_000038_079,charge,9264,299,8965,2028-07-01
txn_000038_080,in_000038_080,charge,9226,298,8928,2028-08-01
txn_000038_081,in_000038_081,charge,8465,275,8190,2028-09-01
txn_000038_082,in_000038_082,charge,9102,294,8808,2028-10-01
txn_000038_083,in_000038_083,charge,8477,276,8201,2028-11-01
txn_000038_084,in_000038_084,charge,8761,284,8477,2028-12-01
txn_000039_001,in_000039_001,charge,5804,198,5606,2022-01-01
txn_000039_002,in_000039_002,charge,5809,198,5611,2022-02-01
txn_000039_003,in_000039_003,charge,6233,211,6022,2022-03-01
txn_000039_004,in_000039_004,charge,6353,214,6139,2022-04-01
txn_000039_005,in_000039_005,charge,4756,168,4588,2022-05-01
txn_000039_006,in_000039_006,charge,6275,212,6063,2022-06-01
txn_000039_007,in_000039_007,charge,6239,211,6028,2022-07-01
txn_000039_008,in_000039_008,charge,6253,211,6042,2022-08-01
txn_000039_009,in_000039_009,charge,6901,230,6671,2022-09-01
txn_000039_010,in_000039_010,charge,7042,234,6808,2022-10-01
txn_000039_011,in_000039_011,charge,6566,220,6346,2022-11-01
txn_000039_012,in_000039_012,charge,6971,232,6739,2022-12-01
txn_000039_013,in_000039_013,charge,6711,225,6486,2023-01-01
txn_000039_014,in_000039_014,charge,6779,227,6552,2023-02-01
txn_000039_015,in_000039_015,charge,7513,248,7265,2023-03-01
txn_000039_016,in_000039_016,charge,7402,245,7157,2023-04-01
txn_000039_017,in_000039_017,charge,5424,187,5237,2023-05-01
txn_000039_018,in_000039_018,charge,5845,200,5645,2023-06-01
txn_000039_019,in_000039_019,charge,7833,257,7576,2023-07-01
txn_000039_020,in_000039_020,charge,7584,250,7334,2023-08-01
txn_000039_021,in_000039_021,charge,7337,243,7094,2023-09-01
txn_000039_022,in_000039_022,charge,7938,260,7678,2023-10-01
txn_000039_023,in_000039_023,charge,7567,249,7318,2023-11-01
txn_000039_024,in_000039_024,charge,6070,206,5864,2023-12-01
txn_000039_025,in_000039_025,charge,8134,266,7868,2024-01-01
txn_000039_026,in_000039_026,charge,7927,260,7667,2024-02-01
txn_000039_027,in_000039_027,charge,7732,254,7478,2024-03-01
txn_000039_028,in_000039_028,charge,8452,275,8177,2024-04-01
txn_000039_029,in_000039_029,charge,8489,276,8213,2024-05-01
txn_000039_030,in_000039_030,charge,8309,271,8038,2024-06-01
txn_000039_031,in_000039_031,charge,7242,240,7002,2024-07-01
txn_000039_032,in_000039_032,charge,7949,261,7688,2024-08-01
txn_000039_033,in_000039_033,charge,8191,268,7923,2024-09-01
txn_000039_034,in_000039_034,charge,8599,279,8320,2024-10-01
txn_000039_035,in_000039_035,charge,8102,265,7837,2024-11-01
txn_000039_036,in_000039_036,charge,7020,234,6786,2024-12-01
txn_000039_037,in_000039_037,charge,8340,272,8068,2025-01-01
txn_000039_038,in_000039_038,charge,8772,284,8488,2025-02-01
txn_000039_039,in_000039_039,charge,8697,282,8415,2025-03-01
txn_000039_040,in_000039_040,charge,8816,286,8530,2025-04-01
txn_000039_041,in_000039_041,charge,8314,271,8043,2025-05-01
txn_000039_042,in_000039_042,charge,8585,279,8306,2025-06-01
txn_000039_043,in_000039_043,charge,8288,270,8018,2025-07-01
txn_000039_044,in_000039_044,charge,8299,271,8028,2025-08-01
txn_000039_045,in_000039_045,charge,8349,272,8077,2025-09-01
txn_000039_046,in_000039_046,charge,8504,277,8227,2025-10-01
txn_000039_047,in_000039_047,charge,8559,278,8281,2025-11-01
txn_000039_048,in_000039_048,charge,8792,285,8507,2025-12-01
txn_000039_049,in_000039_049,charge,8585,279,8306,2026-01-01
txn_000039_050,in_000039_050,charge,8818,286,8532,2026-02-01
txn_000039_051,in_000039_051,charge,9043,292,8751,2026-03-01
txn_000039_052,in_000039_052,charge,8763,284,8479,2026-04-01
txn_000039_053,in_000039_053,charge,8843,286,8557,2026-05-01
txn_000039_054,in_000039_054,charge,6502,219,6283,2026-06-01
txn_000039_055,in_000039_055,charge,8464,275,8189,2026-07-01
txn_000039_056,in_000039_056,charge,7853,258,7595,2026-08-01
txn_000039_057,in_000039_057,charge,9007,291,8716,2026-09-01
txn_000039_058,in_000039_058,charge,8823,286,8537,2026-10-01
txn_000039_059,in_000039_059,charge,8611,280,8331,2026-11-01
txn_000039_060,in_000039_060,charge,9095,294,8801,2026-12-01
txn_000039_061,in_000039_061,charge,8551,278,8273,2027-01-01
txn_000039_062,in_000039_062,charge,8954,290,8664,2027-02-01
txn_000039_063,in_000039_063,charge,9057,293,8764,2027-03-01
txn_000039_064,in_000039_064,charge,9154,295,8859,2027-04-01
txn_000039_065,in_000039_065,charge,8900,288,8612,2027-05-01
txn_000039_066,in_000039_066,charge,8520,277,8243,2027-06-01
txn_000039_067,in_000039_067,charge,8457,275,8182,2027-07-01
txn_000039_068,in_000039_068,charge,8510,277,8233,2027-08-01
txn_000039_069,in_000039_069,charge,8993,291,8702,2027-09-01
txn_000039_070,in_000039_070,charge,8800,285,8515,2027-10-01
txn_000039_071,in_000039_071,charge,8811,286,8525,2027-11-01
txn_000039_072,in_000039_072,charge,9066,293,8773,2027-12-01
txn_000039_073,in_000039_073,charge,8863,287,8576,2028-01-01
txn_000039_074,in_000039_074,charge,9284,299,8985,2028-02-01
txn_000039_075,in_000039_075,charge,8868,287,8581,2028-03-01
txn_000039_076,in_000039_076,charge,8450,275,8175,2028-04-01
txn_000039_077,in_000039_077,charge,8710,283,8427,2028-05-01
txn_000039_078,in_000039_078,charge,9313,300,9013,2028-06-01
txn_000039_079,in_000039_079,charge,8469,276,8193,2028-07-01
txn_000039_080,in_000039_080,charge,8450,275,8175,2028-08-01
txn_000039_081,in_000039_081,charge,8490,276,8214,2028-09-01
txn_000039_082,in_000039_082,charge,9258,298,8960,2028-10-01
txn_000039_083,in_000039_083,charge,8974,290,8684,2028-11-01
txn_000039_084,in_000039_084,charge,8484,276,8208,2028-12-01
txn_000040_001,in_000040_001,charge,5761,197,5564,2022-01-05
txn_000040_002,in_000040_002,charge,4846,171,4675,2022-02-05
txn_000040_003,in_000040_003,charge,6275,212,6063,2022-03-05
txn_000040_004,in_000040_004,charge,6286,212,6074,2022-04-05
txn_000040_005,in_000040_005,charge,6236,211,6025,2022-05-05
txn_000040_006,in_000040_006,charge,6372,215,6157,2022-06-05
txn_000040_007,in_000040_007,charge,6728,225,6503,2022-07-05
txn_000040_008,in_000040_008,charge,6224,210,6014,2022-08-05
txn_000040_009,in_000040_009,charge,6537,220,6317,2022-09-05
txn_000040_010,in_000040_010,charge,6734,225,6509,2022-10-05
txn_000040_011,in_000040_011,charge,6668,223,6445,2022-11-05
txn_000040_012,in_000040_012,charge,6791,227,6564,2022-12-05
txn_000040_013,in_000040_013,charge,6754,226,6528,2023-01-05
txn_000040_014,in_000040_014,charge,7081,235,6846,2023-02-05
txn_000040_015,in_000040_015,charge,7376,244,7132,2023-03-05
txn_000040_016,in_000040_016,charge,7448,246,7202,2023-04-05
txn_000040_017,in_000040_017,charge,6992,233,6759,2023-05-05
txn_000040_018,in_000040_018,charge,7078,235,6843,2023-06-05
txn_000040_019,in_000040_019,charge,7502,248,7254,2023-07-05
txn_000040_020,in_000040_020,charge,7637,251,7386,2023-08-05
txn_000040_021,in_000040_021,charge,7813,257,7556,2023-09-05
txn_000040_022,in_000040_022,charge,7620,251,7369,2023-10-05
txn_000040_023,in_000040_023,charge,7914,260,7654,2023-11-05
txn_000040_024,in_000040_024,charge,7785,256,7529,2023-12-05
txn_000040_025,in_000040_025,charge,8129,266,7863,2024-01-05
txn_000040_026,in_000040_026,charge,7724,254,7470,2024-02-05
txn_000040_027,in_000040_027,charge,6106,207,5899,2024-03-05
txn_000040_028,in_000040_028,charge,7829,257,7572,2024-04-05
txn_000040_029,in_000040_029,charge,5795,198,5597,2024-05-05
txn_000040_030,in_000040_030,charge,8150,266,7884,2024-06-05
txn_000040_031,in_000040_031,charge,8054,264,7790,2024-07-05
txn_000040_032,in_000040_032,charge,8621,280,8341,2024-08-05
txn_000040_033,in_000040_033,charge,8067,264,7803,2024-09-05
txn_000040_034,in_000040_034,charge,8398,274,8124,2024-10-05
txn_000040_035,in_000040_035,charge,8348,272,8076,2024-11-05
txn_000040_036,in_000040_036,charge,8136,266,7870,2024-12-05
txn_000040_037,in_000040_037,charge,6682,224,6458,2025-01-05
txn_000040_038,in_000040_038,charge,8870,287,8583,2025-02-05
txn_000040_039,in_000040_039,charge,8197,268,7929,2025-03-05
txn_000040_040,in_000040_040,charge,8680,282,8398,2025-04-05
txn_000040_041,in_000040_041,charge,8863,287,8576,2025-05-05
txn_000040_042,in_000040_042,charge,8949,290,8659,2025-06-05
txn_000040_043,in_000040_043,charge,8891,288,8603,2025-07-05
txn_000040_044,in_000040_044,charge,8430,274,8156,2025-08-05
txn_000040_045,in_000040_045,charge,8322,271,8051,2025-09-05
txn_000040_046,in_000040_046,charge,8373,273,8100,2025-10-05
txn_000040_047,in_000040_047,charge,8326,271,8055,2025-11-05
txn_000040_048,in_000040_048,charge,8503,277,8226,2025-12-05
txn_000040_049,in_000040_049,charge,9011,291,8720,2026-01-05
txn_000040_050,in_000040_050,charge,9076,293,8783,2026-02-05
txn_000040_051,in_000040_051,charge,8640,281,8359,2026-03-05
txn_000040_052,in_000040_052,charge,8702,282,8420,2026-04-05
txn_000040_053,in_000040_053,charge,8822,286,8536,2026-05-05
txn_000040_054,in_000040_054,charge,9139,295,8844,2026-06-05
txn_000040_055,in_000040_055,charge,9099,294,8805,2026-07-05
txn_000040_056,in_000040_056,charge,8875,287,8588,2026-08-05
txn_000040_057,in_000040_057,charge,8611,280,8331,2026-09-05
txn_000040_058,in_000040_058,charge,8898,288,8610,2026-10-05
txn_000040_059,in_000040_059,charge,6788,227,6561,2026-11-05
txn_000040_060,in_000040_060,charge,8652,281,8371,2026-12-05
txn_000040_061,in_000040_061,charge,8463,275,8188,2027-01-05
txn_000040_062,in_000040_062,charge,9207,297,8910,2027-02-05
txn_000040_063,in_000040_063,charge,9029,292,8737,2027-03-05
txn_000040_064,in_000040_064,charge,8718,283,8435,2027-04-05
txn_000040_065,in_000040_065,charge,9041,292,8749,2027-05-05
txn_000040_066,in_000040_066,charge,5915,202,5713,2027-06-05
txn_000040_067,in_000040_067,charge,9121,295,8826,2027-07-05
txn_000040_068,in_000040_068,charge,6843,228,6615,2027-08-05
txn_000040_069,in_000040_069,charge,8827,286,8541,2027-09-05
txn_000040_070,in_000040_070,charge,8433,275,8158,2027-10-05
txn_000040_071,in_000040_071,charge,9093,294,8799,2027-11-05
txn_000040_072,in_000040_072,charge,8977,290,8687,2027-12-05
txn_000040_073,in_000040_073,charge,8702,282,8420,2028-01-05
txn_000040_074,in_000040_074,charge,8816,286,8530,2028-02-05
txn_000040_075,in_000040_075,charge,8917,289,8628,2028-03-05
txn_000040_076,in_000040_076,charge,8917,289,8628,2028-04-05
txn_000040_077,in_000040_077,charge,9160,296,8864,2028-05-05
txn_000040_078,in_000040_078,charge,9254,298,8956,2028-06-05
txn_000040_079,in_000040_079,charge,8819,286,8533,2028-07-05
txn_000040_080,in_000040_080,charge,9171,296,8875,2028-08-05
txn_000040_081,in_000040_081,charge,9048,292,8756,2028-09-05
txn_000040_082,in_000040_082,charge,9027,292,8735,2028-10-05
txn_000040_083,in_000040_083,charge,8612,280,8332,2028-11-05
txn_000040_084,in_000040_084,charge,6522,219,6303,2028-12-05
txn_000041_001,in_000041_001,charge,6066,206,5860,2022-01-19
txn_000041_002,in_000041_002,charge,6266,212,6054,2022-02-19
txn_000041_003,in_000041_003,charge,6306,213,6093,2022-03-19
txn_000041_004,in_000041_004,charge,6441,217,6224,2022-04-19
txn_000041_005,in_000041_005,charge,4887,172,4715,2022-05-19
txn_000041_006,in_000041_006,charge,6507,219,6288,2022-06-19
txn_000041_007,in_000041_007,charge,6439,217,6222,2022-07-19
txn_000041_008,in_000041_008,charge,6652,223,6429,2022-08-19
txn_000041_009,in_000041_009,charge,6930,231,6699,2022-09-19
txn_000041_010,in_000041_010,charge,7045,234,6811,2022-10-19
txn_000041_011,in_000041_011,charge,7095,236,6859,2022-11-19
txn_000041_012,in_000041_012,charge,6977,232,6745,2022-12-19
txn_000041_013,in_000041_013,charge,7024,234,6790,2023-01-19
txn_000041_014,in_000041_014,charge,7094,236,6858,2023-02-19
txn_000041_015,in_000041_015,charge,6885,230,6655,2023-03-19
txn_000041_016,in_000041_016,charge,7254,240,7014,2023-04-19
txn_000041_017,in_000041_017,charge,7048,234,6814,2023-05-19
txn_000041_018,in_000041_018,charge,7671,252,7419,2023-06-19
txn_000041_019,in_000041_019,charge,5771,197,5574,2023-07-19
txn_000041_020,in_000041_020,charge,7336,243,7093,2023-08-19
txn_000041_021,in_000041_021,charge,7903,259,7644,2023-09-19
txn_000041_022,in_000041_022,charge,7833,257,7576,2023-10-19
txn_000041_023,in_000041_023,charge,7693,253,7440,2023-11-19
txn_000041_024,in_000041_024,charge,7967,261,7706,2023-12-19
txn_000041_025,in_000041_025,charge,7755,255,7500,2024-01-19
txn_000041_026,in_000041_026,charge,7994,262,7732,2024-02-19
txn_000041_027,in_000041_027,charge,8460,275,8185,2024-03-19
txn_000041_028,in_000041_028,charge,8387,273,8114,2024-04-19
txn_000041_029,in_000041_029,charge,8188,267,7921,2024-05-19
txn_000041_030,in_000041_030,charge,8203,268,7935,2024-06-19
txn_000041_031,in_000041_031,charge,8475,276,8199,2024-07-19
txn_000041_032,in_000041_032,charge,8624,280,8344,2024-08-19
txn_000041_033,in_000041_033,charge,8326,271,8055,2024-09-19
txn_000041_034,in_000041_034,charge,8360,272,8088,2024-10-19
txn_000041_035,in_000041_035,charge,8134,266,7868,2024-11-19
txn_000041_036,in_000041_036,charge,8705,282,8423,2024-12-19
txn_000041_037,in_000041_037,charge,8469,276,8193,2025-01-19
txn_000041_038,in_000041_038,charge,8343,272,8071,2025-02-19
txn_000041_039,in_000041_039,charge,8223,268,7955,2025-03-19
txn_000041_040,in_000041_040,charge,8507,277,8230,2025-04-19
txn_000041_041,in_000041_041,charge,8479,276,8203,2025-05-19
txn_000041_042,in_000041_042,charge,8390,273,8117,2025-06-19
txn_000041_043,in_000041_043,charge,8254,269,7985,2025-07-19
txn_000041_044,in_000041_044,charge,8897,288,8609,2025-08-19
txn_000041_045,in_000041_045,charge,8861,287,8574,2025-09-19
txn_000041_046,in_000041_046,charge,8952,290,8662,2025-10-19
txn_000041_047,in_000041_047,charge,8700,282,8418,2025-11-19
txn_000041_048,in_000041_048,charge,8556,278,8278,2025-12-19
txn_000041_049,in_000041_049,charge,8609,280,8329,2026-01-19
txn_000041_050,in_000041_050,charge,5889,201,5688,2026-02-19
txn_000041_051,in_000041_051,charge,9103,294,8809,2026-03-19
txn_000041_052,in_000041_052,charge,9184,296,8888,2026-04-19
txn_000041_053,in_000041_053,charge,8609,280,8329,2026-05-19
txn_000041_054,in_000041_054,charge,8807,285,8522,2026-06-19
txn_000041_055,in_000041_055,charge,8016,262,7754,2026-07-19
txn_000041_056,in_000041_056,charge,8601,279,8322,2026-08-19
txn_000041_057,in_000041_057,charge,8591,279,8312,2026-09-19
txn_000041_058,in_000041_058,charge,8690,282,8408,2026-10-19
txn_000041_059,in_000041_059,charge,9197,297,8900,2026-11-19
txn_000041_060,in_000041_060,charge,9034,292,8742,2026-12-19
txn_000041_061,in_000041_061,charge,8569,279,8290,2027-01-19
txn_000041_062,in_000041_062,charge,9282,299,8983,2027-02-19
txn_000041_063,in_000041_063,charge,8673,282,8391,2027-03-19
txn_000041_064,in_000041_064,charge,9168,296,8872,2027-04-19
txn_000041_065,in_000041_065,charge,8924,289,8635,2027-05-19
txn_000041_066,in_000041_066,charge,9023,292,8731,2027-06-19
txn_000041_067,in_000041_067,charge,8595,279,8316,2027-07-19
txn_000041_068,in_000041_068,charge,9283,299,8984,2027-08-19
txn_000041_069,in_000041_069,charge,8796,285,8511,2027-09-19
txn_000041_070,in_000041_070,charge,8482,276,8206,2027-10-19
txn_000041_071,in_000041_071,charge,8619,280,8339,2027-11-19
txn_000041_072,in_000041_072,charge,8901,288,8613,2027-12-19
txn_000041_073,in_000041_073,charge,8454,275,8179,2028-01-19
txn_000041_074,in_000041_074,charge,8583,279,8304,2028-02-19
txn_000041_075,in_000041_075,charge,9097,294,8803,2028-03-19
txn_000041_076,in_000041_076,charge,8772,284,8488,2028-04-19
txn_000041_077,in_000041_077,charge,9189,296,8893,2028-05-19
txn_000041_078,in_000041_078,charge,8613,280,8333,2028-06-19
txn_000041_079,in_000041_079,charge,8607,280,8327,2028-07-19
txn_000041_080,in_000041_080,charge,8500,276,8224,2028-08-19
txn_000041_081,in_000041_081,charge,8797,285,8512,2028-09-19
txn_000041_082,in_000041_082,charge,8478,276,8202,2028-10-19
txn_000041_083,in_000041_083,charge,9233,298,8935,2028-11-19
txn_000041_084,in_000041_084,charge,9030,292,8738,2028-12-19
txn_000042_001,in_000042_001,charge,1937,86,1851,2022-01-19
txn_000043_001,in_000043_001,charge,1965,87,1878,2022-01-02
txn_000043_002,in_000043_002,charge,2031,89,1942,2022-02-02
txn_000044_001,in_000044_001,charge,2081,90,1991,2022-01-22
txn_000044_002,in_000044_002,charge,2039,89,1950,2022-02-22
txn_000044_003,in_000044_003,charge,1974,87,1887,2022-03-22
txn_000045_001,in_000045_001,charge,1919,86,1833,2022-01-05
txn_000045_002,in_000045_002,charge,2052,90,1962,2022-02-05
txn_000045_003,in_000045_003,charge,2017,88,1929,2022-03-05
txn_000045_004,in_000045_004,charge,2086,90,1996,2022-04-05
txn_000045_005,in_000045_005,charge,2027,89,1938,2022-05-05
txn_000045_006,in_000045_006,charge,1986,88,1898,2022-06-05
txn_000045_007,in_000045_007,charge,2114,91,2023,2022-07-05
txn_000045_008,in_000045_008,charge,2047,89,1958,2022-08-05
txn_000045_009,in_000045_009,charge,2121,92,2029,2022-09-05
txn_000045_010,in_000045_010,charge,2046,89,1957,2022-10-05
txn_000045_011,in_000045_011,charge,2008,88,1920,2022-11-05
txn_000045_012,in_000045_012,charge,2086,90,1996,2022-12-05
txn_000045_013,in_000045_013,charge,2186,93,2093,2023-01-05
txn_000045_014,in_000045_014,charge,2136,92,2044,2023-02-05
txn_000045_015,in_000045_015,charge,2120,91,2029,2023-03-05
txn_000045_016,in_000045_016,charge,2025,89,1936,2023-04-05
txn_000045_017,in_000045_017,charge,2212,94,2118,2023-05-05
txn_000045_018,in_000045_018,charge,2209,94,2115,2023-06-05
txn_000045_019,in_000045_019,charge,1779,82,1697,2023-07-05
txn_000045_020,in_000045_020,charge,2158,93,2065,2023-08-05
txn_000045_021,in_000045_021,charge,2071,90,1981,2023-09-05
txn_000045_022,in_000045_022,charge,2168,93,2075,2023-10-05
txn_000045_023,in_000045_023,charge,2136,92,2044,2023-11-05
txn_000045_024,in_000045_024,charge,2186,93,2093,2023-12-05
txn_000045_025,in_000045_025,charge,1597,76,1521,2024-01-05
txn_000045_026,in_000045_026,charge,2114,91,2023,2024-02-05
txn_000045_027,in_000045_027,charge,2149,92,2057,2024-03-05
txn_000045_028,in_000045_028,charge,2170,93,2077,2024-04-05
txn_000045_029,in_000045_029,charge,2200,94,2106,2024-05-05
txn_000045_030,in_000045_030,charge,1779,82,1697,2024-06-05
txn_000046_001,in_000046_001,charge,2007,88,1919,2022-01-24
txn_000046_002,in_000046_002,charge,2099,91,2008,2022-02-24
txn_000046_003,in_000046_003,charge,2113,91,2022,2022-03-24
txn_000046_004,in_000046_004,charge,2078,90,1988,2022-04-24
txn_000046_005,in_000046_005,charge,2049,89,1960,2022-05-24
txn_000046_006,in_000046_006,charge,2065,90,1975,2022-06-24
txn_000046_007,in_000046_007,charge,2086,90,1996,2022-07-24
txn_000046_008,in_000046_008,charge,2091,91,2000,2022-08-24
txn_000046_009,in_000046_009,charge,2146,92,2054,2022-09-24
txn_000046_010,in_000046_010,charge,1988,88,1900,2022-10-24
txn_000046_011,in_000046_011,charge,1990,88,1902,2022-11-24
txn_000046_012,in_000046_012,charge,2002,88,1914,2022-12-24
txn_000046_013,in_000046_013,charge,2111,91,2020,2023-01-24
txn_000046_014,in_000046_014,charge,2063,90,1973,2023-02-24
txn_000046_015,in_000046_015,charge,2037,89,1948,2023-03-24
txn_000046_016,in_000046_016,charge,2058,90,1968,2023-04-24
txn_000046_017,in_000046_017,charge,2073,90,1983,2023-05-24
txn_000046_018,in_000046_018,charge,2061,90,1971,2023-06-24
txn_000046_019,in_000046_019,charge,2208,94,2114,2023-07-24
txn_000046_020,in_000046_020,charge,2097,91,2006,2023-08-24
txn_000046_021,in_000046_021,charge,2162,93,2069,2023-09-24
txn_000046_022,in_000046_022,charge,2225,95,2130,2023-10-24
txn_000046_023,in_000046_023,charge,2180,93,2087,2023-11-24
txn_000046_024,in_000046_024,charge,2215,94,2121,2023-12-24
txn_000046_025,in_000046_025,charge,2244,95,2149,2024-01-24
txn_000046_026,in_000046_026,charge,2314,97,2217,2024-02-24
txn_000046_027,in_000046_027,charge,1786,82,1704,2024-03-24
txn_000046_028,in_000046_028,charge,2141,92,2049,2024-04-24
txn_000046_029,in_000046_029,charge,2306,97,2209,2024-05-24
txn_000046_030,in_000046_030,charge,2156,93,2063,2024-06-24
txn_000046_031,in_000046_031,charge,2178,93,2085,2024-07-24
txn_000046_032,in_000046_032,charge,2132,92,2040,2024-08-24
txn_000046_033,in_000046_033,charge,2303,97,2206,2024-09-24
txn_000046_034,in_000046_034,charge,2172,93,2079,2024-10-24
txn_000046_035,in_000046_035,charge,2334,98,2236,2024-11-24
txn_000046_036,in_000046_036,charge,2290,96,2194,2024-12-24
txn_000046_037,in_000046_037,charge,2334,98,2236,2025-01-24
txn_000046_038,in_000046_038,charge,2265,96,2169,2025-02-24
txn_000046_039,in_000046_039,charge,2213,94,2119,2025-03-24
txn_000046_040,in_000046_040,charge,2161,93,2068,2025-04-24
txn_000046_041,in_000046_041,charge,2342,98,2244,2025-05-24
txn_000046_042,in_000046_042,charge,2197,94,2103,2025-06-24
txn_000046_043,in_000046_043,charge,2287,96,2191,2025-07-24
txn_000046_044,in_000046_044,charge,1763,81,1682,2025-08-24
txn_000046_045,in_000046_045,charge,2391,99,2292,2025-09-24
txn_000046_046,in_000046_046,charge,2395,99,2296,2025-10-24
txn_000046_047,in_000046_047,charge,2244,95,2149,2025-11-24
txn_000046_048,in_000046_048,charge,2339,98,2241,2025-12-24
txn_000046_049,in_000046_049,charge,2282,96,2186,2026-01-24
txn_000046_050,in_000046_050,charge,2367,99,2268,2026-02-24
txn_000046_051,in_000046_051,charge,2415,100,2315,2026-03-24
txn_000046_052,in_000046_052,charge,2371,99,2272,2026-04-24
txn_000046_053,in_000046_053,charge,1829,83,1746,2026-05-24
txn_000046_054,in_000046_054,charge,2382,99,2283,2026-06-24
txn_000046_055,in_000046_055,charge,1945,86,1859,2026-07-24
txn_000046_056,in_000046_056,charge,2327,97,2230,2026-08-24
txn_000046_057,in_000046_057,charge,2391,99,2292,2026-09-24
txn_000046_058,in_000046_058,charge,2394,99,2295,2026-10-24
txn_000046_059,in_000046_059,charge,2414,100,2314,2026-11-24
txn_000046_060,in_000046_060,charge,2204,94,2110,2026-12-24
txn_000046_061,in_000046_061,charge,2202,94,2108,2027-01-24
txn_000046_062,in_000046_062,charge,2371,99,2272,2027-02-24
txn_000046_063,in_000046_063,charge,2287,96,2191,2027-03-24
txn_000046_064,in_000046_064,charge,2308,97,2211,2027-04-24
txn_000046_065,in_000046_065,charge,2294,97,2197,2027-05-24
txn_000046_066,in_000046_066,charge,2414,100,2314,2027-06-24
txn_000046_067,in_000046_067,charge,2188,93,2095,2027-07-24
txn_000046_068,in_000046_068,charge,2312,97,2215,2027-08-24
txn_000046_069,in_000046_069,charge,2401,100,2301,2027-09-24
txn_000046_070,in_000046_070,charge,2305,97,2208,2027-10-24
txn_000046_071,in_000046_071,charge,2244,95,2149,2027-11-24
txn_000046_072,in_000046_072,charge,2186,93,2093,2027-12-24
txn_000046_073,in_000046_073,charge,2400,100,2300,2028-01-24
txn_000046_074,in_000046_074,charge,2381,99,2282,2028-02-24
txn_000046_075,in_000046_075,charge,2375,99,2276,2028-03-24
txn_000046_076,in_000046_076,charge,2327,97,2230,2028-04-24
txn_000046_077,in_000046_077,charge,2231,95,2136,2028-05-24
txn_000046_078,in_000046_078,charge,2199,94,2105,2028-06-24
txn_000046_079,in_000046_079,charge,2378,99,2279,2028-07-24
txn_000046_080,in_000046_080,charge,2208,94,2114,2028-08-24
txn_000046_081,in_000046_081,charge,2201,94,2107,2028-09-24
txn_000046_082,in_000046_082,charge,2378,99,2279,2028-10-24
txn_000046_083,in_000046_083,charge,1746,81,1665,2028-11-24
txn_000046_084,in_000046_084,charge,2372,99,2273,2028-12-24
txn_000047_001,in_000047_001,charge,1925,86,1839,2022-01-11
txn_000047_002,in_000047_002,charge,1953,87,1866,2022-02-11
txn_000047_003,in_000047_003,charge,2104,91,2013,2022-03-11
txn_000047_004,in_000047_004,charge,2096,91,2005,2022-04-11
txn_000047_005,in_000047_005,charge,2094,91,2003,2022-05-11
txn_000047_006,in_000047_006,charge,1946,86,1860,2022-06-11
txn_000047_007,in_000047_007,charge,1949,87,1862,2022-07-11
txn_000047_008,in_000047_008,charge,2089,91,1998,2022-08-11
txn_000047_009,in_000047_009,charge,2022,89,1933,2022-09-11
txn_000047_010,in_000047_010,charge,2120,91,2029,2022-10-11
txn_000047_011,in_000047_011,charge,2089,91,1998,2022-11-11
txn_000047_012,in_000047_012,charge,2190,94,2096,2022-12-11
txn_000047_013,in_000047_013,charge,2020,89,1931,2023-01-11
txn_000047_014,in_000047_014,charge,2128,92,2036,2023-02-11
txn_000047_015,in_000047_015,charge,2104,91,2013,2023-03-11
txn_000047_016,in_000047_016,charge,2046,89,1957,2023-04-11
txn_000047_017,in_000047_017,charge,2065,90,1975,2023-05-11
txn_000047_018,in_000047_018,charge,2075,90,1985,2023-06-11
txn_000047_019,in_000047_019,charge,2089,91,1998,2023-07-11
txn_000047_020,in_000047_020,charge,2061,90,1971,2023-08-11
txn_000047_021,in_000047_021,charge,2134,92,2042,2023-09-11
txn_000047_022,in_000047_022,charge,2176,93,2083,2023-10-11
txn_000047_023,in_000047_023,charge,2282,96,2186,2023-11-11
txn_000047_024,in_000047_024,charge,2124,92,2032,2023-12-11
txn_000047_025,in_000047_025,charge,2223,94,2129,2024-01-11
txn_000047_026,in_000047_026,charge,2267,96,2171,2024-02-11
txn_000047_027,in_000047_027,charge,2248,95,2153,2024-03-11
txn_000047_028,in_000047_028,charge,2205,94,2111,2024-04-11
txn_000047_029,in_000047_029,charge,2280,96,2184,2024-05-11
txn_000047_030,in_000047_030,charge,2290,96,2194,2024-06-11
txn_000047_031,in_000047_031,charge,1934,86,1848,2024-07-11
txn_000047_032,in_000047_032,charge,2230,95,2135,2024-08-11
txn_000047_033,in_000047_033,charge,2336,98,2238,2024-09-11
txn_000047_034,in_000047_034,charge,2330,98,2232,2024-10-11
txn_000047_035,in_000047_035,charge,2222,94,2128,2024-11-11
txn_000047_036,in_000047_036,charge,2310,97,2213,2024-12-11
txn_000047_037,in_000047_037,charge,2205,94,2111,2025-01-11
txn_000047_038,in_000047_038,charge,2043,89,1954,2025-02-11
txn_000047_039,in_000047_039,charge,2269,96,2173,2025-03-11
txn_000047_040,in_000047_040,charge,2197,94,2103,2025-04-11
txn_000047_041,in_000047_041,charge,2212,94,2118,2025-05-11
txn_000047_042,in_000047_042,charge,2249,95,2154,2025-06-11
txn_000047_043,in_000047_043,charge,2197,94,2103,2025-07-11
txn_000047_044,in_000047_044,charge,2176,93,2083,2025-08-11
txn_000047_045,in_000047_045,charge,2379,99,2280,2025-09-11
txn_000047_046,in_000047_046,charge,2261,96,2165,2025-10-11
txn_000047_047,in_000047_047,charge,2309,97,2212,2025-11-11
txn_000047_048,in_000047_048,charge,2236,95,2141,2025-12-11
txn_000047_049,in_000047_049,charge,1887,85,1802,2026-01-11
txn_000047_050,in_000047_050,charge,2387,99,2288,2026-02-11
txn_000047_051,in_000047_051,charge,2210,94,2116,2026-03-11
txn_000047_052,in_000047_052,charge,2273,96,2177,2026-04-11
txn_000047_053,in_000047_053,charge,1692,79,1613,2026-05-11
txn_000047_054,in_000047_054,charge,2409,100,2309,2026-06-11
txn_000047_055,in_000047_055,charge,2337,98,2239,2026-07-11
txn_000047_056,in_000047_056,charge,2262,96,2166,2026-08-11
txn_000047_057,in_000047_057,charge,1705,79,1626,2026-09-11
txn_000047_058,in_000047_058,charge,2282,96,2186,2026-10-11
txn_000047_059,in_000047_059,charge,2260,96,2164,2026-11-11
txn_000047_060,in_000047_060,charge,2225,95,2130,2026-12-11
txn_000047_061,in_000047_061,charge,2223,94,2129,2027-01-11
txn_000047_062,in_000047_062,charge,2413,100,2313,2027-02-11
txn_000047_063,in_000047_063,charge,2393,99,2294,2027-03-11
txn_000047_064,in_000047_064,charge,1869,84,1785,2027-04-11
txn_000047_065,in_000047_065,charge,2336,98,2238,2027-05-11
txn_000047_066,in_000047_066,charge,2240,95,2145,2027-06-11
txn_000047_067,in_000047_067,charge,2408,100,2308,2027-07-11
txn_000047_068,in_000047_068,charge,2331,98,2233,2027-08-11
txn_000047_069,in_000047_069,charge,2241,95,2146,2027-09-11
txn_000047_070,in_000047_070,charge,2249,95,2154,2027-10-11
txn_000047_071,in_000047_071,charge,2211,94,2117,2027-11-11
txn_000047_072,in_000047_072,charge,2308,97,2211,2027-12-11
txn_000047_073,in_000047_073,charge,2381,99,2282,2028-01-11
txn_000047_074,in_000047_074,charge,2210,94,2116,2028-02-11
txn_000047_075,in_000047_075,charge,2267,96,2171,2028-03-11
txn_000047_076,in_000047_076,charge,2299,97,2202,2028-04-11
txn_000047_077,in_000047_077,charge,1911,85,1826,2028-05-11
txn_000047_078,in_000047_078,charge,2327,97,2230,2028-06-11
txn_000047_079,in_000047_079,charge,2215,94,2121,2028-07-11
txn_000047_080,in_000047_080,charge,2280,96,2184,2028-08-11
txn_000047_081,in_000047_081,charge,2359,98,2261,2028-09-11
txn_000047_082,in_000047_082,charge,2320,97,2223,2028-10-11
txn_000047_083,in_000047_083,charge,2387,99,2288,2028-11-11
txn_000047_084,in_000047_084,charge,2211,94,2117,2028-12-11
txn_000048_001,in_000048_001,charge,1986,88,1898,2022-01-01
txn_000048_002,in_000048_002,charge,2059,90,1969,2022-02-01
txn_000048_003,in_000048_003,charge,1930,86,1844,2022-03-01
txn_000048_004,in_000048_004,charge,2075,90,1985,2022-04-01
txn_000048_005,in_000048_005,charge,2074,90,1984,2022-05-01
txn_000048_006,in_000048_006,charge,2079,90,1989,2022-06-01
txn_000048_007,in_000048_007,charge,1986,88,1898,2022-07-01
txn_000048_008,in_000048_008,charge,2105,91,2014,2022-08-01
txn_000048_009,in_000048_009,charge,2092,91,2001,2022-09-01
txn_000048_010,in_000048_010,charge,2071,90,1981,2022-10-01
txn_000048_011,in_000048_011,charge,2115,91,2024,2022-11-01
txn_000048_012,in_000048_012,charge,2015,88,1927,2022-12-01
txn_000048_013,in_000048_013,charge,1408,71,1337,2023-01-01
txn_000048_014,in_000048_014,charge,2108,91,2017,2023-02-01
txn_000048_015,in_000048_015,charge,2070,90,1980,2023-03-01
txn_000048_016,in_000048_016,charge,2075,90,1985,2023-04-01
txn_000048_017,in_000048_017,charge,2090,91,1999,2023-05-01
txn_000048_018,in_000048_018,charge,1671,78,1593,2023-06-01
txn_000048_019,in_000048_019,charge,2101,91,2010,2023-07-01
txn_000048_020,in_000048_020,charge,2222,94,2128,2023-08-01
txn_000048_021,in_000048_021,charge,2069,90,1979,2023-09-01
txn_000048_022,in_000048_022,charge,2289,96,2193,2023-10-01
txn_000048_023,in_000048_023,charge,2141,92,2049,2023-11-01
txn_000048_024,in_000048_024,charge,2125,92,2033,2023-12-01
txn_000048_025,in_000048_025,charge,1784,82,1702,2024-01-01
txn_000048_026,in_000048_026,charge,2226,95,2131,2024-02-01
txn_000048_027,in_000048_027,charge,2297,97,2200,2024-03-01
txn_000048_028,in_000048_028,charge,2188,93,2095,2024-04-01
txn_000048_029,in_000048_029,charge,2154,92,2062,2024-05-01
txn_000048_030,in_000048_030,charge,2134,92,2042,2024-06-01
txn_000048_031,in_000048_031,charge,2138,92,2046,2024-07-01
txn_000048_032,in_000048_032,charge,2302,97,2205,2024-08-01
txn_000048_033,in_000048_033,charge,2349,98,2251,2024-09-01
txn_000048_034,in_000048_034,charge,2307,97,2210,2024-10-01
txn_000048_035,in_000048_035,charge,2344,98,2246,2024-11-01
txn_000048_036,in_000048_036,charge,2342,98,2244,2024-12-01
txn_000048_037,in_000048_037,charge,2259,96,2163,2025-01-01
txn_000048_038,in_000048_038,charge,2196,94,2102,2025-02-01
txn_000048_039,in_000048_039,charge,2375,99,2276,2025-03-01
txn_000048_040,in_000048_040,charge,2198,94,2104,2025-04-01
txn_000048_041,in_000048_041,charge,2250,95,2155,2025-05-01
txn_000048_042,in_000048_042,charge,2373,99,2274,2025-06-01
txn_000048_043,in_000048_043,charge,2315,97,2218,2025-07-01
txn_000048_044,in_000048_044,charge,2243,95,2148,2025-08-01
txn_000048_045,in_000048_045,charge,2222,94,2128,2025-09-01
txn_000048_046,in_000048_046,charge,2398,100,2298,2025-10-01
txn_000048_047,in_000048_047,charge,2248,95,2153,2025-11-01
txn_000048_048,in_000048_048,charge,2289,96,2193,2025-12-01
txn_000048_049,in_000048_049,charge,2251,95,2156,2026-01-01
txn_000048_050,in_000048_050,charge,2311,97,2214,2026-02-01
txn_000048_051,in_000048_051,charge,2303,97,2206,2026-03-01
txn_000048_052,in_000048_052,charge,2401,100,2301,2026-04-01
txn_000048_053,in_000048_053,charge,2392,99,2293,2026-05-01
txn_000048_054,in_000048_054,charge,2328,98,2230,2026-06-01
txn_000048_055,in_000048_055,charge,2261,96,2165,2026-07-01
txn_000048_056,in_000048_056,charge,2246,95,2151,2026-08-01
txn_000048_057,in_000048_057,charge,2288,96,2192,2026-09-01
txn_000048_058,in_000048_058,charge,2247,95,2152,2026-10-01
txn_000048_059,in_000048_059,charge,2197,94,2103,2026-11-01
txn_000048_060,in_000048_060,charge,2344,98,2246,2026-12-01
txn_000048_061,in_000048_061,charge,2236,95,2141,2027-01-01
txn_000048_062,in_000048_062,charge,2185,93,2092,2027-02-01
txn_000048_063,in_000048_063,charge,2194,94,2100,2027-03-01
txn_000048_064,in_000048_064,charge,2414,100,2314,2027-04-01
txn_000048_065,in_000048_065,charge,2234,95,2139,2027-05-01
txn_000048_066,in_000048_066,charge,2292,96,2196,2027-06-01
txn_000048_067,in_000048_067,charge,2370,99,2271,2027-07-01
txn_000048_068,in_000048_068,charge,2214,94,2120,2027-08-01
txn_000048_069,in_000048_069,charge,2385,99,2286,2027-09-01
txn_000048_070,in_000048_070,charge,2210,94,2116,2027-10-01
txn_000048_071,in_000048_071,charge,2221,94,2127,2027-11-01
txn_000048_072,in_000048_072,charge,2396,99,2297,2027-12-01
txn_000048_073,in_000048_073,charge,2204,94,2110,2028-01-01
txn_000048_074,in_000048_074,charge,2279,96,2183,2028-02-01
txn_000048_075,in_000048_075,charge,2263,96,2167,2028-03-01
txn_000048_076,in_000048_076,charge,2248,95,2153,2028-04-01
txn_000048_077,in_000048_077,charge,1903,85,1818,2028-05-01
txn_000048_078,in_000048_078,charge,2337,98,2239,2028-06-01
txn_000048_079,in_000048_079,charge,2211,94,2117,2028-07-01
txn_000048_080,in_000048_080,charge,2203,94,2109,2028-08-01
txn_000048_081,in_000048_081,charge,1797,82,1715,2028-09-01
txn_000048_082,in_000048_082,charge,2355,98,2257,2028-10-01
txn_000048_083,in_000048_083,charge,2265,96,2169,2028-11-01
txn_000048_084,in_000048_084,charge,2289,96,2193,2028-12-01
txn_000049_001,in_000049_001,charge,2046,89,1957,2022-01-22
txn_000049_002,in_000049_002,charge,1955,87,1868,2022-02-22
txn_000049_003,in_000049_003,charge,2085,90,1995,2022-03-22
txn_000049_004,in_000049_004,charge,2054,90,1964,2022-04-22
txn_000049_005,in_000049_005,charge,2022,89,1933,2022-05-22
txn_000049_006,in_000049_006,charge,2089,91,1998,2022-06-22
txn_000049_007,in_000049_007,charge,2029,89,1940,2022-07-22
txn_000049_008,in_000049_008,charge,2024,89,1935,2022-08-22
txn_000049_009,in_000049_009,charge,2018,89,1929,2022-09-22
txn_000049_010,in_000049_010,charge,2055,90,1965,2022-10-22
txn_000049_011,in_000049_011,charge,2048,89,1959,2022-11-22
txn_000049_012,in_000049_012,charge,2037,89,1948,2022-12-22
txn_000049_013,in_000049_013,charge,2184,93,2091,2023-01-22
txn_000049_014,in_000049_014,charge,2045,89,1956,2023-02-22
txn_000049_015,in_000049_015,charge,2137,92,2045,2023-03-22
txn_000049_016,in_000049_016,charge,2053,90,1963,2023-04-22
txn_000049_017,in_000049_017,charge,2146,92,2054,2023-05-22
txn_000049_018,in_000049_018,charge,2170,93,2077,2023-06-22
txn_000049_019,in_000049_019,charge,2119,91,2028,2023-07-22
txn_000049_020,in_000049_020,charge,2112,91,2021,2023-08-22
txn_000049_021,in_000049_021,charge,2153,92,2061,2023-09-22
txn_000049_022,in_000049_022,charge,2273,96,2177,2023-10-22
txn_000049_023,in_000049_023,charge,2133,92,2041,2023-11-22
txn_000049_024,in_000049_024,charge,2254,95,2159,2023-12-22
txn_000049_025,in_000049_025,charge,2105,91,2014,2024-01-22
txn_000049_026,in_000049_026,charge,2240,95,2145,2024-02-22
txn_000049_027,in_000049_027,charge,2153,92,2061,2024-03-22
txn_000049_028,in_000049_028,charge,2171,93,2078,2024-04-22
txn_000049_029,in_000049_029,charge,2120,91,2029,2024-05-22
txn_000049_030,in_000049_030,charge,2254,95,2159,2024-06-22
txn_000049_031,in_000049_031,charge,2145,92,2053,2024-07-22
txn_000049_032,in_000049_032,charge,2244,95,2149,2024-08-22
txn_000049_033,in_000049_033,charge,2238,95,2143,2024-09-22
txn_000049_034,in_000049_034,charge,2256,95,2161,2024-10-22
txn_000049_035,in_000049_035,charge,2361,98,2263,2024-11-22
txn_000049_036,in_000049_036,charge,2353,98,2255,2024-12-22
txn_000049_037,in_000049_037,charge,2261,96,2165,2025-01-22
txn_000049_038,in_000049_038,charge,2265,96,2169,2025-02-22
txn_000049_039,in_000049_039,charge,2215,94,2121,2025-03-22
txn_000049_040,in_000049_040,charge,2286,96,2190,2025-04-22
txn_000049_041,in_000049_041,charge,2321,97,2224,2025-05-22
txn_000049_042,in_000049_042,charge,1827,83,1744,2025-06-22
txn_000049_043,in_000049_043,charge,2167,93,2074,2025-07-22
txn_000049_044,in_000049_044,charge,2267,96,2171,2025-08-22
txn_000049_045,in_000049_045,charge,2235,95,2140,2025-09-22
txn_000049_046,in_000049_046,charge,2246,95,2151,2025-10-22
txn_000049_047,in_000049_047,charge,2389,99,2290,2025-11-22
txn_000049_048,in_000049_048,charge,2404,100,2304,2025-12-22
txn_000049_049,in_000049_049,charge,2258,95,2163,2026-01-22
txn_000049_050,in_000049_050,charge,2216,94,2122,2026-02-22
txn_000049_051,in_000049_051,charge,1942,86,1856,2026-03-22
txn_000049_052,in_000049_052,charge,2405,100,2305,2026-04-22
txn_000049_053,in_000049_053,charge,2227,95,2132,2026-05-22
txn_000049_054,in_000049_054,charge,2295,97,2198,2026-06-22
txn_000049_055,in_000049_055,charge,2359,98,2261,2026-07-22
txn_000049_056,in_000049_056,charge,1803,82,1721,2026-08-22
txn_000049_057,in_000049_057,charge,2372,99,2273,2026-09-22
txn_000049_058,in_000049_058,charge,2279,96,2183,2026-10-22
txn_000049_059,in_000049_059,charge,2285,96,2189,2026-11-22
txn_000049_060,in_000049_060,charge,2304,97,2207,2026-12-22
txn_000049_061,in_000049_061,charge,2302,97,2205,2027-01-22
txn_000049_062,in_000049_062,charge,1947,86,1861,2027-02-22
txn_000049_063,in_000049_063,charge,2300,97,2203,2027-03-22
txn_000049_064,in_000049_064,charge,2312,97,2215,2027-04-22
txn_000049_065,in_000049_065,charge,2248,95,2153,2027-05-22
txn_000049_066,in_000049_066,charge,2347,98,2249,2027-06-22
txn_000049_067,in_000049_067,charge,2277,96,2181,2027-07-22
txn_000049_068,in_000049_068,charge,2280,96,2184,2027-08-22
txn_000049_069,in_000049_069,charge,2394,99,2295,2027-09-22
txn_000049_070,in_000049_070,charge,2254,95,2159,2027-10-22
txn_000049_071,in_000049_071,charge,2355,98,2257,2027-11-22
txn_000049_072,in_000049_072,charge,2375,99,2276,2027-12-22
txn_000049_073,in_000049_073,charge,2187,93,2094,2028-01-22
txn_000049_074,in_000049_074,charge,2221,94,2127,2028-02-22
txn_000049_075,in_000049_075,charge,2283,96,2187,2028-03-22
txn_000049_076,in_000049_076,charge,2284,96,2188,2028-04-22
txn_000049_077,in_000049_077,charge,2254,95,2159,2028-05-22
txn_000049_078,in_000049_078,charge,2336,98,2238,2028-06-22
txn_000049_079,in_000049_079,charge,2363,99,2264,2028-07-22
txn_000049_080,in_000049_080,charge,2353,98,2255,2028-08-22
txn_000049_081,in_000049_081,charge,2214,94,2120,2028-09-22
txn_000049_082,in_000049_082,charge,2403,100,2303,2028-10-22
txn_000049_083,in_000049_083,charge,1967,87,1880,2028-11-22
txn_000049_084,in_000049_084,charge,2301,97,2204,2028-12-22
